horizon,PICP_mean,PICP_median,frac_within_0.05
1,0.903453983125859,0.9026952147833338,0.9722222222222222
3,0.9049196650094807,0.9099944027321664,0.9166666666666666
7,0.9087653721764545,0.913022375746251,0.8888888888888888
