horizon,PICP_mean,PICP_median,frac_within_0.05
1,0.9041232349141791,0.9074585635359116,0.9298245614035088
3,0.9093372910762632,0.9122028353326064,0.9122807017543859
7,0.9122020915348407,0.9135918432883751,0.8596491228070176
