delta_scale,h1,h3,h7
0.4,0.6034054160118103,1.2029696702957153,1.5330357551574707
1.0,0.6081416010856628,1.2020708322525024,1.502667784690857
1.5,0.6089014410972595,1.2063108682632446,1.4871320724487305
