model,horizon,PICP,MPIW,CRPS,BRIER_SKILL,AUPRC
ThermoRoute,1,0.9041895604395604,2.0222301587262064,0.24514824037142166,0.7445787064779937,0.9230496584780781
ThermoRoute,3,0.9105689983093829,4.27327622012255,0.503580359798191,0.603763100817748,0.8154093721683282
ThermoRoute,7,0.9123388630600169,5.454604258477163,0.6307504383385922,0.5142806814761147,0.7415843122696488
LightGBM,1,0.9048284089090618,1.9855227650335139,0.2377534645073229,0.7324168933823143,0.9184304307054728
LightGBM,3,0.9058091893473807,4.218673195547149,0.49931468576490495,0.5738069495856502,0.7948206898480175
LightGBM,7,0.9065245315891273,5.309071436945151,0.6246354965299487,0.4982347957471134,0.7230679271266965
