model,horizon,PICP,MPIW,CRPS,BRIER_SKILL,AUPRC
ThermoRoute,1,0.9040326491029578,1.8617450501859496,0.23016934505110218,0.29560688597105367,0.5697272589010549
ThermoRoute,3,0.9055277194116697,3.762822711245442,0.4542002477176217,0.2542486153921253,0.5141350165959483
ThermoRoute,7,0.9094876353644739,4.84378947024972,0.5702801915766837,0.2420606782478727,0.4882358502060264
LightGBM,1,0.8998879503533873,1.903427865333304,0.2302510025086512,0.3343580990910454,0.622973606910966
LightGBM,3,0.8885180529669282,3.7707128983970883,0.4636128737058449,0.2981572200319077,0.5699436587146225
LightGBM,7,0.8846607540740093,4.72380342765478,0.5807941847241161,0.28374554317827094,0.5483003075255406
