delta_scale,split,seed,h1_val,h3_val,h7_val,mean_val
2.0,val,1,0.6348243355751038,1.3150179386138916,1.7551507949829102,1.2349976897239685
