delta_scale,split,seed,h1_val,h3_val,h7_val,mean_val
1.5,val,2,0.622600793838501,1.3014980554580688,1.746711015701294,1.2236032883326213
