delta_scale,split,seed,h1_val,h3_val,h7_val,mean_val
2.0,val,2,0.6194285750389099,1.3114945888519287,1.7591533660888672,1.2300255099932353
