delta_scale,split,h1_val,h3_val,h7_val,mean_val
1.5,val,0.6405191421508789,1.3298356533050537,1.7352490425109863,1.2352012793223064
2.0,val,0.6271311044692993,1.3320752382278442,1.738752841949463,1.232653061548869
