delta_scale,split,seed,h1_val,h3_val,h7_val,mean_val
1.0,val,2,0.6234670877456665,1.304978609085083,1.750968098640442,1.2264712651570637
