delta_scale,split,seed,h1_val,h3_val,h7_val,mean_val
1.5,val,1,0.6273778080940247,1.3115818500518799,1.7546292543411255,1.2311963041623433
