delta_scale,split,seed,h1_val,h3_val,h7_val,mean_val
1.0,val,1,0.6305376291275024,1.3133316040039062,1.7272435426712036,1.2237042586008708
