delta_scale,split,h1_val,h3_val,h7_val,mean_val
0.4,val,0.6444477438926697,1.3222757577896118,1.7609496116638184,1.2425577044487
1.0,val,0.6299777626991272,1.3202588558197021,1.7438206672668457,1.231352428595225
