{"data_quality":{"longest_missing_run_by_field":{"DH":{"maximum_days":1,"stations_with_any_missing":120,"worst_legacy_site_id":"n00"},"FLOW":{"maximum_days":1369,"stations_with_any_missing":24,"worst_legacy_site_id":"n57"},"PRCP":{"maximum_days":1,"stations_with_any_missing":120,"worst_legacy_site_id":"n00"},"RHMEAN":{"maximum_days":1,"stations_with_any_missing":120,"worst_legacy_site_id":"n00"},"TEMP":{"maximum_days":1,"stations_with_any_missing":120,"worst_legacy_site_id":"n00"},"WDSP":{"maximum_days":0,"stations_with_any_missing":0,"worst_legacy_site_id":"n00"},"WLEVEL":{"maximum_days":5479,"stations_with_any_missing":120,"worst_legacy_site_id":"n00"},"WTEMP":{"maximum_days":2404,"stations_with_any_missing":119,"worst_legacy_site_id":"n52"}},"measurement_provenance_limit":{"interpretation":"The frozen development panel preserves daily values and missingness, but it cannot support qualifier-, method-, or sensor-continuity sensitivity analyses and does not reconstruct missing raw provenance.","nwis_method_or_sensor_history_retained":false,"nwis_qualifier_columns_retained":false,"original_development_nwis_http_responses_retained":false},"missingness_by_split":{"calibration_2018":{"missing_fraction":{"DH":0.0,"FLOW":0.001050228310502283,"PRCP":0.0,"RHMEAN":0.0,"TEMP":0.0,"WDSP":0.0,"WLEVEL":0.7697488584474886,"WTEMP":0.03472602739726027},"observed_count":{"DH":43800,"FLOW":43754,"PRCP":43800,"RHMEAN":43800,"TEMP":43800,"WDSP":43800,"WLEVEL":10085,"WTEMP":42279},"row_count":43800},"development_2019_2020":{"missing_fraction":{"DH":0.0013679890560875513,"FLOW":0.0007067943456452348,"PRCP":0.0013679890560875513,"RHMEAN":0.0013679890560875513,"TEMP":0.0013679890560875513,"WDSP":0.0,"WLEVEL":0.7684336525307798,"WTEMP":0.02392840857273142},"observed_count":{"DH":87600,"FLOW":87658,"PRCP":87600,"RHMEAN":87600,"TEMP":87600,"WDSP":87720,"WLEVEL":20313,"WTEMP":85621},"row_count":87720},"train_2006_2015":{"missing_fraction":{"DH":0.000547645125958379,"FLOW":0.040623859072654256,"PRCP":0.000547645125958379,"RHMEAN":0.000547645125958379,"TEMP":0.000547645125958379,"WDSP":0.0,"WLEVEL":0.77953860898138,"WTEMP":0.22041347207009857},"observed_count":{"DH":438000,"FLOW":420437,"PRCP":438000,"RHMEAN":438000,"TEMP":438000,"WDSP":438240,"WLEVEL":96615,"WTEMP":341646},"row_count":438240},"validation_2016_2017":{"missing_fraction":{"DH":0.0013679890560875513,"FLOW":0.005768353853169175,"PRCP":0.0013679890560875513,"RHMEAN":0.0013679890560875513,"TEMP":0.0013679890560875513,"WDSP":0.0,"WLEVEL":0.7730050159598724,"WTEMP":0.0415640674874601},"observed_count":{"DH":87600,"FLOW":87214,"PRCP":87600,"RHMEAN":87600,"TEMP":87600,"WDSP":87720,"WLEVEL":19912,"WTEMP":84074},"row_count":87720}},"negative_flow":{"interpretation":"Signed values are preserved numerically; they may reflect tidal/backwater or measurement semantics and cannot automatically be called drought.","minimum_cfs":-121.0,"row_count":2059,"station_count":2},"wlevel_missing_fraction":0.7765331264829348},"fixed_scope_limits":["HUC2 is a coarse grouping, not an independent river-network component.","Nearby or repeated-HUC stations are not independent reaches.","One 2021-2023 target interval cannot establish long-term climate generalization.","Station-coordinate meteorology is not an upstream catchment average.","The legacy development panel lacks NWIS qualifier, method, sensor-history, and original-response provenance needed to audit measurement discontinuities.","Daily mean WTEMP cannot establish daily-maximum, 7DADM, species, or regulatory risk."],"format":"thermoroute.development-environmental-audit.v1","geography":{"drainage_area":{"finite_count":116,"max":522500.0,"median":275.5,"min":0.41},"huc2_count":15,"huc2_station_counts":{"1":5,"10":7,"11":4,"12":5,"14":8,"16":3,"17":26,"18":3,"2":13,"3":14,"4":10,"5":10,"6":2,"7":8,"9":2},"nearest_station_distance_km":{"median":53.85601723110851,"minimum":0.7518401199511872,"stations_with_neighbor_within_10km":19},"regulation_keyword_is_only_a_heuristic":true,"state_count":34,"state_station_counts":{"AL":2,"AR":1,"AZ":1,"CA":2,"CO":5,"FL":2,"GA":9,"IA":1,"ID":3,"IN":2,"KY":1,"MA":3,"MI":6,"MN":1,"MO":2,"MS":1,"MT":2,"NC":1,"ND":2,"NH":2,"NJ":3,"NV":2,"NY":4,"OH":1,"OK":1,"OR":15,"PA":12,"SC":1,"TX":6,"UT":4,"WA":7,"WI":8,"WV":2,"WY":5},"station_name_regulation_keyword_count":10,"stations_in_repeated_huc_code_groups":38,"unique_huc_code_count":97},"inputs":{"panel":{"path":"panel_usgs_120v2.parquet","sha256":"0427a07ea4514ba29ce7d0cf89594e6c35c7f9134cc4d1d96fdc90daeaf5ba69"},"registry":{"path":"station_registry_v1.csv","sha256":"090e7c0daf39ac38ceefeb1af8a12c178283e18347905d8e72ada969ad5460c9"},"rejected":{"path":"rejected_sites_120v2.csv","sha256":"bca746a03c41b4ca1112d02260c43f60faf82cf567aa4c5da31b5d98fddae6d6"}},"panel":{"daily_calendar_complete_for_every_station":true,"end":"2020-12-31","row_count":657480,"start":"2006-01-01","station_count":120},"post_2020_values_read":false,"selection":{"interpretation":"Availability-enriched convenience cohort, not a probability sample or a nationally representative sample of U.S. rivers.","recorded_rejection_count":1345,"recorded_rejection_reason_counts_corrected":{"low 2019-2020 development-evaluation-period coverage":19,"low full-period coverage":376,"no NWIS WTEMP+FLOW":950},"rejected_coverage":{"flow_cov":{"finite_count":395,"max":1.0,"median":0.999,"min":0.013},"flow_cov_test":{"finite_count":395,"max":1.0,"median":1.0,"min":0.0},"wtemp_cov":{"finite_count":395,"max":0.995,"median":0.216,"min":0.0},"wtemp_cov_test":{"finite_count":395,"max":1.0,"median":0.424,"min":0.0}},"retained_coverage":{"flow_cov":{"finite_count":120,"max":1.0,"median":1.0,"min":0.75},"flow_cov_test":{"finite_count":120,"max":1.0,"median":1.0,"min":0.952},"wtemp_cov":{"finite_count":120,"max":1.0,"median":0.8765000000000001,"min":0.561},"wtemp_cov_test":{"finite_count":120,"max":1.0,"median":0.993,"min":0.803}},"retained_station_count":120},"status":"DESCRIPTIVE_PREOPEN_AUDIT_NO_POST_2020_DATA"}
