candidate,reference,horizon,site_id,effect
DampedPriorOnly,Persistence,1,01073319,-0.03667574064133983
DampedPriorOnly,Persistence,1,01104415,-0.06894257489451627
DampedPriorOnly,Persistence,1,01104455,-0.03176224634687608
DampedPriorOnly,Persistence,1,01104475,-0.032099102435260485
DampedPriorOnly,Persistence,1,01129500,-0.035587098446097754
DampedPriorOnly,Persistence,1,01400500,-0.03788850744838612
DampedPriorOnly,Persistence,1,01408029,-0.049884856351413154
DampedPriorOnly,Persistence,1,01425000,-0.01024625046112232
DampedPriorOnly,Persistence,1,01426500,-0.0311763552589992
DampedPriorOnly,Persistence,1,01427207,-0.036133305048474895
DampedPriorOnly,Persistence,1,01428500,-0.028571608114503433
DampedPriorOnly,Persistence,1,01463500,-0.02328808269738558
DampedPriorOnly,Persistence,1,01480617,-0.045249202476816075
DampedPriorOnly,Persistence,1,01540500,-0.022500831877334537
DampedPriorOnly,Persistence,1,01542500,-0.033137904869637635
DampedPriorOnly,Persistence,1,01549700,-0.03172278829225961
DampedPriorOnly,Persistence,1,02110701,-0.0353132924665438
DampedPriorOnly,Persistence,1,02176930,-0.03650318753421966
DampedPriorOnly,Persistence,1,02266300,-0.015677008967620698
DampedPriorOnly,Persistence,1,02330450,-0.03964546372242783
DampedPriorOnly,Persistence,1,02334430,0.011655495820799777
DampedPriorOnly,Persistence,1,02334885,-0.03014452476200491
DampedPriorOnly,Persistence,1,02336120,-0.04018839349070413
DampedPriorOnly,Persistence,1,02336300,-0.04174546811298363
DampedPriorOnly,Persistence,1,02336728,0.07552007281048179
DampedPriorOnly,Persistence,1,02397000,-0.020109050377539295
DampedPriorOnly,Persistence,1,02455980,-0.04377879560964981
DampedPriorOnly,Persistence,1,02458450,-0.03883534658282084
DampedPriorOnly,Persistence,1,02474560,-0.012819011612816178
DampedPriorOnly,Persistence,1,03007800,-0.036397260047078994
DampedPriorOnly,Persistence,1,03034000,-0.03939325330759558
DampedPriorOnly,Persistence,1,03036000,-0.022498454493977804
DampedPriorOnly,Persistence,1,03047000,-0.02209261220529657
DampedPriorOnly,Persistence,1,03077500,-0.024067439090607323
DampedPriorOnly,Persistence,1,03105500,-0.03187426024929929
DampedPriorOnly,Persistence,1,03106000,-0.03994600957999017
DampedPriorOnly,Persistence,1,03301900,-0.046446079549593566
DampedPriorOnly,Persistence,1,03353200,-0.04767793983724111
DampedPriorOnly,Persistence,1,03456991,-0.036910176783673476
DampedPriorOnly,Persistence,1,04027000,-0.0413509309668626
DampedPriorOnly,Persistence,1,04043238,-0.040704384561588314
DampedPriorOnly,Persistence,1,04043244,-0.043454042617758426
DampedPriorOnly,Persistence,1,04067500,-0.032405840532488184
DampedPriorOnly,Persistence,1,04077630,-0.03728459911316573
DampedPriorOnly,Persistence,1,04124200,-0.037882095317869485
DampedPriorOnly,Persistence,1,04125460,-0.026434099538171663
DampedPriorOnly,Persistence,1,04137005,-0.02785623312695512
DampedPriorOnly,Persistence,1,04176500,-0.025545417894023092
DampedPriorOnly,Persistence,1,04208000,-0.035249303265876386
DampedPriorOnly,Persistence,1,05054000,-0.04313929548463946
DampedPriorOnly,Persistence,1,05057000,-0.03472285521411356
DampedPriorOnly,Persistence,1,05289800,-0.03852520360948053
DampedPriorOnly,Persistence,1,05331833,-0.04063101286455795
DampedPriorOnly,Persistence,1,05370000,-0.028259559797521483
DampedPriorOnly,Persistence,1,05382255,-0.029364144396262226
DampedPriorOnly,Persistence,1,05382257,-0.10389604371648642
DampedPriorOnly,Persistence,1,05406457,-0.03659630238907319
DampedPriorOnly,Persistence,1,05458300,-0.029040930197960613
DampedPriorOnly,Persistence,1,05517000,-0.0271616116543415
DampedPriorOnly,Persistence,1,06036805,-0.041554132372722985
DampedPriorOnly,Persistence,1,06036905,-0.04201000636278884
DampedPriorOnly,Persistence,1,06036940,-0.0026255179467313816
DampedPriorOnly,Persistence,1,06041000,-0.023845309073122767
DampedPriorOnly,Persistence,1,06623800,-0.039911266257648514
DampedPriorOnly,Persistence,1,06894000,-0.03302914266100698
DampedPriorOnly,Persistence,1,06934500,-0.03623194530695045
DampedPriorOnly,Persistence,1,07106000,-0.08107547789708924
DampedPriorOnly,Persistence,1,07178200,-0.021400667434593013
DampedPriorOnly,Persistence,1,07194880,-0.044600342608005494
DampedPriorOnly,Persistence,1,07332622,-0.04281668517551229
DampedPriorOnly,Persistence,1,08048000,-0.019799364368151995
DampedPriorOnly,Persistence,1,08052700,-0.06877466732495607
DampedPriorOnly,Persistence,1,08065350,-0.017117320251598733
DampedPriorOnly,Persistence,1,08070200,-0.015377993193984585
DampedPriorOnly,Persistence,1,08123850,-0.04030086211188255
DampedPriorOnly,Persistence,1,09136100,-0.026791429433491554
DampedPriorOnly,Persistence,1,09144250,-0.02119326635773322
DampedPriorOnly,Persistence,1,09149500,-0.039435280670333195
DampedPriorOnly,Persistence,1,09163500,-0.024378204687284355
DampedPriorOnly,Persistence,1,09180000,-0.026308755185962762
DampedPriorOnly,Persistence,1,09261000,-0.02528269387765536
DampedPriorOnly,Persistence,1,09302000,-0.025866597164448946
DampedPriorOnly,Persistence,1,09380000,0.010787332465512
DampedPriorOnly,Persistence,1,10129900,-0.023916317314894853
DampedPriorOnly,Persistence,1,10301500,-0.03189729643922301
DampedPriorOnly,Persistence,1,10351600,-0.016503535282208603
DampedPriorOnly,Persistence,1,11262900,-0.03625828876401038
DampedPriorOnly,Persistence,1,11467000,-0.009976567377316947
DampedPriorOnly,Persistence,1,11507500,-0.022605146741516924
DampedPriorOnly,Persistence,1,12056500,-0.01156934723978692
DampedPriorOnly,Persistence,1,12115000,-0.008793531874676686
DampedPriorOnly,Persistence,1,12117600,-0.009560057314044523
DampedPriorOnly,Persistence,1,12210700,-0.021760860564356777
DampedPriorOnly,Persistence,1,12212050,-0.012871923946851327
DampedPriorOnly,Persistence,1,12213100,-0.02347529149989913
DampedPriorOnly,Persistence,1,12363000,-0.015594867782585287
DampedPriorOnly,Persistence,1,12398600,-0.034669957795405104
DampedPriorOnly,Persistence,1,13018350,-0.03808225982318425
DampedPriorOnly,Persistence,1,13154500,-0.009404917359429499
DampedPriorOnly,Persistence,1,13317660,-0.027730143753147696
DampedPriorOnly,Persistence,1,13342500,-0.012560357791244592
DampedPriorOnly,Persistence,1,14091500,-0.027031956042447347
DampedPriorOnly,Persistence,1,14150800,-0.018587705319138226
DampedPriorOnly,Persistence,1,14151000,-0.005709215781976695
DampedPriorOnly,Persistence,1,14152000,-0.008923287529395807
DampedPriorOnly,Persistence,1,14153500,-0.013045860677159848
DampedPriorOnly,Persistence,1,14154500,-0.013837372477046528
DampedPriorOnly,Persistence,1,14159500,-0.009111869697209174
DampedPriorOnly,Persistence,1,14161500,-0.013536816660412065
DampedPriorOnly,Persistence,1,14179000,-0.012205734271301782
DampedPriorOnly,Persistence,1,14185000,-0.01710624108180414
DampedPriorOnly,Persistence,1,14210000,-0.014219333588694927
DampedPriorOnly,Persistence,1,14211499,-0.02366640962886124
DampedPriorOnly,Persistence,1,14211500,-0.024159998385496206
DampedPriorOnly,Persistence,1,14320934,-0.007393227901423938
DampedPriorOnly,Persistence,1,255534081324000,-0.036518988062917646
DampedPriorOnly,Persistence,3,01073319,-0.24487429926185045
DampedPriorOnly,Persistence,3,01104415,-0.31518265572417814
DampedPriorOnly,Persistence,3,01104455,-0.13836201483123123
DampedPriorOnly,Persistence,3,01104475,-0.20376474487392704
DampedPriorOnly,Persistence,3,01129500,-0.2356078024889341
DampedPriorOnly,Persistence,3,01400500,-0.24759271135220562
DampedPriorOnly,Persistence,3,01408029,-0.32159990209123857
DampedPriorOnly,Persistence,3,01425000,-0.054461379191177994
DampedPriorOnly,Persistence,3,01426500,-0.13846542633492476
DampedPriorOnly,Persistence,3,01427207,-0.22314467390325166
DampedPriorOnly,Persistence,3,01428500,-0.18973130744426348
DampedPriorOnly,Persistence,3,01463500,-0.14739922710076647
DampedPriorOnly,Persistence,3,01480617,-0.2875453048056469
DampedPriorOnly,Persistence,3,01540500,-0.1602369995182651
DampedPriorOnly,Persistence,3,01542500,-0.23998139588769307
DampedPriorOnly,Persistence,3,01549700,-0.23042087889269047
DampedPriorOnly,Persistence,3,02110701,-0.280560288264718
DampedPriorOnly,Persistence,3,02176930,-0.24367493726510614
DampedPriorOnly,Persistence,3,02266300,-0.18972192812279776
DampedPriorOnly,Persistence,3,02330450,-0.26015652987891036
DampedPriorOnly,Persistence,3,02334430,0.07319442325175984
DampedPriorOnly,Persistence,3,02334885,-0.2286882900163203
DampedPriorOnly,Persistence,3,02336120,-0.27940417156854913
DampedPriorOnly,Persistence,3,02336300,-0.28867188755146556
DampedPriorOnly,Persistence,3,02336728,0.2286929814382952
DampedPriorOnly,Persistence,3,02397000,-0.13171555492918996
DampedPriorOnly,Persistence,3,02455980,-0.2587877999875108
DampedPriorOnly,Persistence,3,02458450,-0.23305924811000045
DampedPriorOnly,Persistence,3,02474560,-0.13892313174122317
DampedPriorOnly,Persistence,3,03007800,-0.2496599843027716
DampedPriorOnly,Persistence,3,03034000,-0.2674024534643622
DampedPriorOnly,Persistence,3,03036000,-0.12065481956731916
DampedPriorOnly,Persistence,3,03047000,-0.1310936888109493
DampedPriorOnly,Persistence,3,03077500,-0.10947409024495114
DampedPriorOnly,Persistence,3,03105500,-0.209823039187788
DampedPriorOnly,Persistence,3,03106000,-0.2872601879299519
DampedPriorOnly,Persistence,3,03301900,-0.2911626067973654
DampedPriorOnly,Persistence,3,03353200,-0.3019455820019217
DampedPriorOnly,Persistence,3,03456991,-0.22293843702668203
DampedPriorOnly,Persistence,3,04027000,-0.25016548389755155
DampedPriorOnly,Persistence,3,04043238,-0.24915976154535446
DampedPriorOnly,Persistence,3,04043244,-0.2400905033674685
DampedPriorOnly,Persistence,3,04067500,-0.1665985421050542
DampedPriorOnly,Persistence,3,04077630,-0.23890558608568258
DampedPriorOnly,Persistence,3,04124200,-0.14461184055903703
DampedPriorOnly,Persistence,3,04125460,-0.19689586801291137
DampedPriorOnly,Persistence,3,04137005,-0.12494347780579351
DampedPriorOnly,Persistence,3,04176500,-0.1504544963451644
DampedPriorOnly,Persistence,3,04208000,-0.2476501776183604
DampedPriorOnly,Persistence,3,05054000,-0.17704098494779374
DampedPriorOnly,Persistence,3,05057000,-0.1999942826409422
DampedPriorOnly,Persistence,3,05289800,-0.19334159031725173
DampedPriorOnly,Persistence,3,05331833,-0.23946254843544512
DampedPriorOnly,Persistence,3,05370000,-0.14518502022917668
DampedPriorOnly,Persistence,3,05382255,-0.18268717229417808
DampedPriorOnly,Persistence,3,05382257,-0.399603795886595
DampedPriorOnly,Persistence,3,05406457,-0.1701682937413107
DampedPriorOnly,Persistence,3,05458300,-0.20089001710006937
DampedPriorOnly,Persistence,3,05517000,-0.24186400178155076
DampedPriorOnly,Persistence,3,06036805,-0.2143470854178593
DampedPriorOnly,Persistence,3,06036905,-0.27566987655747965
DampedPriorOnly,Persistence,3,06036940,-0.0827999898270626
DampedPriorOnly,Persistence,3,06041000,-0.13226539490893208
DampedPriorOnly,Persistence,3,06623800,-0.17949864660138282
DampedPriorOnly,Persistence,3,06894000,-0.21841601560908463
DampedPriorOnly,Persistence,3,06934500,-0.14942851848782146
DampedPriorOnly,Persistence,3,07106000,-0.4140471887439672
DampedPriorOnly,Persistence,3,07178200,-0.1468417305584513
DampedPriorOnly,Persistence,3,07194880,-0.1997707817159735
DampedPriorOnly,Persistence,3,07332622,-0.30775163029006025
DampedPriorOnly,Persistence,3,08048000,-0.14126062600408362
DampedPriorOnly,Persistence,3,08052700,-0.4350744334486376
DampedPriorOnly,Persistence,3,08065350,-0.12042253667558
DampedPriorOnly,Persistence,3,08070200,-0.1707070392500052
DampedPriorOnly,Persistence,3,08123850,-0.3708402386614349
DampedPriorOnly,Persistence,3,09136100,-0.13800398716637785
DampedPriorOnly,Persistence,3,09144250,-0.12306831134767227
DampedPriorOnly,Persistence,3,09149500,-0.20434587130499082
DampedPriorOnly,Persistence,3,09163500,-0.13351842573817518
DampedPriorOnly,Persistence,3,09180000,-0.16878312247811422
DampedPriorOnly,Persistence,3,09261000,-0.1561370386783345
DampedPriorOnly,Persistence,3,09302000,-0.1567457581348335
DampedPriorOnly,Persistence,3,09380000,0.04866075993981145
DampedPriorOnly,Persistence,3,10129900,-0.13199654172789788
DampedPriorOnly,Persistence,3,10301500,-0.23694571811914478
DampedPriorOnly,Persistence,3,10351600,-0.15414288486985672
DampedPriorOnly,Persistence,3,11262900,-0.22800582672813152
DampedPriorOnly,Persistence,3,11467000,-0.09235427062307378
DampedPriorOnly,Persistence,3,11507500,-0.14008244325168273
DampedPriorOnly,Persistence,3,12056500,-0.060023904475707046
DampedPriorOnly,Persistence,3,12115000,-0.04595428427968873
DampedPriorOnly,Persistence,3,12117600,-0.05602177437303202
DampedPriorOnly,Persistence,3,12210700,-0.12536443720317902
DampedPriorOnly,Persistence,3,12212050,-0.09996826507091883
DampedPriorOnly,Persistence,3,12213100,-0.1404358050288872
DampedPriorOnly,Persistence,3,12363000,-0.08844920326893213
DampedPriorOnly,Persistence,3,12398600,-0.13105536887260594
DampedPriorOnly,Persistence,3,13018350,-0.23107760917774378
DampedPriorOnly,Persistence,3,13154500,-0.053900650857579446
DampedPriorOnly,Persistence,3,13317660,-0.12143582233925698
DampedPriorOnly,Persistence,3,13342500,-0.08934843593795183
DampedPriorOnly,Persistence,3,14091500,-0.133538220603013
DampedPriorOnly,Persistence,3,14150800,-0.13633556225403098
DampedPriorOnly,Persistence,3,14151000,-0.03997718836858777
DampedPriorOnly,Persistence,3,14152000,-0.049062567307383786
DampedPriorOnly,Persistence,3,14153500,-0.05598537096151068
DampedPriorOnly,Persistence,3,14154500,-0.10748838464187083
DampedPriorOnly,Persistence,3,14159500,-0.04686295672946372
DampedPriorOnly,Persistence,3,14161500,-0.0784262913390188
DampedPriorOnly,Persistence,3,14179000,-0.07627676652491444
DampedPriorOnly,Persistence,3,14185000,-0.11439344577243271
DampedPriorOnly,Persistence,3,14210000,-0.06992135319253157
DampedPriorOnly,Persistence,3,14211499,-0.1729981224192938
DampedPriorOnly,Persistence,3,14211500,-0.18306519502236074
DampedPriorOnly,Persistence,3,14320934,-0.08525074582740721
DampedPriorOnly,Persistence,3,255534081324000,-0.2759147438325218
DampedPriorOnly,Persistence,7,01073319,-0.6863765945779494
DampedPriorOnly,Persistence,7,01104415,-0.48925837625899504
DampedPriorOnly,Persistence,7,01104455,-0.3233101369028284
DampedPriorOnly,Persistence,7,01104475,-0.33417999194236114
DampedPriorOnly,Persistence,7,01129500,-0.6081207077597544
DampedPriorOnly,Persistence,7,01400500,-0.6744257274926682
DampedPriorOnly,Persistence,7,01408029,-0.6364748811942547
DampedPriorOnly,Persistence,7,01425000,-0.1613701242339618
DampedPriorOnly,Persistence,7,01426500,-0.27198991452572785
DampedPriorOnly,Persistence,7,01427207,-0.5989215188544883
DampedPriorOnly,Persistence,7,01428500,-0.5943583142878945
DampedPriorOnly,Persistence,7,01463500,-0.5077910911552153
DampedPriorOnly,Persistence,7,01480617,-0.5979439352408353
DampedPriorOnly,Persistence,7,01540500,-0.5502866967501008
DampedPriorOnly,Persistence,7,01542500,-0.6737060612631058
DampedPriorOnly,Persistence,7,01549700,-0.6658905351425557
DampedPriorOnly,Persistence,7,02110701,-0.6800383947902309
DampedPriorOnly,Persistence,7,02176930,-0.5289475257118892
DampedPriorOnly,Persistence,7,02266300,-0.3899077030029845
DampedPriorOnly,Persistence,7,02330450,-0.5374139154239514
DampedPriorOnly,Persistence,7,02334430,0.22209245875236255
DampedPriorOnly,Persistence,7,02334885,-0.5649991958709402
DampedPriorOnly,Persistence,7,02336120,-0.6394071919953781
DampedPriorOnly,Persistence,7,02336300,-0.6564647839188393
DampedPriorOnly,Persistence,7,02336728,0.5841510605327696
DampedPriorOnly,Persistence,7,02397000,-0.411857272567945
DampedPriorOnly,Persistence,7,02455980,-0.5266879165224378
DampedPriorOnly,Persistence,7,02458450,-0.5092287572190792
DampedPriorOnly,Persistence,7,02474560,-0.4849813016582263
DampedPriorOnly,Persistence,7,03007800,-0.6320411402138326
DampedPriorOnly,Persistence,7,03034000,-0.6389277374533182
DampedPriorOnly,Persistence,7,03036000,-0.43140062153646186
DampedPriorOnly,Persistence,7,03047000,-0.4584207081856888
DampedPriorOnly,Persistence,7,03077500,-0.3674151676938161
DampedPriorOnly,Persistence,7,03105500,-0.5734047130466
DampedPriorOnly,Persistence,7,03106000,-0.7489239755751145
DampedPriorOnly,Persistence,7,03301900,-0.5334651727129889
DampedPriorOnly,Persistence,7,03353200,-0.7279205328040823
DampedPriorOnly,Persistence,7,03456991,-0.545561579126189
DampedPriorOnly,Persistence,7,04027000,-0.7006194064458731
DampedPriorOnly,Persistence,7,04043238,-0.6314513823820875
DampedPriorOnly,Persistence,7,04043244,-0.5866770154180343
DampedPriorOnly,Persistence,7,04067500,-0.5702306256958622
DampedPriorOnly,Persistence,7,04077630,-0.6987443931285722
DampedPriorOnly,Persistence,7,04124200,-0.4141898831611234
DampedPriorOnly,Persistence,7,04125460,-0.5148522399853646
DampedPriorOnly,Persistence,7,04137005,-0.4202555214009607
DampedPriorOnly,Persistence,7,04176500,-0.52557998312172
DampedPriorOnly,Persistence,7,04208000,-0.6824574489696764
DampedPriorOnly,Persistence,7,05054000,-0.5673536060199984
DampedPriorOnly,Persistence,7,05057000,-0.6584658368752883
DampedPriorOnly,Persistence,7,05289800,-0.63796479508673
DampedPriorOnly,Persistence,7,05331833,-0.6053077608912716
DampedPriorOnly,Persistence,7,05370000,-0.49602107213454416
DampedPriorOnly,Persistence,7,05382255,-0.5337391741233375
DampedPriorOnly,Persistence,7,05382257,-0.6585157568107245
DampedPriorOnly,Persistence,7,05406457,-0.30613603994191907
DampedPriorOnly,Persistence,7,05458300,-0.6645704395531351
DampedPriorOnly,Persistence,7,05517000,-0.6694474365070957
DampedPriorOnly,Persistence,7,06036805,-0.41816322548519835
DampedPriorOnly,Persistence,7,06036905,-0.5101024847710365
DampedPriorOnly,Persistence,7,06036940,-0.17211437068134394
DampedPriorOnly,Persistence,7,06041000,-0.44503972547071924
DampedPriorOnly,Persistence,7,06623800,-0.4933050332181631
DampedPriorOnly,Persistence,7,06894000,-0.6838153688692956
DampedPriorOnly,Persistence,7,06934500,-0.48094418018516194
DampedPriorOnly,Persistence,7,07106000,-0.707108160823184
DampedPriorOnly,Persistence,7,07178200,-0.492787898847042
DampedPriorOnly,Persistence,7,07194880,-0.42548877965510146
DampedPriorOnly,Persistence,7,07332622,-0.7718906398814518
DampedPriorOnly,Persistence,7,08048000,-0.4566376027250971
DampedPriorOnly,Persistence,7,08052700,-0.9775909525686726
DampedPriorOnly,Persistence,7,08065350,-0.45205310584758873
DampedPriorOnly,Persistence,7,08070200,-0.5817514545168536
DampedPriorOnly,Persistence,7,08123850,-0.8487492357564443
DampedPriorOnly,Persistence,7,09136100,-0.3035743938512603
DampedPriorOnly,Persistence,7,09144250,-0.31680817050893495
DampedPriorOnly,Persistence,7,09149500,-0.41960276185082845
DampedPriorOnly,Persistence,7,09163500,-0.44145343151778804
DampedPriorOnly,Persistence,7,09180000,-0.4702546929989113
DampedPriorOnly,Persistence,7,09261000,-0.5019875669127818
DampedPriorOnly,Persistence,7,09302000,-0.47660715653431307
DampedPriorOnly,Persistence,7,09380000,0.18134403091398532
DampedPriorOnly,Persistence,7,10129900,-0.3558497511017322
DampedPriorOnly,Persistence,7,10301500,-0.5954979951480193
DampedPriorOnly,Persistence,7,10351600,-0.40011670525427134
DampedPriorOnly,Persistence,7,11262900,-0.5422844475402633
DampedPriorOnly,Persistence,7,11467000,-0.29069003448357944
DampedPriorOnly,Persistence,7,11507500,-0.4772601738399036
DampedPriorOnly,Persistence,7,12056500,-0.19230941645010957
DampedPriorOnly,Persistence,7,12115000,-0.14941843906385932
DampedPriorOnly,Persistence,7,12117600,-0.16272156158106144
DampedPriorOnly,Persistence,7,12210700,-0.32222200418639035
DampedPriorOnly,Persistence,7,12212050,-0.27599111446236657
DampedPriorOnly,Persistence,7,12213100,-0.3036014828110707
DampedPriorOnly,Persistence,7,12363000,-0.25586768901196755
DampedPriorOnly,Persistence,7,12398600,-0.4026620806622627
DampedPriorOnly,Persistence,7,13018350,-0.5053288499097295
DampedPriorOnly,Persistence,7,13154500,-0.18483299562889877
DampedPriorOnly,Persistence,7,13317660,-0.4143463093354799
DampedPriorOnly,Persistence,7,13342500,-0.2729709461270744
DampedPriorOnly,Persistence,7,14091500,-0.22183272003703758
DampedPriorOnly,Persistence,7,14150800,-0.3863196869908019
DampedPriorOnly,Persistence,7,14151000,-0.13681953044284212
DampedPriorOnly,Persistence,7,14152000,-0.16996593156043194
DampedPriorOnly,Persistence,7,14153500,-0.18506533783780144
DampedPriorOnly,Persistence,7,14154500,-0.33207106235179795
DampedPriorOnly,Persistence,7,14159500,-0.1661258074235944
DampedPriorOnly,Persistence,7,14161500,-0.2498406819146386
DampedPriorOnly,Persistence,7,14179000,-0.18687821457226805
DampedPriorOnly,Persistence,7,14185000,-0.339066027153033
DampedPriorOnly,Persistence,7,14210000,-0.24512221827874292
DampedPriorOnly,Persistence,7,14211499,-0.46142931044193514
DampedPriorOnly,Persistence,7,14211500,-0.5056647215542858
DampedPriorOnly,Persistence,7,14320934,-0.2657845545844011
DampedPriorOnly,Persistence,7,255534081324000,-0.6270291087926894
DampedPriorOnly,DampedPersistence,1,01073319,0.0
DampedPriorOnly,DampedPersistence,1,01104415,0.0
DampedPriorOnly,DampedPersistence,1,01104455,0.0
DampedPriorOnly,DampedPersistence,1,01104475,0.0
DampedPriorOnly,DampedPersistence,1,01129500,0.0
DampedPriorOnly,DampedPersistence,1,01400500,0.0
DampedPriorOnly,DampedPersistence,1,01408029,0.0
DampedPriorOnly,DampedPersistence,1,01425000,0.0
DampedPriorOnly,DampedPersistence,1,01426500,0.0
DampedPriorOnly,DampedPersistence,1,01427207,0.0
DampedPriorOnly,DampedPersistence,1,01428500,0.0
DampedPriorOnly,DampedPersistence,1,01463500,0.0
DampedPriorOnly,DampedPersistence,1,01480617,0.0
DampedPriorOnly,DampedPersistence,1,01540500,0.0
DampedPriorOnly,DampedPersistence,1,01542500,0.0
DampedPriorOnly,DampedPersistence,1,01549700,0.0
DampedPriorOnly,DampedPersistence,1,02110701,0.0
DampedPriorOnly,DampedPersistence,1,02176930,0.0
DampedPriorOnly,DampedPersistence,1,02266300,0.0
DampedPriorOnly,DampedPersistence,1,02330450,0.0
DampedPriorOnly,DampedPersistence,1,02334430,0.0
DampedPriorOnly,DampedPersistence,1,02334885,0.0
DampedPriorOnly,DampedPersistence,1,02336120,0.0
DampedPriorOnly,DampedPersistence,1,02336300,0.0
DampedPriorOnly,DampedPersistence,1,02336728,0.0
DampedPriorOnly,DampedPersistence,1,02397000,0.0
DampedPriorOnly,DampedPersistence,1,02455980,0.0
DampedPriorOnly,DampedPersistence,1,02458450,0.0
DampedPriorOnly,DampedPersistence,1,02474560,0.0
DampedPriorOnly,DampedPersistence,1,03007800,0.0
DampedPriorOnly,DampedPersistence,1,03034000,0.0
DampedPriorOnly,DampedPersistence,1,03036000,0.0
DampedPriorOnly,DampedPersistence,1,03047000,0.0
DampedPriorOnly,DampedPersistence,1,03077500,0.0
DampedPriorOnly,DampedPersistence,1,03105500,0.0
DampedPriorOnly,DampedPersistence,1,03106000,0.0
DampedPriorOnly,DampedPersistence,1,03301900,0.0
DampedPriorOnly,DampedPersistence,1,03353200,0.0
DampedPriorOnly,DampedPersistence,1,03456991,0.0
DampedPriorOnly,DampedPersistence,1,04027000,0.0
DampedPriorOnly,DampedPersistence,1,04043238,0.0
DampedPriorOnly,DampedPersistence,1,04043244,0.0
DampedPriorOnly,DampedPersistence,1,04067500,0.0
DampedPriorOnly,DampedPersistence,1,04077630,0.0
DampedPriorOnly,DampedPersistence,1,04124200,0.0
DampedPriorOnly,DampedPersistence,1,04125460,0.0
DampedPriorOnly,DampedPersistence,1,04137005,0.0
DampedPriorOnly,DampedPersistence,1,04176500,0.0
DampedPriorOnly,DampedPersistence,1,04208000,0.0
DampedPriorOnly,DampedPersistence,1,05054000,0.0
DampedPriorOnly,DampedPersistence,1,05057000,0.0
DampedPriorOnly,DampedPersistence,1,05289800,0.0
DampedPriorOnly,DampedPersistence,1,05331833,0.0
DampedPriorOnly,DampedPersistence,1,05370000,0.0
DampedPriorOnly,DampedPersistence,1,05382255,0.0
DampedPriorOnly,DampedPersistence,1,05382257,0.0
DampedPriorOnly,DampedPersistence,1,05406457,0.0
DampedPriorOnly,DampedPersistence,1,05458300,0.0
DampedPriorOnly,DampedPersistence,1,05517000,0.0
DampedPriorOnly,DampedPersistence,1,06036805,0.0
DampedPriorOnly,DampedPersistence,1,06036905,0.0
DampedPriorOnly,DampedPersistence,1,06036940,0.0
DampedPriorOnly,DampedPersistence,1,06041000,0.0
DampedPriorOnly,DampedPersistence,1,06623800,0.0
DampedPriorOnly,DampedPersistence,1,06894000,0.0
DampedPriorOnly,DampedPersistence,1,06934500,0.0
DampedPriorOnly,DampedPersistence,1,07106000,0.0
DampedPriorOnly,DampedPersistence,1,07178200,0.0
DampedPriorOnly,DampedPersistence,1,07194880,0.0
DampedPriorOnly,DampedPersistence,1,07332622,0.0
DampedPriorOnly,DampedPersistence,1,08048000,0.0
DampedPriorOnly,DampedPersistence,1,08052700,0.0
DampedPriorOnly,DampedPersistence,1,08065350,0.0
DampedPriorOnly,DampedPersistence,1,08070200,0.0
DampedPriorOnly,DampedPersistence,1,08123850,0.0
DampedPriorOnly,DampedPersistence,1,09136100,0.0
DampedPriorOnly,DampedPersistence,1,09144250,0.0
DampedPriorOnly,DampedPersistence,1,09149500,0.0
DampedPriorOnly,DampedPersistence,1,09163500,0.0
DampedPriorOnly,DampedPersistence,1,09180000,0.0
DampedPriorOnly,DampedPersistence,1,09261000,0.0
DampedPriorOnly,DampedPersistence,1,09302000,0.0
DampedPriorOnly,DampedPersistence,1,09380000,0.0
DampedPriorOnly,DampedPersistence,1,10129900,0.0
DampedPriorOnly,DampedPersistence,1,10301500,0.0
DampedPriorOnly,DampedPersistence,1,10351600,0.0
DampedPriorOnly,DampedPersistence,1,11262900,0.0
DampedPriorOnly,DampedPersistence,1,11467000,0.0
DampedPriorOnly,DampedPersistence,1,11507500,0.0
DampedPriorOnly,DampedPersistence,1,12056500,0.0
DampedPriorOnly,DampedPersistence,1,12115000,0.0
DampedPriorOnly,DampedPersistence,1,12117600,0.0
DampedPriorOnly,DampedPersistence,1,12210700,0.0
DampedPriorOnly,DampedPersistence,1,12212050,0.0
DampedPriorOnly,DampedPersistence,1,12213100,0.0
DampedPriorOnly,DampedPersistence,1,12363000,0.0
DampedPriorOnly,DampedPersistence,1,12398600,0.0
DampedPriorOnly,DampedPersistence,1,13018350,0.0
DampedPriorOnly,DampedPersistence,1,13154500,0.0
DampedPriorOnly,DampedPersistence,1,13317660,0.0
DampedPriorOnly,DampedPersistence,1,13342500,0.0
DampedPriorOnly,DampedPersistence,1,14091500,0.0
DampedPriorOnly,DampedPersistence,1,14150800,0.0
DampedPriorOnly,DampedPersistence,1,14151000,0.0
DampedPriorOnly,DampedPersistence,1,14152000,0.0
DampedPriorOnly,DampedPersistence,1,14153500,0.0
DampedPriorOnly,DampedPersistence,1,14154500,0.0
DampedPriorOnly,DampedPersistence,1,14159500,0.0
DampedPriorOnly,DampedPersistence,1,14161500,0.0
DampedPriorOnly,DampedPersistence,1,14179000,0.0
DampedPriorOnly,DampedPersistence,1,14185000,0.0
DampedPriorOnly,DampedPersistence,1,14210000,0.0
DampedPriorOnly,DampedPersistence,1,14211499,0.0
DampedPriorOnly,DampedPersistence,1,14211500,0.0
DampedPriorOnly,DampedPersistence,1,14320934,0.0
DampedPriorOnly,DampedPersistence,1,255534081324000,0.0
DampedPriorOnly,DampedPersistence,3,01073319,0.0
DampedPriorOnly,DampedPersistence,3,01104415,0.0
DampedPriorOnly,DampedPersistence,3,01104455,0.0
DampedPriorOnly,DampedPersistence,3,01104475,0.0
DampedPriorOnly,DampedPersistence,3,01129500,0.0
DampedPriorOnly,DampedPersistence,3,01400500,0.0
DampedPriorOnly,DampedPersistence,3,01408029,0.0
DampedPriorOnly,DampedPersistence,3,01425000,0.0
DampedPriorOnly,DampedPersistence,3,01426500,0.0
DampedPriorOnly,DampedPersistence,3,01427207,0.0
DampedPriorOnly,DampedPersistence,3,01428500,0.0
DampedPriorOnly,DampedPersistence,3,01463500,0.0
DampedPriorOnly,DampedPersistence,3,01480617,0.0
DampedPriorOnly,DampedPersistence,3,01540500,0.0
DampedPriorOnly,DampedPersistence,3,01542500,0.0
DampedPriorOnly,DampedPersistence,3,01549700,0.0
DampedPriorOnly,DampedPersistence,3,02110701,0.0
DampedPriorOnly,DampedPersistence,3,02176930,0.0
DampedPriorOnly,DampedPersistence,3,02266300,0.0
DampedPriorOnly,DampedPersistence,3,02330450,0.0
DampedPriorOnly,DampedPersistence,3,02334430,0.0
DampedPriorOnly,DampedPersistence,3,02334885,0.0
DampedPriorOnly,DampedPersistence,3,02336120,0.0
DampedPriorOnly,DampedPersistence,3,02336300,0.0
DampedPriorOnly,DampedPersistence,3,02336728,0.0
DampedPriorOnly,DampedPersistence,3,02397000,0.0
DampedPriorOnly,DampedPersistence,3,02455980,0.0
DampedPriorOnly,DampedPersistence,3,02458450,0.0
DampedPriorOnly,DampedPersistence,3,02474560,0.0
DampedPriorOnly,DampedPersistence,3,03007800,0.0
DampedPriorOnly,DampedPersistence,3,03034000,0.0
DampedPriorOnly,DampedPersistence,3,03036000,0.0
DampedPriorOnly,DampedPersistence,3,03047000,0.0
DampedPriorOnly,DampedPersistence,3,03077500,0.0
DampedPriorOnly,DampedPersistence,3,03105500,0.0
DampedPriorOnly,DampedPersistence,3,03106000,0.0
DampedPriorOnly,DampedPersistence,3,03301900,0.0
DampedPriorOnly,DampedPersistence,3,03353200,0.0
DampedPriorOnly,DampedPersistence,3,03456991,0.0
DampedPriorOnly,DampedPersistence,3,04027000,0.0
DampedPriorOnly,DampedPersistence,3,04043238,0.0
DampedPriorOnly,DampedPersistence,3,04043244,0.0
DampedPriorOnly,DampedPersistence,3,04067500,0.0
DampedPriorOnly,DampedPersistence,3,04077630,0.0
DampedPriorOnly,DampedPersistence,3,04124200,0.0
DampedPriorOnly,DampedPersistence,3,04125460,0.0
DampedPriorOnly,DampedPersistence,3,04137005,0.0
DampedPriorOnly,DampedPersistence,3,04176500,0.0
DampedPriorOnly,DampedPersistence,3,04208000,0.0
DampedPriorOnly,DampedPersistence,3,05054000,0.0
DampedPriorOnly,DampedPersistence,3,05057000,0.0
DampedPriorOnly,DampedPersistence,3,05289800,0.0
DampedPriorOnly,DampedPersistence,3,05331833,0.0
DampedPriorOnly,DampedPersistence,3,05370000,0.0
DampedPriorOnly,DampedPersistence,3,05382255,0.0
DampedPriorOnly,DampedPersistence,3,05382257,0.0
DampedPriorOnly,DampedPersistence,3,05406457,0.0
DampedPriorOnly,DampedPersistence,3,05458300,0.0
DampedPriorOnly,DampedPersistence,3,05517000,0.0
DampedPriorOnly,DampedPersistence,3,06036805,0.0
DampedPriorOnly,DampedPersistence,3,06036905,0.0
DampedPriorOnly,DampedPersistence,3,06036940,0.0
DampedPriorOnly,DampedPersistence,3,06041000,0.0
DampedPriorOnly,DampedPersistence,3,06623800,0.0
DampedPriorOnly,DampedPersistence,3,06894000,0.0
DampedPriorOnly,DampedPersistence,3,06934500,0.0
DampedPriorOnly,DampedPersistence,3,07106000,0.0
DampedPriorOnly,DampedPersistence,3,07178200,0.0
DampedPriorOnly,DampedPersistence,3,07194880,0.0
DampedPriorOnly,DampedPersistence,3,07332622,0.0
DampedPriorOnly,DampedPersistence,3,08048000,0.0
DampedPriorOnly,DampedPersistence,3,08052700,0.0
DampedPriorOnly,DampedPersistence,3,08065350,0.0
DampedPriorOnly,DampedPersistence,3,08070200,0.0
DampedPriorOnly,DampedPersistence,3,08123850,0.0
DampedPriorOnly,DampedPersistence,3,09136100,0.0
DampedPriorOnly,DampedPersistence,3,09144250,0.0
DampedPriorOnly,DampedPersistence,3,09149500,0.0
DampedPriorOnly,DampedPersistence,3,09163500,0.0
DampedPriorOnly,DampedPersistence,3,09180000,0.0
DampedPriorOnly,DampedPersistence,3,09261000,0.0
DampedPriorOnly,DampedPersistence,3,09302000,0.0
DampedPriorOnly,DampedPersistence,3,09380000,0.0
DampedPriorOnly,DampedPersistence,3,10129900,0.0
DampedPriorOnly,DampedPersistence,3,10301500,0.0
DampedPriorOnly,DampedPersistence,3,10351600,0.0
DampedPriorOnly,DampedPersistence,3,11262900,0.0
DampedPriorOnly,DampedPersistence,3,11467000,0.0
DampedPriorOnly,DampedPersistence,3,11507500,0.0
DampedPriorOnly,DampedPersistence,3,12056500,0.0
DampedPriorOnly,DampedPersistence,3,12115000,0.0
DampedPriorOnly,DampedPersistence,3,12117600,0.0
DampedPriorOnly,DampedPersistence,3,12210700,0.0
DampedPriorOnly,DampedPersistence,3,12212050,0.0
DampedPriorOnly,DampedPersistence,3,12213100,0.0
DampedPriorOnly,DampedPersistence,3,12363000,0.0
DampedPriorOnly,DampedPersistence,3,12398600,0.0
DampedPriorOnly,DampedPersistence,3,13018350,0.0
DampedPriorOnly,DampedPersistence,3,13154500,0.0
DampedPriorOnly,DampedPersistence,3,13317660,0.0
DampedPriorOnly,DampedPersistence,3,13342500,0.0
DampedPriorOnly,DampedPersistence,3,14091500,0.0
DampedPriorOnly,DampedPersistence,3,14150800,0.0
DampedPriorOnly,DampedPersistence,3,14151000,0.0
DampedPriorOnly,DampedPersistence,3,14152000,0.0
DampedPriorOnly,DampedPersistence,3,14153500,0.0
DampedPriorOnly,DampedPersistence,3,14154500,0.0
DampedPriorOnly,DampedPersistence,3,14159500,0.0
DampedPriorOnly,DampedPersistence,3,14161500,0.0
DampedPriorOnly,DampedPersistence,3,14179000,0.0
DampedPriorOnly,DampedPersistence,3,14185000,0.0
DampedPriorOnly,DampedPersistence,3,14210000,0.0
DampedPriorOnly,DampedPersistence,3,14211499,0.0
DampedPriorOnly,DampedPersistence,3,14211500,0.0
DampedPriorOnly,DampedPersistence,3,14320934,0.0
DampedPriorOnly,DampedPersistence,3,255534081324000,0.0
DampedPriorOnly,DampedPersistence,7,01073319,0.0
DampedPriorOnly,DampedPersistence,7,01104415,0.0
DampedPriorOnly,DampedPersistence,7,01104455,0.0
DampedPriorOnly,DampedPersistence,7,01104475,0.0
DampedPriorOnly,DampedPersistence,7,01129500,0.0
DampedPriorOnly,DampedPersistence,7,01400500,0.0
DampedPriorOnly,DampedPersistence,7,01408029,0.0
DampedPriorOnly,DampedPersistence,7,01425000,0.0
DampedPriorOnly,DampedPersistence,7,01426500,0.0
DampedPriorOnly,DampedPersistence,7,01427207,0.0
DampedPriorOnly,DampedPersistence,7,01428500,0.0
DampedPriorOnly,DampedPersistence,7,01463500,0.0
DampedPriorOnly,DampedPersistence,7,01480617,0.0
DampedPriorOnly,DampedPersistence,7,01540500,0.0
DampedPriorOnly,DampedPersistence,7,01542500,0.0
DampedPriorOnly,DampedPersistence,7,01549700,0.0
DampedPriorOnly,DampedPersistence,7,02110701,0.0
DampedPriorOnly,DampedPersistence,7,02176930,0.0
DampedPriorOnly,DampedPersistence,7,02266300,0.0
DampedPriorOnly,DampedPersistence,7,02330450,0.0
DampedPriorOnly,DampedPersistence,7,02334430,0.0
DampedPriorOnly,DampedPersistence,7,02334885,0.0
DampedPriorOnly,DampedPersistence,7,02336120,0.0
DampedPriorOnly,DampedPersistence,7,02336300,0.0
DampedPriorOnly,DampedPersistence,7,02336728,0.0
DampedPriorOnly,DampedPersistence,7,02397000,0.0
DampedPriorOnly,DampedPersistence,7,02455980,0.0
DampedPriorOnly,DampedPersistence,7,02458450,0.0
DampedPriorOnly,DampedPersistence,7,02474560,0.0
DampedPriorOnly,DampedPersistence,7,03007800,0.0
DampedPriorOnly,DampedPersistence,7,03034000,0.0
DampedPriorOnly,DampedPersistence,7,03036000,0.0
DampedPriorOnly,DampedPersistence,7,03047000,0.0
DampedPriorOnly,DampedPersistence,7,03077500,0.0
DampedPriorOnly,DampedPersistence,7,03105500,0.0
DampedPriorOnly,DampedPersistence,7,03106000,0.0
DampedPriorOnly,DampedPersistence,7,03301900,0.0
DampedPriorOnly,DampedPersistence,7,03353200,0.0
DampedPriorOnly,DampedPersistence,7,03456991,0.0
DampedPriorOnly,DampedPersistence,7,04027000,0.0
DampedPriorOnly,DampedPersistence,7,04043238,0.0
DampedPriorOnly,DampedPersistence,7,04043244,0.0
DampedPriorOnly,DampedPersistence,7,04067500,0.0
DampedPriorOnly,DampedPersistence,7,04077630,0.0
DampedPriorOnly,DampedPersistence,7,04124200,0.0
DampedPriorOnly,DampedPersistence,7,04125460,0.0
DampedPriorOnly,DampedPersistence,7,04137005,0.0
DampedPriorOnly,DampedPersistence,7,04176500,0.0
DampedPriorOnly,DampedPersistence,7,04208000,0.0
DampedPriorOnly,DampedPersistence,7,05054000,0.0
DampedPriorOnly,DampedPersistence,7,05057000,0.0
DampedPriorOnly,DampedPersistence,7,05289800,0.0
DampedPriorOnly,DampedPersistence,7,05331833,0.0
DampedPriorOnly,DampedPersistence,7,05370000,0.0
DampedPriorOnly,DampedPersistence,7,05382255,0.0
DampedPriorOnly,DampedPersistence,7,05382257,0.0
DampedPriorOnly,DampedPersistence,7,05406457,0.0
DampedPriorOnly,DampedPersistence,7,05458300,0.0
DampedPriorOnly,DampedPersistence,7,05517000,0.0
DampedPriorOnly,DampedPersistence,7,06036805,0.0
DampedPriorOnly,DampedPersistence,7,06036905,0.0
DampedPriorOnly,DampedPersistence,7,06036940,0.0
DampedPriorOnly,DampedPersistence,7,06041000,0.0
DampedPriorOnly,DampedPersistence,7,06623800,0.0
DampedPriorOnly,DampedPersistence,7,06894000,0.0
DampedPriorOnly,DampedPersistence,7,06934500,0.0
DampedPriorOnly,DampedPersistence,7,07106000,0.0
DampedPriorOnly,DampedPersistence,7,07178200,0.0
DampedPriorOnly,DampedPersistence,7,07194880,0.0
DampedPriorOnly,DampedPersistence,7,07332622,0.0
DampedPriorOnly,DampedPersistence,7,08048000,0.0
DampedPriorOnly,DampedPersistence,7,08052700,0.0
DampedPriorOnly,DampedPersistence,7,08065350,0.0
DampedPriorOnly,DampedPersistence,7,08070200,0.0
DampedPriorOnly,DampedPersistence,7,08123850,0.0
DampedPriorOnly,DampedPersistence,7,09136100,0.0
DampedPriorOnly,DampedPersistence,7,09144250,0.0
DampedPriorOnly,DampedPersistence,7,09149500,0.0
DampedPriorOnly,DampedPersistence,7,09163500,0.0
DampedPriorOnly,DampedPersistence,7,09180000,0.0
DampedPriorOnly,DampedPersistence,7,09261000,0.0
DampedPriorOnly,DampedPersistence,7,09302000,0.0
DampedPriorOnly,DampedPersistence,7,09380000,0.0
DampedPriorOnly,DampedPersistence,7,10129900,0.0
DampedPriorOnly,DampedPersistence,7,10301500,0.0
DampedPriorOnly,DampedPersistence,7,10351600,0.0
DampedPriorOnly,DampedPersistence,7,11262900,0.0
DampedPriorOnly,DampedPersistence,7,11467000,0.0
DampedPriorOnly,DampedPersistence,7,11507500,0.0
DampedPriorOnly,DampedPersistence,7,12056500,0.0
DampedPriorOnly,DampedPersistence,7,12115000,0.0
DampedPriorOnly,DampedPersistence,7,12117600,0.0
DampedPriorOnly,DampedPersistence,7,12210700,0.0
DampedPriorOnly,DampedPersistence,7,12212050,0.0
DampedPriorOnly,DampedPersistence,7,12213100,0.0
DampedPriorOnly,DampedPersistence,7,12363000,0.0
DampedPriorOnly,DampedPersistence,7,12398600,0.0
DampedPriorOnly,DampedPersistence,7,13018350,0.0
DampedPriorOnly,DampedPersistence,7,13154500,0.0
DampedPriorOnly,DampedPersistence,7,13317660,0.0
DampedPriorOnly,DampedPersistence,7,13342500,0.0
DampedPriorOnly,DampedPersistence,7,14091500,0.0
DampedPriorOnly,DampedPersistence,7,14150800,0.0
DampedPriorOnly,DampedPersistence,7,14151000,0.0
DampedPriorOnly,DampedPersistence,7,14152000,0.0
DampedPriorOnly,DampedPersistence,7,14153500,0.0
DampedPriorOnly,DampedPersistence,7,14154500,0.0
DampedPriorOnly,DampedPersistence,7,14159500,0.0
DampedPriorOnly,DampedPersistence,7,14161500,0.0
DampedPriorOnly,DampedPersistence,7,14179000,0.0
DampedPriorOnly,DampedPersistence,7,14185000,0.0
DampedPriorOnly,DampedPersistence,7,14210000,0.0
DampedPriorOnly,DampedPersistence,7,14211499,0.0
DampedPriorOnly,DampedPersistence,7,14211500,0.0
DampedPriorOnly,DampedPersistence,7,14320934,0.0
DampedPriorOnly,DampedPersistence,7,255534081324000,0.0
DampedPriorOnly,Climatology,1,01073319,-1.0328561112922248
DampedPriorOnly,Climatology,1,01104415,-0.6685052229810322
DampedPriorOnly,Climatology,1,01104455,-0.9363723211570569
DampedPriorOnly,Climatology,1,01104475,-1.0166097801602945
DampedPriorOnly,Climatology,1,01129500,-0.9436109689978861
DampedPriorOnly,Climatology,1,01400500,-1.1975850874810186
DampedPriorOnly,Climatology,1,01408029,-0.9582519571451442
DampedPriorOnly,Climatology,1,01425000,-0.9823064671958484
DampedPriorOnly,Climatology,1,01426500,-0.790384158905481
DampedPriorOnly,Climatology,1,01427207,-0.9645313896675524
DampedPriorOnly,Climatology,1,01428500,-1.2807753685809526
DampedPriorOnly,Climatology,1,01463500,-1.1896875397511701
DampedPriorOnly,Climatology,1,01480617,-1.0024147591931423
DampedPriorOnly,Climatology,1,01540500,-1.3058847735496057
DampedPriorOnly,Climatology,1,01542500,-1.2427747744494102
DampedPriorOnly,Climatology,1,01549700,-1.3354578674297781
DampedPriorOnly,Climatology,1,02110701,-1.268562715779651
DampedPriorOnly,Climatology,1,02176930,-1.1411990111959052
DampedPriorOnly,Climatology,1,02266300,-1.1876075755138726
DampedPriorOnly,Climatology,1,02330450,-0.9364613759330843
DampedPriorOnly,Climatology,1,02334430,-1.5100705280923181
DampedPriorOnly,Climatology,1,02334885,-1.2111792417681861
DampedPriorOnly,Climatology,1,02336120,-1.1616548494542198
DampedPriorOnly,Climatology,1,02336300,-1.1985675650021286
DampedPriorOnly,Climatology,1,02336728,-2.5065735279317507
DampedPriorOnly,Climatology,1,02397000,-1.0388730138020708
DampedPriorOnly,Climatology,1,02455980,-0.8270703271174875
DampedPriorOnly,Climatology,1,02458450,-1.0197117957986406
DampedPriorOnly,Climatology,1,02474560,-1.7824072293749973
DampedPriorOnly,Climatology,1,03007800,-1.2236338318346194
DampedPriorOnly,Climatology,1,03034000,-1.2091067770351116
DampedPriorOnly,Climatology,1,03036000,-1.1832733810996265
DampedPriorOnly,Climatology,1,03047000,-1.278567086521526
DampedPriorOnly,Climatology,1,03077500,-1.1654699068904821
DampedPriorOnly,Climatology,1,03105500,-1.3926880965292106
DampedPriorOnly,Climatology,1,03106000,-1.3118686313759527
DampedPriorOnly,Climatology,1,03301900,-1.1063249717262453
DampedPriorOnly,Climatology,1,03353200,-1.1897519779956036
DampedPriorOnly,Climatology,1,03456991,-1.044256877069232
DampedPriorOnly,Climatology,1,04027000,-1.2380611312586787
DampedPriorOnly,Climatology,1,04043238,-0.8537853637493168
DampedPriorOnly,Climatology,1,04043244,-0.7697117724953058
DampedPriorOnly,Climatology,1,04067500,-1.1794299871041896
DampedPriorOnly,Climatology,1,04077630,-1.0122657528697319
DampedPriorOnly,Climatology,1,04124200,-0.9047395098352762
DampedPriorOnly,Climatology,1,04125460,-0.8520857034608459
DampedPriorOnly,Climatology,1,04137005,-1.091718114280165
DampedPriorOnly,Climatology,1,04176500,-1.3267845460038394
DampedPriorOnly,Climatology,1,04208000,-1.1675248116371972
DampedPriorOnly,Climatology,1,05054000,-1.6093035302444079
DampedPriorOnly,Climatology,1,05057000,-1.415115719757416
DampedPriorOnly,Climatology,1,05289800,-1.2751795654096696
DampedPriorOnly,Climatology,1,05331833,-0.9095636788534548
DampedPriorOnly,Climatology,1,05370000,-0.9289500994019584
DampedPriorOnly,Climatology,1,05382255,-0.7327600780453699
DampedPriorOnly,Climatology,1,05382257,-0.5876030272167869
DampedPriorOnly,Climatology,1,05406457,-0.5670164722632334
DampedPriorOnly,Climatology,1,05458300,-1.4516396187539429
DampedPriorOnly,Climatology,1,05517000,-1.374554846176042
DampedPriorOnly,Climatology,1,06036805,-0.7772001579676945
DampedPriorOnly,Climatology,1,06036905,-0.9538106660198327
DampedPriorOnly,Climatology,1,06036940,-1.1733371958237266
DampedPriorOnly,Climatology,1,06041000,-1.1603718970371164
DampedPriorOnly,Climatology,1,06623800,-0.3558546577179632
DampedPriorOnly,Climatology,1,06894000,-1.3171486195768272
DampedPriorOnly,Climatology,1,06934500,-1.3127267043632445
DampedPriorOnly,Climatology,1,07106000,-0.6523750577535021
DampedPriorOnly,Climatology,1,07178200,-1.5171767129145843
DampedPriorOnly,Climatology,1,07194880,-0.6317297001657278
DampedPriorOnly,Climatology,1,07332622,-1.3339269956411097
DampedPriorOnly,Climatology,1,08048000,-1.3961014440377015
DampedPriorOnly,Climatology,1,08052700,-1.3380719639787055
DampedPriorOnly,Climatology,1,08065350,-1.6892250122326224
DampedPriorOnly,Climatology,1,08070200,-1.5896442145373415
DampedPriorOnly,Climatology,1,08123850,-1.268492474304141
DampedPriorOnly,Climatology,1,09136100,-1.1719422541838396
DampedPriorOnly,Climatology,1,09144250,-1.1545687407068224
DampedPriorOnly,Climatology,1,09149500,-0.6795975728817089
DampedPriorOnly,Climatology,1,09163500,-1.2705610674555623
DampedPriorOnly,Climatology,1,09180000,-1.319851734684432
DampedPriorOnly,Climatology,1,09261000,-0.9978382553445339
DampedPriorOnly,Climatology,1,09302000,-1.325704568415144
DampedPriorOnly,Climatology,1,09380000,-3.4222399095399716
DampedPriorOnly,Climatology,1,10129900,-0.9293631571025255
DampedPriorOnly,Climatology,1,10301500,-1.133277474480181
DampedPriorOnly,Climatology,1,10351600,-1.3316301068240386
DampedPriorOnly,Climatology,1,11262900,-0.8105510775742045
DampedPriorOnly,Climatology,1,11467000,-1.007770011641218
DampedPriorOnly,Climatology,1,11507500,-1.346235681767408
DampedPriorOnly,Climatology,1,12056500,-0.6283446027533812
DampedPriorOnly,Climatology,1,12115000,-0.562613954080254
DampedPriorOnly,Climatology,1,12117600,-0.6669349514381808
DampedPriorOnly,Climatology,1,12210700,-0.738672932837765
DampedPriorOnly,Climatology,1,12212050,-0.9009316978368256
DampedPriorOnly,Climatology,1,12213100,-0.9498227975714241
DampedPriorOnly,Climatology,1,12363000,-0.8893100412438465
DampedPriorOnly,Climatology,1,12398600,-1.4926340827106368
DampedPriorOnly,Climatology,1,13018350,-0.7581096190080514
DampedPriorOnly,Climatology,1,13154500,-0.8089843025451053
DampedPriorOnly,Climatology,1,13317660,-0.863220196043686
DampedPriorOnly,Climatology,1,13342500,-0.8818238883011451
DampedPriorOnly,Climatology,1,14091500,-0.23713838061946485
DampedPriorOnly,Climatology,1,14150800,-1.2303824654062414
DampedPriorOnly,Climatology,1,14151000,-2.405886821510914
DampedPriorOnly,Climatology,1,14152000,-1.1158267230394454
DampedPriorOnly,Climatology,1,14153500,-2.10290167424625
DampedPriorOnly,Climatology,1,14154500,-1.6103830677307884
DampedPriorOnly,Climatology,1,14159500,-0.9754403728920815
DampedPriorOnly,Climatology,1,14161500,-0.9348552064390245
DampedPriorOnly,Climatology,1,14179000,-0.9716242452689676
DampedPriorOnly,Climatology,1,14185000,-1.0814391386176467
DampedPriorOnly,Climatology,1,14210000,-1.2207879644728936
DampedPriorOnly,Climatology,1,14211499,-1.0190658432573425
DampedPriorOnly,Climatology,1,14211500,-1.1929175899653786
DampedPriorOnly,Climatology,1,14320934,-1.307074806517824
DampedPriorOnly,Climatology,1,255534081324000,-0.9549226321046481
DampedPriorOnly,Climatology,3,01073319,-0.20648592267582355
DampedPriorOnly,Climatology,3,01104415,-0.15548817408721494
DampedPriorOnly,Climatology,3,01104455,-0.41791120432230655
DampedPriorOnly,Climatology,3,01104475,-0.401709350189948
DampedPriorOnly,Climatology,3,01129500,-0.24638456676331022
DampedPriorOnly,Climatology,3,01400500,-0.3284030149373023
DampedPriorOnly,Climatology,3,01408029,-0.1706590790418554
DampedPriorOnly,Climatology,3,01425000,-0.6818961659433438
DampedPriorOnly,Climatology,3,01426500,-0.36575785329479027
DampedPriorOnly,Climatology,3,01427207,-0.22068136472292932
DampedPriorOnly,Climatology,3,01428500,-0.388123712440118
DampedPriorOnly,Climatology,3,01463500,-0.3909713456495951
DampedPriorOnly,Climatology,3,01480617,-0.2472461031295683
DampedPriorOnly,Climatology,3,01540500,-0.5499931106082119
DampedPriorOnly,Climatology,3,01542500,-0.36525842833364086
DampedPriorOnly,Climatology,3,01549700,-0.3997425501657379
DampedPriorOnly,Climatology,3,02110701,-0.33205550494426705
DampedPriorOnly,Climatology,3,02176930,-0.3416308972756361
DampedPriorOnly,Climatology,3,02266300,-0.4410918738976166
DampedPriorOnly,Climatology,3,02330450,-0.25004854613475946
DampedPriorOnly,Climatology,3,02334430,-1.3719631802105345
DampedPriorOnly,Climatology,3,02334885,-0.32154358697635743
DampedPriorOnly,Climatology,3,02336120,-0.29897075220466185
DampedPriorOnly,Climatology,3,02336300,-0.30689534157989096
DampedPriorOnly,Climatology,3,02336728,-1.726595991458295
DampedPriorOnly,Climatology,3,02397000,-0.35582660703923397
DampedPriorOnly,Climatology,3,02455980,-0.21186463035425995
DampedPriorOnly,Climatology,3,02458450,-0.34746662303013176
DampedPriorOnly,Climatology,3,02474560,-0.896223336430432
DampedPriorOnly,Climatology,3,03007800,-0.34188170445267696
DampedPriorOnly,Climatology,3,03034000,-0.2966197361201113
DampedPriorOnly,Climatology,3,03036000,-0.6274033357731623
DampedPriorOnly,Climatology,3,03047000,-0.4753640200602478
DampedPriorOnly,Climatology,3,03077500,-0.9744262333269794
DampedPriorOnly,Climatology,3,03105500,-0.48829425188437603
DampedPriorOnly,Climatology,3,03106000,-0.27351496683220056
DampedPriorOnly,Climatology,3,03301900,-0.34383250526445397
DampedPriorOnly,Climatology,3,03353200,-0.22921721850261223
DampedPriorOnly,Climatology,3,03456991,-0.3299546236987365
DampedPriorOnly,Climatology,3,04027000,-0.3993056608375365
DampedPriorOnly,Climatology,3,04043238,-0.25844126802613165
DampedPriorOnly,Climatology,3,04043244,-0.2278440615080113
DampedPriorOnly,Climatology,3,04067500,-0.49693549736220444
DampedPriorOnly,Climatology,3,04077630,-0.23577673201609195
DampedPriorOnly,Climatology,3,04124200,-0.6397836690231296
DampedPriorOnly,Climatology,3,04125460,-0.2105076853113681
DampedPriorOnly,Climatology,3,04137005,-0.6142885623771764
DampedPriorOnly,Climatology,3,04176500,-0.5366684406876392
DampedPriorOnly,Climatology,3,04208000,-0.2965249562279746
DampedPriorOnly,Climatology,3,05054000,-1.0573523052035045
DampedPriorOnly,Climatology,3,05057000,-0.5942466379312572
DampedPriorOnly,Climatology,3,05289800,-0.5310232321602304
DampedPriorOnly,Climatology,3,05331833,-0.2979641896889411
DampedPriorOnly,Climatology,3,05370000,-0.4810694297230371
DampedPriorOnly,Climatology,3,05382255,-0.2415801380437943
DampedPriorOnly,Climatology,3,05382257,-0.11786895415858889
DampedPriorOnly,Climatology,3,05406457,-0.1906125065243338
DampedPriorOnly,Climatology,3,05458300,-0.4697439160105532
DampedPriorOnly,Climatology,3,05517000,-0.43106202992158393
DampedPriorOnly,Climatology,3,06036805,-0.26542001408064975
DampedPriorOnly,Climatology,3,06036905,-0.28639729130107305
DampedPriorOnly,Climatology,3,06036940,-0.507587801687478
DampedPriorOnly,Climatology,3,06041000,-0.5317792919430628
DampedPriorOnly,Climatology,3,06623800,-0.11292165610178206
DampedPriorOnly,Climatology,3,06894000,-0.405163095041122
DampedPriorOnly,Climatology,3,06934500,-0.6859492754974752
DampedPriorOnly,Climatology,3,07106000,-0.09244383190626171
DampedPriorOnly,Climatology,3,07178200,-0.7371848107030374
DampedPriorOnly,Climatology,3,07194880,-0.18407804776068648
DampedPriorOnly,Climatology,3,07332622,-0.4242664137212344
DampedPriorOnly,Climatology,3,08048000,-0.6308328284237612
DampedPriorOnly,Climatology,3,08052700,-0.30013878327885335
DampedPriorOnly,Climatology,3,08065350,-0.8316970722068202
DampedPriorOnly,Climatology,3,08070200,-0.6687447101874255
DampedPriorOnly,Climatology,3,08123850,-0.3196453501855996
DampedPriorOnly,Climatology,3,09136100,-0.679458618472754
DampedPriorOnly,Climatology,3,09144250,-0.6359568759328293
DampedPriorOnly,Climatology,3,09149500,-0.2262554191406041
DampedPriorOnly,Climatology,3,09163500,-0.6573860372152576
DampedPriorOnly,Climatology,3,09180000,-0.650963669678627
DampedPriorOnly,Climatology,3,09261000,-0.3035591608339945
DampedPriorOnly,Climatology,3,09302000,-0.7011256627629876
DampedPriorOnly,Climatology,3,09380000,-3.155914600895963
DampedPriorOnly,Climatology,3,10129900,-0.42316426683302444
DampedPriorOnly,Climatology,3,10301500,-0.42088748180258717
DampedPriorOnly,Climatology,3,10351600,-0.5870949749128098
DampedPriorOnly,Climatology,3,11262900,-0.14357655968154726
DampedPriorOnly,Climatology,3,11467000,-0.48601779003274537
DampedPriorOnly,Climatology,3,11507500,-0.5919269255599997
DampedPriorOnly,Climatology,3,12056500,-0.36160170268086833
DampedPriorOnly,Climatology,3,12115000,-0.32232814074912197
DampedPriorOnly,Climatology,3,12117600,-0.37824520814770846
DampedPriorOnly,Climatology,3,12210700,-0.2930047753432101
DampedPriorOnly,Climatology,3,12212050,-0.3937285861819959
DampedPriorOnly,Climatology,3,12213100,-0.41074842105551146
DampedPriorOnly,Climatology,3,12363000,-0.5217097376173848
DampedPriorOnly,Climatology,3,12398600,-1.1122053435872212
DampedPriorOnly,Climatology,3,13018350,-0.1637152968672302
DampedPriorOnly,Climatology,3,13154500,-0.42303895303759187
DampedPriorOnly,Climatology,3,13317660,-0.5516239850686685
DampedPriorOnly,Climatology,3,13342500,-0.45088239635295124
DampedPriorOnly,Climatology,3,14091500,-0.038402260637040886
DampedPriorOnly,Climatology,3,14150800,-0.5770922862371752
DampedPriorOnly,Climatology,3,14151000,-1.7781030586130235
DampedPriorOnly,Climatology,3,14152000,-0.7859023229404708
DampedPriorOnly,Climatology,3,14153500,-1.7732155490676833
DampedPriorOnly,Climatology,3,14154500,-0.9142762478158413
DampedPriorOnly,Climatology,3,14159500,-0.707064125901334
DampedPriorOnly,Climatology,3,14161500,-0.5234556325575717
DampedPriorOnly,Climatology,3,14179000,-0.5621638443821717
DampedPriorOnly,Climatology,3,14185000,-0.5120215133853945
DampedPriorOnly,Climatology,3,14210000,-0.8095127677992097
DampedPriorOnly,Climatology,3,14211499,-0.3555881572023769
DampedPriorOnly,Climatology,3,14211500,-0.4179596649165249
DampedPriorOnly,Climatology,3,14320934,-0.7492730742010791
DampedPriorOnly,Climatology,3,255534081324000,-0.08316602724615163
DampedPriorOnly,Climatology,7,01073319,0.043737180329425085
DampedPriorOnly,Climatology,7,01104415,-0.06639704280698777
DampedPriorOnly,Climatology,7,01104455,-0.22834785859284956
DampedPriorOnly,Climatology,7,01104475,-0.19219175751438522
DampedPriorOnly,Climatology,7,01129500,-0.04935512155111743
DampedPriorOnly,Climatology,7,01400500,-0.032676375177442374
DampedPriorOnly,Climatology,7,01408029,-0.058340777698822954
DampedPriorOnly,Climatology,7,01425000,-0.4746531283891773
DampedPriorOnly,Climatology,7,01426500,-0.1895233418189355
DampedPriorOnly,Climatology,7,01427207,0.03505383561886033
DampedPriorOnly,Climatology,7,01428500,0.06091958809640552
DampedPriorOnly,Climatology,7,01463500,0.030855502334643514
DampedPriorOnly,Climatology,7,01480617,-0.08487422387387955
DampedPriorOnly,Climatology,7,01540500,-0.04953005532182919
DampedPriorOnly,Climatology,7,01542500,-0.04237701594530252
DampedPriorOnly,Climatology,7,01549700,-0.038089782521614435
DampedPriorOnly,Climatology,7,02110701,-0.04616770519079472
DampedPriorOnly,Climatology,7,02176930,-0.12031233393835272
DampedPriorOnly,Climatology,7,02266300,-0.17761298368674816
DampedPriorOnly,Climatology,7,02330450,-0.07171389512957149
DampedPriorOnly,Climatology,7,02334430,-1.1263550625563483
DampedPriorOnly,Climatology,7,02334885,-0.04307252551118168
DampedPriorOnly,Climatology,7,02336120,-0.05775609712113372
DampedPriorOnly,Climatology,7,02336300,-0.05414479789628901
DampedPriorOnly,Climatology,7,02336728,-0.9752631492971604
DampedPriorOnly,Climatology,7,02397000,-0.018958243920575324
DampedPriorOnly,Climatology,7,02455980,-0.0490348216759906
DampedPriorOnly,Climatology,7,02458450,-0.11273182051725428
DampedPriorOnly,Climatology,7,02474560,-0.2513671058923683
DampedPriorOnly,Climatology,7,03007800,-0.05320116553907139
DampedPriorOnly,Climatology,7,03034000,-0.05009529641783583
DampedPriorOnly,Climatology,7,03036000,-0.16913084806042478
DampedPriorOnly,Climatology,7,03047000,0.09031897917815668
DampedPriorOnly,Climatology,7,03077500,-0.7815600195485694
DampedPriorOnly,Climatology,7,03105500,-0.1798843073620322
DampedPriorOnly,Climatology,7,03106000,0.03542685499577569
DampedPriorOnly,Climatology,7,03301900,-0.13709259539008434
DampedPriorOnly,Climatology,7,03353200,0.022811426699373083
DampedPriorOnly,Climatology,7,03456991,-0.08104754379488632
DampedPriorOnly,Climatology,7,04027000,-0.07507089972002268
DampedPriorOnly,Climatology,7,04043238,-0.02452792099030554
DampedPriorOnly,Climatology,7,04043244,-0.01925906510332487
DampedPriorOnly,Climatology,7,04067500,0.05479390265980011
DampedPriorOnly,Climatology,7,04077630,0.08961599246594676
DampedPriorOnly,Climatology,7,04124200,-0.25133714165944887
DampedPriorOnly,Climatology,7,04125460,0.019358504150620126
DampedPriorOnly,Climatology,7,04137005,-0.05685617560728384
DampedPriorOnly,Climatology,7,04176500,0.07372765923416869
DampedPriorOnly,Climatology,7,04208000,-0.006933462065529028
DampedPriorOnly,Climatology,7,05054000,-0.43330544474339394
DampedPriorOnly,Climatology,7,05057000,-0.1371562299960094
DampedPriorOnly,Climatology,7,05289800,-0.06870937329100402
DampedPriorOnly,Climatology,7,05331833,-0.06211368547637153
DampedPriorOnly,Climatology,7,05370000,-0.08672740653167677
DampedPriorOnly,Climatology,7,05382255,0.007871721217381333
DampedPriorOnly,Climatology,7,05382257,-0.026412258019073764
DampedPriorOnly,Climatology,7,05406457,-0.055018970750821516
DampedPriorOnly,Climatology,7,05458300,0.05051606060480829
DampedPriorOnly,Climatology,7,05517000,-0.04130751009465072
DampedPriorOnly,Climatology,7,06036805,-0.11383621727900484
DampedPriorOnly,Climatology,7,06036905,-0.10502335841947419
DampedPriorOnly,Climatology,7,06036940,-0.13922042329689477
DampedPriorOnly,Climatology,7,06041000,-0.0664671976479001
DampedPriorOnly,Climatology,7,06623800,-0.02364554878680658
DampedPriorOnly,Climatology,7,06894000,0.07046795074694145
DampedPriorOnly,Climatology,7,06934500,-0.05879413871448036
DampedPriorOnly,Climatology,7,07106000,-0.0203794613619519
DampedPriorOnly,Climatology,7,07178200,-0.22101116744663196
DampedPriorOnly,Climatology,7,07194880,-0.054727561708962424
DampedPriorOnly,Climatology,7,07332622,-0.06324969195736063
DampedPriorOnly,Climatology,7,08048000,-0.1579033622221413
DampedPriorOnly,Climatology,7,08052700,-0.007308585344336205
DampedPriorOnly,Climatology,7,08065350,-0.07657410343646776
DampedPriorOnly,Climatology,7,08070200,-0.07592147991176912
DampedPriorOnly,Climatology,7,08123850,-0.03622952641776367
DampedPriorOnly,Climatology,7,09136100,-0.4591335576348643
DampedPriorOnly,Climatology,7,09144250,-0.4483354111716684
DampedPriorOnly,Climatology,7,09149500,-0.11871423781794022
DampedPriorOnly,Climatology,7,09163500,-0.3442871437036783
DampedPriorOnly,Climatology,7,09180000,-0.3746564660030556
DampedPriorOnly,Climatology,7,09261000,0.023340561134733928
DampedPriorOnly,Climatology,7,09302000,-0.37604182203152403
DampedPriorOnly,Climatology,7,09380000,-2.8393000877224543
DampedPriorOnly,Climatology,7,10129900,-0.2650451402508591
DampedPriorOnly,Climatology,7,10301500,-0.13711232776273952
DampedPriorOnly,Climatology,7,10351600,-0.29862121819165366
DampedPriorOnly,Climatology,7,11262900,-0.0006585619790482333
DampedPriorOnly,Climatology,7,11467000,-0.18988636306224294
DampedPriorOnly,Climatology,7,11507500,-0.07430810627967643
DampedPriorOnly,Climatology,7,12056500,-0.19631073061819437
DampedPriorOnly,Climatology,7,12115000,-0.16985483289031655
DampedPriorOnly,Climatology,7,12117600,-0.19806920482139756
DampedPriorOnly,Climatology,7,12210700,-0.11169041909747301
DampedPriorOnly,Climatology,7,12212050,-0.1314618927734601
DampedPriorOnly,Climatology,7,12213100,-0.23044979235825847
DampedPriorOnly,Climatology,7,12363000,-0.32099296808002653
DampedPriorOnly,Climatology,7,12398600,-0.6984870680835411
DampedPriorOnly,Climatology,7,13018350,-0.08087453949062029
DampedPriorOnly,Climatology,7,13154500,-0.17962364291151256
DampedPriorOnly,Climatology,7,13317660,-0.349453129652458
DampedPriorOnly,Climatology,7,13342500,-0.19040871383774194
DampedPriorOnly,Climatology,7,14091500,-0.009713986729495527
DampedPriorOnly,Climatology,7,14150800,-0.2357044364116745
DampedPriorOnly,Climatology,7,14151000,-1.267757413932283
DampedPriorOnly,Climatology,7,14152000,-0.5100252657108394
DampedPriorOnly,Climatology,7,14153500,-1.419400359177883
DampedPriorOnly,Climatology,7,14154500,-0.5167634914360981
DampedPriorOnly,Climatology,7,14159500,-0.4278913611236136
DampedPriorOnly,Climatology,7,14161500,-0.27008303629778707
DampedPriorOnly,Climatology,7,14179000,-0.33936247870890957
DampedPriorOnly,Climatology,7,14185000,-0.23991471907042894
DampedPriorOnly,Climatology,7,14210000,-0.47061869658527433
DampedPriorOnly,Climatology,7,14211499,-0.06374419366763395
DampedPriorOnly,Climatology,7,14211500,-0.06755565861752699
DampedPriorOnly,Climatology,7,14320934,-0.3759661511433501
DampedPriorOnly,Climatology,7,255534081324000,0.08406282785379893
LSTM,Persistence,1,01073319,-0.20327668268674315
LSTM,Persistence,1,01104415,-0.15941961720212605
LSTM,Persistence,1,01104455,-0.09368825699156935
LSTM,Persistence,1,01104475,-0.12366828195860091
LSTM,Persistence,1,01129500,-0.19325159134548076
LSTM,Persistence,1,01400500,-0.27937081166900113
LSTM,Persistence,1,01408029,-0.31093485580660296
LSTM,Persistence,1,01425000,0.08895233038095729
LSTM,Persistence,1,01426500,-0.049586534463968546
LSTM,Persistence,1,01427207,-0.22422263818506893
LSTM,Persistence,1,01428500,-0.22817412579344498
LSTM,Persistence,1,01463500,-0.21335417383578414
LSTM,Persistence,1,01480617,-0.23709532514671372
LSTM,Persistence,1,01540500,-0.16231052740359064
LSTM,Persistence,1,01542500,-0.24239190984795456
LSTM,Persistence,1,01549700,-0.24519532800145027
LSTM,Persistence,1,02110701,-0.29088111943617767
LSTM,Persistence,1,02176930,-0.19798523217394848
LSTM,Persistence,1,02266300,-0.20208845972635503
LSTM,Persistence,1,02330450,-0.16732293945448917
LSTM,Persistence,1,02334430,0.22877432736526274
LSTM,Persistence,1,02334885,-0.2589721608724127
LSTM,Persistence,1,02336120,-0.24676289080570302
LSTM,Persistence,1,02336300,-0.2548469545460029
LSTM,Persistence,1,02336728,-0.030132751477571884
LSTM,Persistence,1,02397000,-0.19510904516619204
LSTM,Persistence,1,02455980,-0.20759706692429525
LSTM,Persistence,1,02458450,-0.19910995429153566
LSTM,Persistence,1,02474560,-0.22246830938105744
LSTM,Persistence,1,03007800,-0.2601096755146185
LSTM,Persistence,1,03034000,-0.2682697539701874
LSTM,Persistence,1,03036000,0.06114138594832097
LSTM,Persistence,1,03047000,-0.03232455369044551
LSTM,Persistence,1,03077500,0.17433630933356398
LSTM,Persistence,1,03105500,-0.24824841506445472
LSTM,Persistence,1,03106000,-0.3063513996643078
LSTM,Persistence,1,03301900,-0.20590231260560832
LSTM,Persistence,1,03353200,-0.27476175182320284
LSTM,Persistence,1,03456991,-0.2180035483487862
LSTM,Persistence,1,04027000,-0.2096140544395021
LSTM,Persistence,1,04043238,-0.15078756578230346
LSTM,Persistence,1,04043244,-0.1535822462942208
LSTM,Persistence,1,04067500,-0.14671553474170052
LSTM,Persistence,1,04077630,-0.16747374301629614
LSTM,Persistence,1,04124200,0.13582920216210204
LSTM,Persistence,1,04125460,-0.20889067174858456
LSTM,Persistence,1,04137005,0.006993476827926448
LSTM,Persistence,1,04176500,-0.1909800117416957
LSTM,Persistence,1,04208000,-0.2821285645750069
LSTM,Persistence,1,05054000,-0.0566654293843582
LSTM,Persistence,1,05057000,-0.17080632920509076
LSTM,Persistence,1,05289800,-0.1190585545295767
LSTM,Persistence,1,05331833,-0.13102717543758258
LSTM,Persistence,1,05370000,-0.005978755839263772
LSTM,Persistence,1,05382255,-0.055819096060715556
LSTM,Persistence,1,05382257,-0.12261350949316219
LSTM,Persistence,1,05406457,-0.004863326367617327
LSTM,Persistence,1,05458300,-0.22663019131255946
LSTM,Persistence,1,05517000,-0.25480243590219576
LSTM,Persistence,1,06036805,-0.10132378298586153
LSTM,Persistence,1,06036905,-0.12339635627384216
LSTM,Persistence,1,06036940,-0.007059511694680554
LSTM,Persistence,1,06041000,-0.10213611752750001
LSTM,Persistence,1,06623800,0.014168215558691966
LSTM,Persistence,1,06894000,-0.256547947738371
LSTM,Persistence,1,06934500,-0.13692189141465977
LSTM,Persistence,1,07106000,-0.12396839869555332
LSTM,Persistence,1,07178200,-0.1978481476432915
LSTM,Persistence,1,07194880,-0.08260724082765403
LSTM,Persistence,1,07332622,-0.2255906249146018
LSTM,Persistence,1,08048000,-0.16243328299629367
LSTM,Persistence,1,08052700,-0.2725930152859348
LSTM,Persistence,1,08065350,-0.1999796186011879
LSTM,Persistence,1,08070200,-0.1948928133614024
LSTM,Persistence,1,08123850,-0.2855621965448826
LSTM,Persistence,1,09136100,-0.07514718811676002
LSTM,Persistence,1,09144250,-0.1024124217484742
LSTM,Persistence,1,09149500,-0.12437267254648099
LSTM,Persistence,1,09163500,-0.1416132166369854
LSTM,Persistence,1,09180000,-0.12204176755261043
LSTM,Persistence,1,09261000,-0.13530592070015834
LSTM,Persistence,1,09302000,-0.07498899746950294
LSTM,Persistence,1,09380000,0.12693513059713224
LSTM,Persistence,1,10129900,-0.05933894224389291
LSTM,Persistence,1,10301500,-0.14423857207382296
LSTM,Persistence,1,10351600,-0.21098147973410397
LSTM,Persistence,1,11262900,-0.17378553467085645
LSTM,Persistence,1,11467000,-0.11838657708506739
LSTM,Persistence,1,11507500,-0.2070119087431176
LSTM,Persistence,1,12056500,-0.004781874022564914
LSTM,Persistence,1,12115000,0.13338004341728915
LSTM,Persistence,1,12117600,0.03209756635039651
LSTM,Persistence,1,12210700,-0.05786177136509518
LSTM,Persistence,1,12212050,-0.06587625608351322
LSTM,Persistence,1,12213100,-0.1531065496926911
LSTM,Persistence,1,12363000,-0.056820115241056846
LSTM,Persistence,1,12398600,0.023973212432748248
LSTM,Persistence,1,13018350,-0.13537047330164043
LSTM,Persistence,1,13154500,-0.07620473728681207
LSTM,Persistence,1,13317660,-0.05460981721862196
LSTM,Persistence,1,13342500,-0.06764521780298344
LSTM,Persistence,1,14091500,-0.04238875653306268
LSTM,Persistence,1,14150800,-0.13646791720767437
LSTM,Persistence,1,14151000,0.005165904200257643
LSTM,Persistence,1,14152000,0.018933644444039555
LSTM,Persistence,1,14153500,0.06910161148456273
LSTM,Persistence,1,14154500,-0.16305015776299236
LSTM,Persistence,1,14159500,0.09262763138162072
LSTM,Persistence,1,14161500,-0.03145679555584763
LSTM,Persistence,1,14179000,-0.044008081798744825
LSTM,Persistence,1,14185000,-0.11762009643183591
LSTM,Persistence,1,14210000,0.010847871633077322
LSTM,Persistence,1,14211499,-0.14125086163061917
LSTM,Persistence,1,14211500,-0.17662714808176705
LSTM,Persistence,1,14320934,-0.10903040807594183
LSTM,Persistence,1,255534081324000,-0.23112703549281777
LSTM,Persistence,3,01073319,-0.3829965481595088
LSTM,Persistence,3,01104415,-0.35291996512602086
LSTM,Persistence,3,01104455,-0.1951477664645298
LSTM,Persistence,3,01104475,-0.2337251152671127
LSTM,Persistence,3,01129500,-0.36080685002872404
LSTM,Persistence,3,01400500,-0.3980435606086805
LSTM,Persistence,3,01408029,-0.4635738098237696
LSTM,Persistence,3,01425000,0.0919772154533065
LSTM,Persistence,3,01426500,-0.1180694308295629
LSTM,Persistence,3,01427207,-0.3733275837713299
LSTM,Persistence,3,01428500,-0.37366952264024245
LSTM,Persistence,3,01463500,-0.3335810529127341
LSTM,Persistence,3,01480617,-0.4117015383645588
LSTM,Persistence,3,01540500,-0.3352836114225284
LSTM,Persistence,3,01542500,-0.3914990133594318
LSTM,Persistence,3,01549700,-0.41225268289027506
LSTM,Persistence,3,02110701,-0.47797815718805237
LSTM,Persistence,3,02176930,-0.40357490274630514
LSTM,Persistence,3,02266300,-0.2913989326434814
LSTM,Persistence,3,02330450,-0.38509115526585513
LSTM,Persistence,3,02334430,0.28354607010870914
LSTM,Persistence,3,02334885,-0.4197270224755134
LSTM,Persistence,3,02336120,-0.43674193329570743
LSTM,Persistence,3,02336300,-0.44993949017708523
LSTM,Persistence,3,02336728,0.2513299823778026
LSTM,Persistence,3,02397000,-0.32072287914319997
LSTM,Persistence,3,02455980,-0.37044332853100603
LSTM,Persistence,3,02458450,-0.3447465582899314
LSTM,Persistence,3,02474560,-0.3231027381281637
LSTM,Persistence,3,03007800,-0.4069792699890744
LSTM,Persistence,3,03034000,-0.4329042055464054
LSTM,Persistence,3,03036000,-0.16139985422461733
LSTM,Persistence,3,03047000,-0.30699621357108664
LSTM,Persistence,3,03077500,0.039722595941237615
LSTM,Persistence,3,03105500,-0.4110654559643001
LSTM,Persistence,3,03106000,-0.49654889003415814
LSTM,Persistence,3,03301900,-0.3875321815176591
LSTM,Persistence,3,03353200,-0.4701504017620268
LSTM,Persistence,3,03456991,-0.3612447978210418
LSTM,Persistence,3,04027000,-0.37472023481366823
LSTM,Persistence,3,04043238,-0.3018116421034951
LSTM,Persistence,3,04043244,-0.28720216625232986
LSTM,Persistence,3,04067500,-0.26065591917351694
LSTM,Persistence,3,04077630,-0.36314810768004513
LSTM,Persistence,3,04124200,0.005375910902525982
LSTM,Persistence,3,04125460,-0.29806826284190957
LSTM,Persistence,3,04137005,-0.13973686258628815
LSTM,Persistence,3,04176500,-0.30422617847398903
LSTM,Persistence,3,04208000,-0.4262075759384554
LSTM,Persistence,3,05054000,-0.19661844756450653
LSTM,Persistence,3,05057000,-0.3048179447212651
LSTM,Persistence,3,05289800,-0.2672363092362391
LSTM,Persistence,3,05331833,-0.28418773266135067
LSTM,Persistence,3,05370000,-0.13409167926887822
LSTM,Persistence,3,05382255,-0.20788946288839472
LSTM,Persistence,3,05382257,-0.40954143688258027
LSTM,Persistence,3,05406457,-0.13300092279523335
LSTM,Persistence,3,05458300,-0.38779106115191553
LSTM,Persistence,3,05517000,-0.4070396476342233
LSTM,Persistence,3,06036805,-0.27179313170636354
LSTM,Persistence,3,06036905,-0.3216836962046479
LSTM,Persistence,3,06036940,-0.0439232501909812
LSTM,Persistence,3,06041000,-0.24559443670264947
LSTM,Persistence,3,06623800,-0.15066535661156955
LSTM,Persistence,3,06894000,-0.4035006794773124
LSTM,Persistence,3,06934500,-0.2706129481741255
LSTM,Persistence,3,07106000,-0.3913609807533769
LSTM,Persistence,3,07178200,-0.2638205148761039
LSTM,Persistence,3,07194880,-0.2249965056730432
LSTM,Persistence,3,07332622,-0.4222815308869192
LSTM,Persistence,3,08048000,-0.2295494118237562
LSTM,Persistence,3,08052700,-0.551679104005022
LSTM,Persistence,3,08065350,-0.2881053879383708
LSTM,Persistence,3,08070200,-0.3194906458709226
LSTM,Persistence,3,08123850,-0.4592258664457165
LSTM,Persistence,3,09136100,-0.15631038376182538
LSTM,Persistence,3,09144250,-0.1811982960911902
LSTM,Persistence,3,09149500,-0.25351995291235707
LSTM,Persistence,3,09163500,-0.25941425282053965
LSTM,Persistence,3,09180000,-0.2716682759001554
LSTM,Persistence,3,09261000,-0.29996169199451383
LSTM,Persistence,3,09302000,-0.21026089928768488
LSTM,Persistence,3,09380000,0.39518511087327846
LSTM,Persistence,3,10129900,-0.17907382499521174
LSTM,Persistence,3,10301500,-0.30320324084973693
LSTM,Persistence,3,10351600,-0.2995900590354301
LSTM,Persistence,3,11262900,-0.30720847553874364
LSTM,Persistence,3,11467000,-0.1780274081751798
LSTM,Persistence,3,11507500,-0.28503788027141463
LSTM,Persistence,3,12056500,-0.05349035218531495
LSTM,Persistence,3,12115000,0.07767642847101364
LSTM,Persistence,3,12117600,-0.031105801722460247
LSTM,Persistence,3,12210700,-0.1409794013122927
LSTM,Persistence,3,12212050,-0.12888087241839408
LSTM,Persistence,3,12213100,-0.2048377348308945
LSTM,Persistence,3,12363000,-0.08898217195421454
LSTM,Persistence,3,12398600,-0.14858018369582793
LSTM,Persistence,3,13018350,-0.3000629749274264
LSTM,Persistence,3,13154500,-0.1795231581363682
LSTM,Persistence,3,13317660,-0.15804248799770348
LSTM,Persistence,3,13342500,-0.11117468438111155
LSTM,Persistence,3,14091500,-0.0871818102983063
LSTM,Persistence,3,14150800,-0.22235673974322046
LSTM,Persistence,3,14151000,-0.040715464712791416
LSTM,Persistence,3,14152000,-0.05136933173152236
LSTM,Persistence,3,14153500,-0.025405209824996722
LSTM,Persistence,3,14154500,-0.2244345327670072
LSTM,Persistence,3,14159500,0.011893479770504811
LSTM,Persistence,3,14161500,-0.08379565236312703
LSTM,Persistence,3,14179000,-0.07919237134426749
LSTM,Persistence,3,14185000,-0.18929638167714002
LSTM,Persistence,3,14210000,-0.13398295890246525
LSTM,Persistence,3,14211499,-0.2250508159486604
LSTM,Persistence,3,14211500,-0.26855781183221805
LSTM,Persistence,3,14320934,-0.12357101305052298
LSTM,Persistence,3,255534081324000,-0.42825408550591004
LSTM,Persistence,7,01073319,-0.7789713320045051
LSTM,Persistence,7,01104415,-0.4957798369972377
LSTM,Persistence,7,01104455,-0.3907925922399711
LSTM,Persistence,7,01104475,-0.32506843093083004
LSTM,Persistence,7,01129500,-0.6738974399113487
LSTM,Persistence,7,01400500,-0.7495303963154618
LSTM,Persistence,7,01408029,-0.6919622671243122
LSTM,Persistence,7,01425000,-0.04654227943157996
LSTM,Persistence,7,01426500,-0.22183635349512398
LSTM,Persistence,7,01427207,-0.666535001925044
LSTM,Persistence,7,01428500,-0.705860069894785
LSTM,Persistence,7,01463500,-0.6134540640328889
LSTM,Persistence,7,01480617,-0.5960552612224617
LSTM,Persistence,7,01540500,-0.6625364025083953
LSTM,Persistence,7,01542500,-0.7320215221587425
LSTM,Persistence,7,01549700,-0.7564131937471625
LSTM,Persistence,7,02110701,-0.7453996477033917
LSTM,Persistence,7,02176930,-0.5894331162468283
LSTM,Persistence,7,02266300,-0.4196575340371793
LSTM,Persistence,7,02330450,-0.5781419526889391
LSTM,Persistence,7,02334430,0.2453294897378801
LSTM,Persistence,7,02334885,-0.6571586287253277
LSTM,Persistence,7,02336120,-0.6993818231931312
LSTM,Persistence,7,02336300,-0.722805989152929
LSTM,Persistence,7,02336728,0.5792853218301504
LSTM,Persistence,7,02397000,-0.5185753727658127
LSTM,Persistence,7,02455980,-0.5592219689637716
LSTM,Persistence,7,02458450,-0.5522765857817722
LSTM,Persistence,7,02474560,-0.6135184591942147
LSTM,Persistence,7,03007800,-0.7018321422568143
LSTM,Persistence,7,03034000,-0.7271505707500174
LSTM,Persistence,7,03036000,-0.48636953337806355
LSTM,Persistence,7,03047000,-0.5814758626100482
LSTM,Persistence,7,03077500,-0.31292614993080714
LSTM,Persistence,7,03105500,-0.662989576562365
LSTM,Persistence,7,03106000,-0.8445612921022043
LSTM,Persistence,7,03301900,-0.5340164717494589
LSTM,Persistence,7,03353200,-0.8086572783354482
LSTM,Persistence,7,03456991,-0.5961223269432478
LSTM,Persistence,7,04027000,-0.7887816477255551
LSTM,Persistence,7,04043238,-0.6777403990759558
LSTM,Persistence,7,04043244,-0.6224183492196591
LSTM,Persistence,7,04067500,-0.6742848449221066
LSTM,Persistence,7,04077630,-0.7987800649107111
LSTM,Persistence,7,04124200,-0.3434539094747563
LSTM,Persistence,7,04125460,-0.5829524961241928
LSTM,Persistence,7,04137005,-0.45234396241476627
LSTM,Persistence,7,04176500,-0.6294947328746969
LSTM,Persistence,7,04208000,-0.7704693824052886
LSTM,Persistence,7,05054000,-0.6126449977043362
LSTM,Persistence,7,05057000,-0.7387503601624128
LSTM,Persistence,7,05289800,-0.7471442744416066
LSTM,Persistence,7,05331833,-0.6332136118203924
LSTM,Persistence,7,05370000,-0.5516044242511458
LSTM,Persistence,7,05382255,-0.5742417887526006
LSTM,Persistence,7,05382257,-0.6540252621748581
LSTM,Persistence,7,05406457,-0.3139266618272465
LSTM,Persistence,7,05458300,-0.8214297727459621
LSTM,Persistence,7,05517000,-0.744984549170336
LSTM,Persistence,7,06036805,-0.45976461083424813
LSTM,Persistence,7,06036905,-0.5285756057569193
LSTM,Persistence,7,06036940,-0.2236093654938629
LSTM,Persistence,7,06041000,-0.5060611263377732
LSTM,Persistence,7,06623800,-0.4833068295045887
LSTM,Persistence,7,06894000,-0.789815960444173
LSTM,Persistence,7,06934500,-0.5812642091499778
LSTM,Persistence,7,07106000,-0.6983425107833134
LSTM,Persistence,7,07178200,-0.5623221663584665
LSTM,Persistence,7,07194880,-0.46348866182819703
LSTM,Persistence,7,07332622,-0.8259884479606434
LSTM,Persistence,7,08048000,-0.5141228157901843
LSTM,Persistence,7,08052700,-1.0251311324223589
LSTM,Persistence,7,08065350,-0.580429623607293
LSTM,Persistence,7,08070200,-0.6637467070404042
LSTM,Persistence,7,08123850,-0.8460701894561096
LSTM,Persistence,7,09136100,-0.31869103301109636
LSTM,Persistence,7,09144250,-0.36306192471009036
LSTM,Persistence,7,09149500,-0.4326056499193125
LSTM,Persistence,7,09163500,-0.5191810510149806
LSTM,Persistence,7,09180000,-0.5309359004813772
LSTM,Persistence,7,09261000,-0.5916907582417266
LSTM,Persistence,7,09302000,-0.5331579083216622
LSTM,Persistence,7,09380000,0.529784558827151
LSTM,Persistence,7,10129900,-0.36556590968481517
LSTM,Persistence,7,10301500,-0.6156080517138949
LSTM,Persistence,7,10351600,-0.4861031453075433
LSTM,Persistence,7,11262900,-0.5931790913156172
LSTM,Persistence,7,11467000,-0.3445860092147859
LSTM,Persistence,7,11507500,-0.5783081098168859
LSTM,Persistence,7,12056500,-0.20246782869376223
LSTM,Persistence,7,12115000,-0.14308514489852564
LSTM,Persistence,7,12117600,-0.17946254272890383
LSTM,Persistence,7,12210700,-0.356676125246322
LSTM,Persistence,7,12212050,-0.2967352518191657
LSTM,Persistence,7,12213100,-0.34359872692236526
LSTM,Persistence,7,12363000,-0.27042564665821467
LSTM,Persistence,7,12398600,-0.4185570027735068
LSTM,Persistence,7,13018350,-0.5441006366077004
LSTM,Persistence,7,13154500,-0.25531275944023113
LSTM,Persistence,7,13317660,-0.42517178616823326
LSTM,Persistence,7,13342500,-0.2829497507407952
LSTM,Persistence,7,14091500,-0.1724383311887473
LSTM,Persistence,7,14150800,-0.4598504395395959
LSTM,Persistence,7,14151000,-0.15062774695264358
LSTM,Persistence,7,14152000,-0.1973587079760134
LSTM,Persistence,7,14153500,-0.17966808779694188
LSTM,Persistence,7,14154500,-0.42163777620539844
LSTM,Persistence,7,14159500,-0.14368967930172794
LSTM,Persistence,7,14161500,-0.2905753718730337
LSTM,Persistence,7,14179000,-0.21763528362632112
LSTM,Persistence,7,14185000,-0.3956251618313391
LSTM,Persistence,7,14210000,-0.30139560436164436
LSTM,Persistence,7,14211499,-0.5025375302956709
LSTM,Persistence,7,14211500,-0.57297316860856
LSTM,Persistence,7,14320934,-0.3082863047549307
LSTM,Persistence,7,255534081324000,-0.7330209086553383
LSTM,DampedPersistence,1,01073319,-0.16660094204540332
LSTM,DampedPersistence,1,01104415,-0.09047704230760978
LSTM,DampedPersistence,1,01104455,-0.061926010644693275
LSTM,DampedPersistence,1,01104475,-0.09156917952334043
LSTM,DampedPersistence,1,01129500,-0.157664492899383
LSTM,DampedPersistence,1,01400500,-0.241482304220615
LSTM,DampedPersistence,1,01408029,-0.2610499994551898
LSTM,DampedPersistence,1,01425000,0.09919858084207961
LSTM,DampedPersistence,1,01426500,-0.018410179204969346
LSTM,DampedPersistence,1,01427207,-0.18808933313659404
LSTM,DampedPersistence,1,01428500,-0.19960251767894155
LSTM,DampedPersistence,1,01463500,-0.19006609113839856
LSTM,DampedPersistence,1,01480617,-0.19184612266989765
LSTM,DampedPersistence,1,01540500,-0.1398096955262561
LSTM,DampedPersistence,1,01542500,-0.20925400497831692
LSTM,DampedPersistence,1,01549700,-0.21347253970919067
LSTM,DampedPersistence,1,02110701,-0.25556782696963387
LSTM,DampedPersistence,1,02176930,-0.16148204463972882
LSTM,DampedPersistence,1,02266300,-0.18641145075873433
LSTM,DampedPersistence,1,02330450,-0.12767747573206134
LSTM,DampedPersistence,1,02334430,0.21711883154446296
LSTM,DampedPersistence,1,02334885,-0.2288276361104078
LSTM,DampedPersistence,1,02336120,-0.20657449731499888
LSTM,DampedPersistence,1,02336300,-0.2131014864330193
LSTM,DampedPersistence,1,02336728,-0.10565282428805367
LSTM,DampedPersistence,1,02397000,-0.17499999478865275
LSTM,DampedPersistence,1,02455980,-0.16381827131464544
LSTM,DampedPersistence,1,02458450,-0.16027460770871482
LSTM,DampedPersistence,1,02474560,-0.20964929776824126
LSTM,DampedPersistence,1,03007800,-0.2237124154675395
LSTM,DampedPersistence,1,03034000,-0.2288765006625918
LSTM,DampedPersistence,1,03036000,0.08363984044229877
LSTM,DampedPersistence,1,03047000,-0.010231941485148943
LSTM,DampedPersistence,1,03077500,0.1984037484241713
LSTM,DampedPersistence,1,03105500,-0.21637415481515543
LSTM,DampedPersistence,1,03106000,-0.26640539008431763
LSTM,DampedPersistence,1,03301900,-0.15945623305601475
LSTM,DampedPersistence,1,03353200,-0.22708381198596173
LSTM,DampedPersistence,1,03456991,-0.18109337156511274
LSTM,DampedPersistence,1,04027000,-0.1682631234726395
LSTM,DampedPersistence,1,04043238,-0.11008318122071514
LSTM,DampedPersistence,1,04043244,-0.11012820367646237
LSTM,DampedPersistence,1,04067500,-0.11430969420921233
LSTM,DampedPersistence,1,04077630,-0.1301891439031304
LSTM,DampedPersistence,1,04124200,0.17371129747997152
LSTM,DampedPersistence,1,04125460,-0.1824565722104129
LSTM,DampedPersistence,1,04137005,0.03484970995488157
LSTM,DampedPersistence,1,04176500,-0.16543459384767262
LSTM,DampedPersistence,1,04208000,-0.24687926130913052
LSTM,DampedPersistence,1,05054000,-0.01352613389971874
LSTM,DampedPersistence,1,05057000,-0.1360834739909772
LSTM,DampedPersistence,1,05289800,-0.08053335092009617
LSTM,DampedPersistence,1,05331833,-0.09039616257302463
LSTM,DampedPersistence,1,05370000,0.02228080395825771
LSTM,DampedPersistence,1,05382255,-0.02645495166445333
LSTM,DampedPersistence,1,05382257,-0.018717465776675768
LSTM,DampedPersistence,1,05406457,0.03173297602145586
LSTM,DampedPersistence,1,05458300,-0.19758926111459885
LSTM,DampedPersistence,1,05517000,-0.22764082424785426
LSTM,DampedPersistence,1,06036805,-0.05976965061313855
LSTM,DampedPersistence,1,06036905,-0.08138634991105331
LSTM,DampedPersistence,1,06036940,-0.004433993747949172
LSTM,DampedPersistence,1,06041000,-0.07829080845437725
LSTM,DampedPersistence,1,06623800,0.05407948181634048
LSTM,DampedPersistence,1,06894000,-0.223518805077364
LSTM,DampedPersistence,1,06934500,-0.10068994610770932
LSTM,DampedPersistence,1,07106000,-0.042892920798464074
LSTM,DampedPersistence,1,07178200,-0.1764474802086985
LSTM,DampedPersistence,1,07194880,-0.03800689821964853
LSTM,DampedPersistence,1,07332622,-0.1827739397390895
LSTM,DampedPersistence,1,08048000,-0.14263391862814168
LSTM,DampedPersistence,1,08052700,-0.20381834796097875
LSTM,DampedPersistence,1,08065350,-0.18286229834958917
LSTM,DampedPersistence,1,08070200,-0.17951482016741782
LSTM,DampedPersistence,1,08123850,-0.24526133443300002
LSTM,DampedPersistence,1,09136100,-0.04835575868326847
LSTM,DampedPersistence,1,09144250,-0.08121915539074098
LSTM,DampedPersistence,1,09149500,-0.0849373918761478
LSTM,DampedPersistence,1,09163500,-0.11723501194970104
LSTM,DampedPersistence,1,09180000,-0.09573301236664766
LSTM,DampedPersistence,1,09261000,-0.11002322682250298
LSTM,DampedPersistence,1,09302000,-0.04912240030505399
LSTM,DampedPersistence,1,09380000,0.11614779813162024
LSTM,DampedPersistence,1,10129900,-0.03542262492899806
LSTM,DampedPersistence,1,10301500,-0.11234127563459995
LSTM,DampedPersistence,1,10351600,-0.19447794445189537
LSTM,DampedPersistence,1,11262900,-0.13752724590684606
LSTM,DampedPersistence,1,11467000,-0.10841000970775044
LSTM,DampedPersistence,1,11507500,-0.18440676200160067
LSTM,DampedPersistence,1,12056500,0.0067874732172220065
LSTM,DampedPersistence,1,12115000,0.14217357529196584
LSTM,DampedPersistence,1,12117600,0.041657623664441035
LSTM,DampedPersistence,1,12210700,-0.036100910800738406
LSTM,DampedPersistence,1,12212050,-0.05300433213666189
LSTM,DampedPersistence,1,12213100,-0.12963125819279198
LSTM,DampedPersistence,1,12363000,-0.04122524745847156
LSTM,DampedPersistence,1,12398600,0.05864317022815335
LSTM,DampedPersistence,1,13018350,-0.09728821347845618
LSTM,DampedPersistence,1,13154500,-0.06679981992738257
LSTM,DampedPersistence,1,13317660,-0.026879673465474263
LSTM,DampedPersistence,1,13342500,-0.055084860011738845
LSTM,DampedPersistence,1,14091500,-0.01535680049061533
LSTM,DampedPersistence,1,14150800,-0.11788021188853615
LSTM,DampedPersistence,1,14151000,0.010875119982234338
LSTM,DampedPersistence,1,14152000,0.02785693197343536
LSTM,DampedPersistence,1,14153500,0.08214747216172258
LSTM,DampedPersistence,1,14154500,-0.14921278528594584
LSTM,DampedPersistence,1,14159500,0.1017395010788299
LSTM,DampedPersistence,1,14161500,-0.017919978895435562
LSTM,DampedPersistence,1,14179000,-0.03180234752744304
LSTM,DampedPersistence,1,14185000,-0.10051385535003177
LSTM,DampedPersistence,1,14210000,0.02506720522177225
LSTM,DampedPersistence,1,14211499,-0.11758445200175793
LSTM,DampedPersistence,1,14211500,-0.15246714969627084
LSTM,DampedPersistence,1,14320934,-0.1016371801745179
LSTM,DampedPersistence,1,255534081324000,-0.19460804742990012
LSTM,DampedPersistence,3,01073319,-0.13812224889765834
LSTM,DampedPersistence,3,01104415,-0.03773730940184272
LSTM,DampedPersistence,3,01104455,-0.056785751633298576
LSTM,DampedPersistence,3,01104475,-0.029960370393185665
LSTM,DampedPersistence,3,01129500,-0.12519904753978994
LSTM,DampedPersistence,3,01400500,-0.1504508492564749
LSTM,DampedPersistence,3,01408029,-0.14197390773253105
LSTM,DampedPersistence,3,01425000,0.1464385946444845
LSTM,DampedPersistence,3,01426500,0.020395995505361864
LSTM,DampedPersistence,3,01427207,-0.15018290986807825
LSTM,DampedPersistence,3,01428500,-0.18393821519597897
LSTM,DampedPersistence,3,01463500,-0.18618182581196763
LSTM,DampedPersistence,3,01480617,-0.12415623355891192
LSTM,DampedPersistence,3,01540500,-0.1750466119042633
LSTM,DampedPersistence,3,01542500,-0.15151761747173875
LSTM,DampedPersistence,3,01549700,-0.18183180399758458
LSTM,DampedPersistence,3,02110701,-0.19741786892333435
LSTM,DampedPersistence,3,02176930,-0.159899965481199
LSTM,DampedPersistence,3,02266300,-0.10167700452068362
LSTM,DampedPersistence,3,02330450,-0.12493462538694478
LSTM,DampedPersistence,3,02334430,0.2103516468569493
LSTM,DampedPersistence,3,02334885,-0.19103873245919312
LSTM,DampedPersistence,3,02336120,-0.1573377617271583
LSTM,DampedPersistence,3,02336300,-0.16126760262561968
LSTM,DampedPersistence,3,02336728,0.02263700093950738
LSTM,DampedPersistence,3,02397000,-0.18900732421401
LSTM,DampedPersistence,3,02455980,-0.11165552854349525
LSTM,DampedPersistence,3,02458450,-0.11168731017993094
LSTM,DampedPersistence,3,02474560,-0.18417960638694053
LSTM,DampedPersistence,3,03007800,-0.15731928568630282
LSTM,DampedPersistence,3,03034000,-0.1655017520820432
LSTM,DampedPersistence,3,03036000,-0.040745034657298174
LSTM,DampedPersistence,3,03047000,-0.17590252476013735
LSTM,DampedPersistence,3,03077500,0.14919668618618875
LSTM,DampedPersistence,3,03105500,-0.2012424167765121
LSTM,DampedPersistence,3,03106000,-0.20928870210420625
LSTM,DampedPersistence,3,03301900,-0.09636957472029373
LSTM,DampedPersistence,3,03353200,-0.16820481976010515
LSTM,DampedPersistence,3,03456991,-0.13830636079435976
LSTM,DampedPersistence,3,04027000,-0.12455475091611667
LSTM,DampedPersistence,3,04043238,-0.05265188055814063
LSTM,DampedPersistence,3,04043244,-0.04711166288486135
LSTM,DampedPersistence,3,04067500,-0.09405737706846273
LSTM,DampedPersistence,3,04077630,-0.12424252159436255
LSTM,DampedPersistence,3,04124200,0.149987751461563
LSTM,DampedPersistence,3,04125460,-0.1011723948289982
LSTM,DampedPersistence,3,04137005,-0.014793384780494634
LSTM,DampedPersistence,3,04176500,-0.15377168212882464
LSTM,DampedPersistence,3,04208000,-0.17855739832009498
LSTM,DampedPersistence,3,05054000,-0.019577462616712782
LSTM,DampedPersistence,3,05057000,-0.1048236620803229
LSTM,DampedPersistence,3,05289800,-0.07389471891898736
LSTM,DampedPersistence,3,05331833,-0.044725184225905545
LSTM,DampedPersistence,3,05370000,0.011093340960298459
LSTM,DampedPersistence,3,05382255,-0.025202290594216636
LSTM,DampedPersistence,3,05382257,-0.009937640995985264
LSTM,DampedPersistence,3,05406457,0.03716737094607736
LSTM,DampedPersistence,3,05458300,-0.18690104405184615
LSTM,DampedPersistence,3,05517000,-0.16517564585267253
LSTM,DampedPersistence,3,06036805,-0.05744604628850425
LSTM,DampedPersistence,3,06036905,-0.04601381964716822
LSTM,DampedPersistence,3,06036940,0.0388767396360814
LSTM,DampedPersistence,3,06041000,-0.11332904179371739
LSTM,DampedPersistence,3,06623800,0.02883328998981327
LSTM,DampedPersistence,3,06894000,-0.18508466386822775
LSTM,DampedPersistence,3,06934500,-0.12118442968630405
LSTM,DampedPersistence,3,07106000,0.02268620799059029
LSTM,DampedPersistence,3,07178200,-0.11697878431765263
LSTM,DampedPersistence,3,07194880,-0.02522572395706968
LSTM,DampedPersistence,3,07332622,-0.11452990059685897
LSTM,DampedPersistence,3,08048000,-0.08828878581967259
LSTM,DampedPersistence,3,08052700,-0.11660467055638435
LSTM,DampedPersistence,3,08065350,-0.1676828512627908
LSTM,DampedPersistence,3,08070200,-0.14878360662091739
LSTM,DampedPersistence,3,08123850,-0.0883856277842816
LSTM,DampedPersistence,3,09136100,-0.018306396595447527
LSTM,DampedPersistence,3,09144250,-0.05812998474351794
LSTM,DampedPersistence,3,09149500,-0.04917408160736625
LSTM,DampedPersistence,3,09163500,-0.12589582708236446
LSTM,DampedPersistence,3,09180000,-0.10288515342204119
LSTM,DampedPersistence,3,09261000,-0.14382465331617933
LSTM,DampedPersistence,3,09302000,-0.053515141152851387
LSTM,DampedPersistence,3,09380000,0.346524350933467
LSTM,DampedPersistence,3,10129900,-0.04707728326731386
LSTM,DampedPersistence,3,10301500,-0.06625752273059216
LSTM,DampedPersistence,3,10351600,-0.1454471741655734
LSTM,DampedPersistence,3,11262900,-0.07920264881061212
LSTM,DampedPersistence,3,11467000,-0.08567313755210604
LSTM,DampedPersistence,3,11507500,-0.1449554370197319
LSTM,DampedPersistence,3,12056500,0.006533552290392097
LSTM,DampedPersistence,3,12115000,0.12363071275070237
LSTM,DampedPersistence,3,12117600,0.02491597265057177
LSTM,DampedPersistence,3,12210700,-0.015614964109113671
LSTM,DampedPersistence,3,12212050,-0.02891260734747525
LSTM,DampedPersistence,3,12213100,-0.06440192980200732
LSTM,DampedPersistence,3,12363000,-0.0005329686852824089
LSTM,DampedPersistence,3,12398600,-0.01752481482322199
LSTM,DampedPersistence,3,13018350,-0.06898536574968261
LSTM,DampedPersistence,3,13154500,-0.12562250727878876
LSTM,DampedPersistence,3,13317660,-0.0366066656584465
LSTM,DampedPersistence,3,13342500,-0.021826248443159724
LSTM,DampedPersistence,3,14091500,0.04635641030470672
LSTM,DampedPersistence,3,14150800,-0.08602117748918947
LSTM,DampedPersistence,3,14151000,-0.0007382763442036477
LSTM,DampedPersistence,3,14152000,-0.0023067644241385743
LSTM,DampedPersistence,3,14153500,0.03058016113651396
LSTM,DampedPersistence,3,14154500,-0.11694614812513637
LSTM,DampedPersistence,3,14159500,0.058756436499968534
LSTM,DampedPersistence,3,14161500,-0.005369361024108232
LSTM,DampedPersistence,3,14179000,-0.002915604819353046
LSTM,DampedPersistence,3,14185000,-0.07490293590470731
LSTM,DampedPersistence,3,14210000,-0.06406160570993369
LSTM,DampedPersistence,3,14211499,-0.05205269352936659
LSTM,DampedPersistence,3,14211500,-0.08549261680985731
LSTM,DampedPersistence,3,14320934,-0.03832026722311577
LSTM,DampedPersistence,3,255534081324000,-0.15233934167338825
LSTM,DampedPersistence,7,01073319,-0.09259473742655566
LSTM,DampedPersistence,7,01104415,-0.006521460738242668
LSTM,DampedPersistence,7,01104455,-0.0674824553371427
LSTM,DampedPersistence,7,01104475,0.0091115610115311
LSTM,DampedPersistence,7,01129500,-0.0657767321515943
LSTM,DampedPersistence,7,01400500,-0.07510466882279365
LSTM,DampedPersistence,7,01408029,-0.05548738593005753
LSTM,DampedPersistence,7,01425000,0.11482784480238184
LSTM,DampedPersistence,7,01426500,0.050153561030603866
LSTM,DampedPersistence,7,01427207,-0.0676134830705557
LSTM,DampedPersistence,7,01428500,-0.11150175560689046
LSTM,DampedPersistence,7,01463500,-0.10566297287767368
LSTM,DampedPersistence,7,01480617,0.0018886740183736705
LSTM,DampedPersistence,7,01540500,-0.11224970575829452
LSTM,DampedPersistence,7,01542500,-0.05831546089563666
LSTM,DampedPersistence,7,01549700,-0.09052265860460684
LSTM,DampedPersistence,7,02110701,-0.06536125291316086
LSTM,DampedPersistence,7,02176930,-0.06048559053493907
LSTM,DampedPersistence,7,02266300,-0.029749831034194818
LSTM,DampedPersistence,7,02330450,-0.04072803726498764
LSTM,DampedPersistence,7,02334430,0.02323703098551755
LSTM,DampedPersistence,7,02334885,-0.09215943285438755
LSTM,DampedPersistence,7,02336120,-0.05997463119775315
LSTM,DampedPersistence,7,02336300,-0.0663412052340897
LSTM,DampedPersistence,7,02336728,-0.004865738702619193
LSTM,DampedPersistence,7,02397000,-0.10671810019786765
LSTM,DampedPersistence,7,02455980,-0.03253405244133378
LSTM,DampedPersistence,7,02458450,-0.04304782856269296
LSTM,DampedPersistence,7,02474560,-0.12853715753598838
LSTM,DampedPersistence,7,03007800,-0.06979100204298172
LSTM,DampedPersistence,7,03034000,-0.08822283329669922
LSTM,DampedPersistence,7,03036000,-0.054968911841601686
LSTM,DampedPersistence,7,03047000,-0.12305515442435944
LSTM,DampedPersistence,7,03077500,0.05448901776300896
LSTM,DampedPersistence,7,03105500,-0.089584863515765
LSTM,DampedPersistence,7,03106000,-0.09563731652708984
LSTM,DampedPersistence,7,03301900,-0.0005512990364699988
LSTM,DampedPersistence,7,03353200,-0.0807367455313659
LSTM,DampedPersistence,7,03456991,-0.05056074781705888
LSTM,DampedPersistence,7,04027000,-0.08816224127968209
LSTM,DampedPersistence,7,04043238,-0.04628901669386831
LSTM,DampedPersistence,7,04043244,-0.03574133380162481
LSTM,DampedPersistence,7,04067500,-0.10405421922624436
LSTM,DampedPersistence,7,04077630,-0.1000356717821389
LSTM,DampedPersistence,7,04124200,0.07073597368636708
LSTM,DampedPersistence,7,04125460,-0.0681002561388282
LSTM,DampedPersistence,7,04137005,-0.03208844101380559
LSTM,DampedPersistence,7,04176500,-0.10391474975297688
LSTM,DampedPersistence,7,04208000,-0.0880119334356122
LSTM,DampedPersistence,7,05054000,-0.04529139168433782
LSTM,DampedPersistence,7,05057000,-0.08028452328712454
LSTM,DampedPersistence,7,05289800,-0.1091794793548766
LSTM,DampedPersistence,7,05331833,-0.02790585092912079
LSTM,DampedPersistence,7,05370000,-0.05558335211660159
LSTM,DampedPersistence,7,05382255,-0.04050261462926308
LSTM,DampedPersistence,7,05382257,0.004490494635866371
LSTM,DampedPersistence,7,05406457,-0.00779062188532742
LSTM,DampedPersistence,7,05458300,-0.15685933319282697
LSTM,DampedPersistence,7,05517000,-0.07553711266324026
LSTM,DampedPersistence,7,06036805,-0.04160138534904978
LSTM,DampedPersistence,7,06036905,-0.01847312098588283
LSTM,DampedPersistence,7,06036940,-0.05149499481251896
LSTM,DampedPersistence,7,06041000,-0.06102140086705399
LSTM,DampedPersistence,7,06623800,0.009998203713574405
LSTM,DampedPersistence,7,06894000,-0.1060005915748774
LSTM,DampedPersistence,7,06934500,-0.10032002896481584
LSTM,DampedPersistence,7,07106000,0.00876565003987051
LSTM,DampedPersistence,7,07178200,-0.06953426751142455
LSTM,DampedPersistence,7,07194880,-0.03799988217309558
LSTM,DampedPersistence,7,07332622,-0.05409780807919162
LSTM,DampedPersistence,7,08048000,-0.05748521306508714
LSTM,DampedPersistence,7,08052700,-0.047540179853686304
LSTM,DampedPersistence,7,08065350,-0.12837651775970427
LSTM,DampedPersistence,7,08070200,-0.08199525252355055
LSTM,DampedPersistence,7,08123850,0.0026790463003347753
LSTM,DampedPersistence,7,09136100,-0.015116639159836076
LSTM,DampedPersistence,7,09144250,-0.046253754201155406
LSTM,DampedPersistence,7,09149500,-0.013002888068484042
LSTM,DampedPersistence,7,09163500,-0.07772761949719253
LSTM,DampedPersistence,7,09180000,-0.06068120748246586
LSTM,DampedPersistence,7,09261000,-0.08970319132894478
LSTM,DampedPersistence,7,09302000,-0.05655075178734914
LSTM,DampedPersistence,7,09380000,0.3484405279131657
LSTM,DampedPersistence,7,10129900,-0.009716158583082946
LSTM,DampedPersistence,7,10301500,-0.02011005656587561
LSTM,DampedPersistence,7,10351600,-0.08598644005327194
LSTM,DampedPersistence,7,11262900,-0.05089464377535391
LSTM,DampedPersistence,7,11467000,-0.05389597473120644
LSTM,DampedPersistence,7,11507500,-0.10104793597698225
LSTM,DampedPersistence,7,12056500,-0.01015841224365266
LSTM,DampedPersistence,7,12115000,0.0063332941653336805
LSTM,DampedPersistence,7,12117600,-0.016740981147842393
LSTM,DampedPersistence,7,12210700,-0.03445412105993162
LSTM,DampedPersistence,7,12212050,-0.02074413735679914
LSTM,DampedPersistence,7,12213100,-0.03999724411129457
LSTM,DampedPersistence,7,12363000,-0.014557957646247122
LSTM,DampedPersistence,7,12398600,-0.015894922111244103
LSTM,DampedPersistence,7,13018350,-0.03877178669797088
LSTM,DampedPersistence,7,13154500,-0.07047976381133236
LSTM,DampedPersistence,7,13317660,-0.010825476832753367
LSTM,DampedPersistence,7,13342500,-0.009978804613720804
LSTM,DampedPersistence,7,14091500,0.04939438884829028
LSTM,DampedPersistence,7,14150800,-0.07353075254879404
LSTM,DampedPersistence,7,14151000,-0.013808216509801463
LSTM,DampedPersistence,7,14152000,-0.027392776415581466
LSTM,DampedPersistence,7,14153500,0.005397250040859558
LSTM,DampedPersistence,7,14154500,-0.08956671385360049
LSTM,DampedPersistence,7,14159500,0.02243612812186646
LSTM,DampedPersistence,7,14161500,-0.04073468995839513
LSTM,DampedPersistence,7,14179000,-0.030757069054053066
LSTM,DampedPersistence,7,14185000,-0.05655913467830609
LSTM,DampedPersistence,7,14210000,-0.056273386082901444
LSTM,DampedPersistence,7,14211499,-0.041108219853735806
LSTM,DampedPersistence,7,14211500,-0.06730844705427419
LSTM,DampedPersistence,7,14320934,-0.042501750170529595
LSTM,DampedPersistence,7,255534081324000,-0.10599179986264895
LSTM,Climatology,1,01073319,-1.199457053337628
LSTM,Climatology,1,01104415,-0.758982265288642
LSTM,Climatology,1,01104455,-0.9982983318017502
LSTM,Climatology,1,01104475,-1.108178959683635
LSTM,Climatology,1,01129500,-1.101275461897269
LSTM,Climatology,1,01400500,-1.4390673917016334
LSTM,Climatology,1,01408029,-1.219301956600334
LSTM,Climatology,1,01425000,-0.8831078863537687
LSTM,Climatology,1,01426500,-0.8087943381104503
LSTM,Climatology,1,01427207,-1.1526207228041465
LSTM,Climatology,1,01428500,-1.4803778862598942
LSTM,Climatology,1,01463500,-1.3797536308895686
LSTM,Climatology,1,01480617,-1.1942608818630398
LSTM,Climatology,1,01540500,-1.4456944690758617
LSTM,Climatology,1,01542500,-1.4520287794277271
LSTM,Climatology,1,01549700,-1.5489304071389687
LSTM,Climatology,1,02110701,-1.524130542749285
LSTM,Climatology,1,02176930,-1.302681055835634
LSTM,Climatology,1,02266300,-1.3740190262726069
LSTM,Climatology,1,02330450,-1.0641388516651458
LSTM,Climatology,1,02334430,-1.2929516965478551
LSTM,Climatology,1,02334885,-1.440006877878594
LSTM,Climatology,1,02336120,-1.3682293467692186
LSTM,Climatology,1,02336300,-1.411669051435148
LSTM,Climatology,1,02336728,-2.612226352219804
LSTM,Climatology,1,02397000,-1.2138730085907237
LSTM,Climatology,1,02455980,-0.990888598432133
LSTM,Climatology,1,02458450,-1.1799864035073555
LSTM,Climatology,1,02474560,-1.9920565271432384
LSTM,Climatology,1,03007800,-1.4473462473021588
LSTM,Climatology,1,03034000,-1.4379832776977035
LSTM,Climatology,1,03036000,-1.0996335406573277
LSTM,Climatology,1,03047000,-1.2887990280066748
LSTM,Climatology,1,03077500,-0.9670661584663109
LSTM,Climatology,1,03105500,-1.609062251344366
LSTM,Climatology,1,03106000,-1.5782740214602704
LSTM,Climatology,1,03301900,-1.26578120478226
LSTM,Climatology,1,03353200,-1.4168357899815653
LSTM,Climatology,1,03456991,-1.2253502486343448
LSTM,Climatology,1,04027000,-1.4063242547313182
LSTM,Climatology,1,04043238,-0.9638685449700319
LSTM,Climatology,1,04043244,-0.8798399761717681
LSTM,Climatology,1,04067500,-1.293739681313402
LSTM,Climatology,1,04077630,-1.1424548967728623
LSTM,Climatology,1,04124200,-0.7310282123553047
LSTM,Climatology,1,04125460,-1.0345422756712588
LSTM,Climatology,1,04137005,-1.0568684043252836
LSTM,Climatology,1,04176500,-1.492219139851512
LSTM,Climatology,1,04208000,-1.4144040729463279
LSTM,Climatology,1,05054000,-1.6228296641441267
LSTM,Climatology,1,05057000,-1.5511991937483933
LSTM,Climatology,1,05289800,-1.3557129163297659
LSTM,Climatology,1,05331833,-0.9999598414264794
LSTM,Climatology,1,05370000,-0.9066692954437008
LSTM,Climatology,1,05382255,-0.7592150297098232
LSTM,Climatology,1,05382257,-0.6063204929934627
LSTM,Climatology,1,05406457,-0.5352834962417775
LSTM,Climatology,1,05458300,-1.6492288798685415
LSTM,Climatology,1,05517000,-1.6021956704238962
LSTM,Climatology,1,06036805,-0.836969808580833
LSTM,Climatology,1,06036905,-1.035197015930886
LSTM,Climatology,1,06036940,-1.1777711895716758
LSTM,Climatology,1,06041000,-1.2386627054914936
LSTM,Climatology,1,06623800,-0.3017751759016227
LSTM,Climatology,1,06894000,-1.5406674246541912
LSTM,Climatology,1,06934500,-1.4134166504709538
LSTM,Climatology,1,07106000,-0.6952679785519662
LSTM,Climatology,1,07178200,-1.693624193123283
LSTM,Climatology,1,07194880,-0.6697365983853764
LSTM,Climatology,1,07332622,-1.5167009353801992
LSTM,Climatology,1,08048000,-1.538735362665843
LSTM,Climatology,1,08052700,-1.5418903119396843
LSTM,Climatology,1,08065350,-1.8720873105822116
LSTM,Climatology,1,08070200,-1.7691590347047592
LSTM,Climatology,1,08123850,-1.5137538087371412
LSTM,Climatology,1,09136100,-1.220298012867108
LSTM,Climatology,1,09144250,-1.2357878960975635
LSTM,Climatology,1,09149500,-0.7645349647578566
LSTM,Climatology,1,09163500,-1.3877960794052633
LSTM,Climatology,1,09180000,-1.4155847470510796
LSTM,Climatology,1,09261000,-1.1078614821670367
LSTM,Climatology,1,09302000,-1.374826968720198
LSTM,Climatology,1,09380000,-3.3060921114083515
LSTM,Climatology,1,10129900,-0.9647857820315235
LSTM,Climatology,1,10301500,-1.245618750114781
LSTM,Climatology,1,10351600,-1.526108051275934
LSTM,Climatology,1,11262900,-0.9480783234810506
LSTM,Climatology,1,11467000,-1.1161800213489685
LSTM,Climatology,1,11507500,-1.5306424437690085
LSTM,Climatology,1,12056500,-0.6215571295361592
LSTM,Climatology,1,12115000,-0.4204403787882882
LSTM,Climatology,1,12117600,-0.6252773277737398
LSTM,Climatology,1,12210700,-0.7747738436385034
LSTM,Climatology,1,12212050,-0.9539360299734875
LSTM,Climatology,1,12213100,-1.079454055764216
LSTM,Climatology,1,12363000,-0.930535288702318
LSTM,Climatology,1,12398600,-1.4339909124824834
LSTM,Climatology,1,13018350,-0.8553978324865076
LSTM,Climatology,1,13154500,-0.8757841224724878
LSTM,Climatology,1,13317660,-0.8900998695091604
LSTM,Climatology,1,13342500,-0.936908748312884
LSTM,Climatology,1,14091500,-0.2524951811100802
LSTM,Climatology,1,14150800,-1.3482626772947777
LSTM,Climatology,1,14151000,-2.39501170152868
LSTM,Climatology,1,14152000,-1.08796979106601
LSTM,Climatology,1,14153500,-2.020754202084527
LSTM,Climatology,1,14154500,-1.7595958530167342
LSTM,Climatology,1,14159500,-0.8737008718132515
LSTM,Climatology,1,14161500,-0.95277518533446
LSTM,Climatology,1,14179000,-1.0034265927964108
LSTM,Climatology,1,14185000,-1.1819529939676787
LSTM,Climatology,1,14210000,-1.1957207592511214
LSTM,Climatology,1,14211499,-1.1366502952591007
LSTM,Climatology,1,14211500,-1.3453847396616494
LSTM,Climatology,1,14320934,-1.4087119866923419
LSTM,Climatology,1,255534081324000,-1.1495306795345481
LSTM,Climatology,3,01073319,-0.3446081715734819
LSTM,Climatology,3,01104415,-0.19322548348905766
LSTM,Climatology,3,01104455,-0.4746969559556051
LSTM,Climatology,3,01104475,-0.4316697205831337
LSTM,Climatology,3,01129500,-0.37158361430310016
LSTM,Climatology,3,01400500,-0.4788538641937772
LSTM,Climatology,3,01408029,-0.31263298677438645
LSTM,Climatology,3,01425000,-0.5354575712988593
LSTM,Climatology,3,01426500,-0.3453618577894284
LSTM,Climatology,3,01427207,-0.37086427459100757
LSTM,Climatology,3,01428500,-0.572061927636097
LSTM,Climatology,3,01463500,-0.5771531714615628
LSTM,Climatology,3,01480617,-0.3714023366884802
LSTM,Climatology,3,01540500,-0.7250397225124752
LSTM,Climatology,3,01542500,-0.5167760458053796
LSTM,Climatology,3,01549700,-0.5815743541633225
LSTM,Climatology,3,02110701,-0.5294733738676014
LSTM,Climatology,3,02176930,-0.5015308627568351
LSTM,Climatology,3,02266300,-0.5427688784183002
LSTM,Climatology,3,02330450,-0.37498317152170424
LSTM,Climatology,3,02334430,-1.161611533353585
LSTM,Climatology,3,02334885,-0.5125823194355505
LSTM,Climatology,3,02336120,-0.45630851393182015
LSTM,Climatology,3,02336300,-0.46816294420551063
LSTM,Climatology,3,02336728,-1.7039589905187875
LSTM,Climatology,3,02397000,-0.544833931253244
LSTM,Climatology,3,02455980,-0.3235201588977552
LSTM,Climatology,3,02458450,-0.4591539332100627
LSTM,Climatology,3,02474560,-1.0804029428173725
LSTM,Climatology,3,03007800,-0.4992009901389798
LSTM,Climatology,3,03034000,-0.4621214882021545
LSTM,Climatology,3,03036000,-0.6681483704304605
LSTM,Climatology,3,03047000,-0.6512665448203852
LSTM,Climatology,3,03077500,-0.8252295471407907
LSTM,Climatology,3,03105500,-0.6895366686608881
LSTM,Climatology,3,03106000,-0.4828036689364068
LSTM,Climatology,3,03301900,-0.4402020799847477
LSTM,Climatology,3,03353200,-0.3974220382627174
LSTM,Climatology,3,03456991,-0.4682609844930963
LSTM,Climatology,3,04027000,-0.5238604117536532
LSTM,Climatology,3,04043238,-0.3110931485842723
LSTM,Climatology,3,04043244,-0.27495572439287264
LSTM,Climatology,3,04067500,-0.5909928744306672
LSTM,Climatology,3,04077630,-0.3600192536104545
LSTM,Climatology,3,04124200,-0.4897959175615665
LSTM,Climatology,3,04125460,-0.3116800801403663
LSTM,Climatology,3,04137005,-0.6290819471576711
LSTM,Climatology,3,04176500,-0.6904401228164638
LSTM,Climatology,3,04208000,-0.4750823545480696
LSTM,Climatology,3,05054000,-1.0769297678202172
LSTM,Climatology,3,05057000,-0.6990703000115801
LSTM,Climatology,3,05289800,-0.6049179510792178
LSTM,Climatology,3,05331833,-0.34268937391484666
LSTM,Climatology,3,05370000,-0.46997608876273866
LSTM,Climatology,3,05382255,-0.26678242863801094
LSTM,Climatology,3,05382257,-0.12780659515457415
LSTM,Climatology,3,05406457,-0.15344513557825645
LSTM,Climatology,3,05458300,-0.6566449600623994
LSTM,Climatology,3,05517000,-0.5962376757742565
LSTM,Climatology,3,06036805,-0.322866060369154
LSTM,Climatology,3,06036905,-0.3324111109482413
LSTM,Climatology,3,06036940,-0.46871106205139657
LSTM,Climatology,3,06041000,-0.6451083337367802
LSTM,Climatology,3,06623800,-0.0840883661119688
LSTM,Climatology,3,06894000,-0.5902477589093498
LSTM,Climatology,3,06934500,-0.8071337051837792
LSTM,Climatology,3,07106000,-0.06975762391567142
LSTM,Climatology,3,07178200,-0.8541635950206901
LSTM,Climatology,3,07194880,-0.20930377171775616
LSTM,Climatology,3,07332622,-0.5387963143180934
LSTM,Climatology,3,08048000,-0.7191216142434338
LSTM,Climatology,3,08052700,-0.4167434538352377
LSTM,Climatology,3,08065350,-0.999379923469611
LSTM,Climatology,3,08070200,-0.8175283168083429
LSTM,Climatology,3,08123850,-0.4080309779698812
LSTM,Climatology,3,09136100,-0.6977650150682015
LSTM,Climatology,3,09144250,-0.6940868606763473
LSTM,Climatology,3,09149500,-0.27542950074797035
LSTM,Climatology,3,09163500,-0.783281864297622
LSTM,Climatology,3,09180000,-0.7538488231006681
LSTM,Climatology,3,09261000,-0.4473838141501738
LSTM,Climatology,3,09302000,-0.754640803915839
LSTM,Climatology,3,09380000,-2.8093902499624956
LSTM,Climatology,3,10129900,-0.4702415501003383
LSTM,Climatology,3,10301500,-0.4871450045331793
LSTM,Climatology,3,10351600,-0.7325421490783832
LSTM,Climatology,3,11262900,-0.22277920849215938
LSTM,Climatology,3,11467000,-0.5716909275848514
LSTM,Climatology,3,11507500,-0.7368823625797316
LSTM,Climatology,3,12056500,-0.35506815039047623
LSTM,Climatology,3,12115000,-0.1986974279984196
LSTM,Climatology,3,12117600,-0.3533292354971367
LSTM,Climatology,3,12210700,-0.3086197394523238
LSTM,Climatology,3,12212050,-0.42264119352947116
LSTM,Climatology,3,12213100,-0.4751503508575188
LSTM,Climatology,3,12363000,-0.5222427063026672
LSTM,Climatology,3,12398600,-1.1297301584104433
LSTM,Climatology,3,13018350,-0.2327006626169128
LSTM,Climatology,3,13154500,-0.5486614603163806
LSTM,Climatology,3,13317660,-0.588230650727115
LSTM,Climatology,3,13342500,-0.47270864479611097
LSTM,Climatology,3,14091500,0.007954149667665833
LSTM,Climatology,3,14150800,-0.6631134637263647
LSTM,Climatology,3,14151000,-1.7788413349572272
LSTM,Climatology,3,14152000,-0.7882090873646094
LSTM,Climatology,3,14153500,-1.7426353879311693
LSTM,Climatology,3,14154500,-1.0312223959409776
LSTM,Climatology,3,14159500,-0.6483076894013655
LSTM,Climatology,3,14161500,-0.5288249935816799
LSTM,Climatology,3,14179000,-0.5650794492015248
LSTM,Climatology,3,14185000,-0.5869244492901018
LSTM,Climatology,3,14210000,-0.8735743735091434
LSTM,Climatology,3,14211499,-0.4076408507317435
LSTM,Climatology,3,14211500,-0.5034522817263822
LSTM,Climatology,3,14320934,-0.7875933414241949
LSTM,Climatology,3,255534081324000,-0.23550536891953988
LSTM,Climatology,7,01073319,-0.04885755709713058
LSTM,Climatology,7,01104415,-0.07291850354523044
LSTM,Climatology,7,01104455,-0.29583031392999226
LSTM,Climatology,7,01104475,-0.18308019650285412
LSTM,Climatology,7,01129500,-0.11513185370271173
LSTM,Climatology,7,01400500,-0.10778104400023603
LSTM,Climatology,7,01408029,-0.11382816362888049
LSTM,Climatology,7,01425000,-0.35982528358679544
LSTM,Climatology,7,01426500,-0.13936978078833162
LSTM,Climatology,7,01427207,-0.03255964745169537
LSTM,Climatology,7,01428500,-0.05058216751048494
LSTM,Climatology,7,01463500,-0.07480747054303016
LSTM,Climatology,7,01480617,-0.08298554985550588
LSTM,Climatology,7,01540500,-0.1617797610801237
LSTM,Climatology,7,01542500,-0.10069247684093918
LSTM,Climatology,7,01549700,-0.12861244112622128
LSTM,Climatology,7,02110701,-0.11152895810395558
LSTM,Climatology,7,02176930,-0.1807979244732918
LSTM,Climatology,7,02266300,-0.20736281472094298
LSTM,Climatology,7,02330450,-0.11244193239455913
LSTM,Climatology,7,02334430,-1.1031180315708309
LSTM,Climatology,7,02334885,-0.13523195836556923
LSTM,Climatology,7,02336120,-0.11773072831888687
LSTM,Climatology,7,02336300,-0.12048600313037872
LSTM,Climatology,7,02336728,-0.9801288879997796
LSTM,Climatology,7,02397000,-0.12567634411844297
LSTM,Climatology,7,02455980,-0.08156887411732439
LSTM,Climatology,7,02458450,-0.15577964907994724
LSTM,Climatology,7,02474560,-0.3799042634283567
LSTM,Climatology,7,03007800,-0.12299216758205311
LSTM,Climatology,7,03034000,-0.13831812971453505
LSTM,Climatology,7,03036000,-0.22409975990202646
LSTM,Climatology,7,03047000,-0.03273617524620276
LSTM,Climatology,7,03077500,-0.7270710017855604
LSTM,Climatology,7,03105500,-0.2694691708777972
LSTM,Climatology,7,03106000,-0.06021046153131415
LSTM,Climatology,7,03301900,-0.13764389442655434
LSTM,Climatology,7,03353200,-0.05792531883199281
LSTM,Climatology,7,03456991,-0.1316082916119452
LSTM,Climatology,7,04027000,-0.16323314099970476
LSTM,Climatology,7,04043238,-0.07081693768417385
LSTM,Climatology,7,04043244,-0.05500039890494968
LSTM,Climatology,7,04067500,-0.04926031656644425
LSTM,Climatology,7,04077630,-0.010419679316192143
LSTM,Climatology,7,04124200,-0.1806011679730818
LSTM,Climatology,7,04125460,-0.04874175198820807
LSTM,Climatology,7,04137005,-0.08894461662108943
LSTM,Climatology,7,04176500,-0.03018709051880819
LSTM,Climatology,7,04208000,-0.09494539550114123
LSTM,Climatology,7,05054000,-0.47859683642773176
LSTM,Climatology,7,05057000,-0.21744075328313395
LSTM,Climatology,7,05289800,-0.1778888526458806
LSTM,Climatology,7,05331833,-0.09001953640549232
LSTM,Climatology,7,05370000,-0.14231075864827836
LSTM,Climatology,7,05382255,-0.032630893411881745
LSTM,Climatology,7,05382257,-0.021921763383207393
LSTM,Climatology,7,05406457,-0.06280959263614894
LSTM,Climatology,7,05458300,-0.10634327258801868
LSTM,Climatology,7,05517000,-0.11684462275789098
LSTM,Climatology,7,06036805,-0.15543760262805462
LSTM,Climatology,7,06036905,-0.12349647940535702
LSTM,Climatology,7,06036940,-0.19071541810941373
LSTM,Climatology,7,06041000,-0.1274885985149541
LSTM,Climatology,7,06623800,-0.013647345073232175
LSTM,Climatology,7,06894000,-0.035532640827935946
LSTM,Climatology,7,06934500,-0.1591141676792962
LSTM,Climatology,7,07106000,-0.011613811322081391
LSTM,Climatology,7,07178200,-0.2905454349580565
LSTM,Climatology,7,07194880,-0.092727443882058
LSTM,Climatology,7,07332622,-0.11734750003655225
LSTM,Climatology,7,08048000,-0.21538857528722843
LSTM,Climatology,7,08052700,-0.05484876519802251
LSTM,Climatology,7,08065350,-0.20495062119617202
LSTM,Climatology,7,08070200,-0.15791673243531967
LSTM,Climatology,7,08123850,-0.033550480117428894
LSTM,Climatology,7,09136100,-0.4742501967947004
LSTM,Climatology,7,09144250,-0.4945891653728238
LSTM,Climatology,7,09149500,-0.13171712588642426
LSTM,Climatology,7,09163500,-0.42201476320087083
LSTM,Climatology,7,09180000,-0.43533767348552144
LSTM,Climatology,7,09261000,-0.06636263019421085
LSTM,Climatology,7,09302000,-0.43259257381887317
LSTM,Climatology,7,09380000,-2.4908595598092886
LSTM,Climatology,7,10129900,-0.27476129883394207
LSTM,Climatology,7,10301500,-0.15722238432861513
LSTM,Climatology,7,10351600,-0.3846076582449256
LSTM,Climatology,7,11262900,-0.05155320575440214
LSTM,Climatology,7,11467000,-0.24378233779344938
LSTM,Climatology,7,11507500,-0.17535604225665868
LSTM,Climatology,7,12056500,-0.20646914286184703
LSTM,Climatology,7,12115000,-0.16352153872498287
LSTM,Climatology,7,12117600,-0.21481018596923995
LSTM,Climatology,7,12210700,-0.14614454015740463
LSTM,Climatology,7,12212050,-0.15220603013025924
LSTM,Climatology,7,12213100,-0.27044703646955304
LSTM,Climatology,7,12363000,-0.33555092572627365
LSTM,Climatology,7,12398600,-0.7143819901947852
LSTM,Climatology,7,13018350,-0.11964632618859117
LSTM,Climatology,7,13154500,-0.2501034067228449
LSTM,Climatology,7,13317660,-0.3602786064852114
LSTM,Climatology,7,13342500,-0.20038751845146274
LSTM,Climatology,7,14091500,0.039680402118794755
LSTM,Climatology,7,14150800,-0.30923518896046853
LSTM,Climatology,7,14151000,-1.2815656304420844
LSTM,Climatology,7,14152000,-0.5374180421264209
LSTM,Climatology,7,14153500,-1.4140031091370235
LSTM,Climatology,7,14154500,-0.6063302052896986
LSTM,Climatology,7,14159500,-0.40545523300174713
LSTM,Climatology,7,14161500,-0.3108177262561822
LSTM,Climatology,7,14179000,-0.37011954776296263
LSTM,Climatology,7,14185000,-0.29647385374873503
LSTM,Climatology,7,14210000,-0.5268920826681758
LSTM,Climatology,7,14211499,-0.10485241352136976
LSTM,Climatology,7,14211500,-0.13486410567180118
LSTM,Climatology,7,14320934,-0.4184679013138797
LSTM,Climatology,7,255534081324000,-0.021928972008850023
LSTM-ext,Persistence,1,01073319,-0.25338761079266725
LSTM-ext,Persistence,1,01104415,-0.13675643792769376
LSTM-ext,Persistence,1,01104455,-0.10830266216316764
LSTM-ext,Persistence,1,01104475,-0.14302248731689982
LSTM-ext,Persistence,1,01129500,-0.22469223978209374
LSTM-ext,Persistence,1,01400500,-0.30729548572828236
LSTM-ext,Persistence,1,01408029,-0.3333042276333419
LSTM-ext,Persistence,1,01425000,0.09267840474861933
LSTM-ext,Persistence,1,01426500,-0.06094046443039669
LSTM-ext,Persistence,1,01427207,-0.2318814809246107
LSTM-ext,Persistence,1,01428500,-0.26034002442918747
LSTM-ext,Persistence,1,01463500,-0.23458270869409148
LSTM-ext,Persistence,1,01480617,-0.2556743084582429
LSTM-ext,Persistence,1,01540500,-0.21044989980290918
LSTM-ext,Persistence,1,01542500,-0.2788359726004308
LSTM-ext,Persistence,1,01549700,-0.27467161154717
LSTM-ext,Persistence,1,02110701,-0.3031199132072594
LSTM-ext,Persistence,1,02176930,-0.20632057428766204
LSTM-ext,Persistence,1,02266300,-0.22846893029989812
LSTM-ext,Persistence,1,02330450,-0.16581407828458883
LSTM-ext,Persistence,1,02334430,0.17362719184842093
LSTM-ext,Persistence,1,02334885,-0.2736835062191363
LSTM-ext,Persistence,1,02336120,-0.2663985615565816
LSTM-ext,Persistence,1,02336300,-0.27627788108110996
LSTM-ext,Persistence,1,02336728,-0.12719879355762043
LSTM-ext,Persistence,1,02397000,-0.20997497124269965
LSTM-ext,Persistence,1,02455980,-0.19889951671806838
LSTM-ext,Persistence,1,02458450,-0.19522031750821556
LSTM-ext,Persistence,1,02474560,-0.24902054091992099
LSTM-ext,Persistence,1,03007800,-0.2909977404988444
LSTM-ext,Persistence,1,03034000,-0.2878395969491777
LSTM-ext,Persistence,1,03036000,0.10325935535658626
LSTM-ext,Persistence,1,03047000,-0.004151240125828126
LSTM-ext,Persistence,1,03077500,0.2096250573549508
LSTM-ext,Persistence,1,03105500,-0.27729349240155154
LSTM-ext,Persistence,1,03106000,-0.3501215484049822
LSTM-ext,Persistence,1,03301900,-0.22636973322034015
LSTM-ext,Persistence,1,03353200,-0.30468048542542603
LSTM-ext,Persistence,1,03456991,-0.2074975941087165
LSTM-ext,Persistence,1,04027000,-0.3081102922371868
LSTM-ext,Persistence,1,04043238,-0.15911317457285812
LSTM-ext,Persistence,1,04043244,-0.14770089315913493
LSTM-ext,Persistence,1,04067500,-0.18164798461345455
LSTM-ext,Persistence,1,04077630,-0.22241872986052136
LSTM-ext,Persistence,1,04124200,0.1749798125869117
LSTM-ext,Persistence,1,04125460,-0.2030159017947918
LSTM-ext,Persistence,1,04137005,0.026477578734712348
LSTM-ext,Persistence,1,04176500,-0.19736508043561657
LSTM-ext,Persistence,1,04208000,-0.3022077868731059
LSTM-ext,Persistence,1,05054000,-0.05154015556687297
LSTM-ext,Persistence,1,05057000,-0.24404201126523006
LSTM-ext,Persistence,1,05289800,-0.12249772542002957
LSTM-ext,Persistence,1,05331833,-0.14265549273540556
LSTM-ext,Persistence,1,05370000,0.02140676829379501
LSTM-ext,Persistence,1,05382255,-0.038449632003618284
LSTM-ext,Persistence,1,05382257,-0.06715288405284525
LSTM-ext,Persistence,1,05406457,0.025348973695034305
LSTM-ext,Persistence,1,05458300,-0.29714005315009284
LSTM-ext,Persistence,1,05517000,-0.2802473827232931
LSTM-ext,Persistence,1,06036805,-0.06965981469107652
LSTM-ext,Persistence,1,06036905,-0.08737352275701094
LSTM-ext,Persistence,1,06036940,-0.00992080204593293
LSTM-ext,Persistence,1,06041000,-0.1241588851517737
LSTM-ext,Persistence,1,06623800,-0.0012459152976246335
LSTM-ext,Persistence,1,06894000,-0.29072246225214626
LSTM-ext,Persistence,1,06934500,-0.1757265544003221
LSTM-ext,Persistence,1,07106000,-0.04734057125465352
LSTM-ext,Persistence,1,07178200,-0.21064061256419564
LSTM-ext,Persistence,1,07194880,-0.04011000716225699
LSTM-ext,Persistence,1,07332622,-0.25719104354387345
LSTM-ext,Persistence,1,08048000,-0.11336619893469202
LSTM-ext,Persistence,1,08052700,-0.2906688669137589
LSTM-ext,Persistence,1,08065350,-0.18370134686328177
LSTM-ext,Persistence,1,08070200,-0.16667317575708307
LSTM-ext,Persistence,1,08123850,-0.32006089785571024
LSTM-ext,Persistence,1,09136100,-0.07781824309949237
LSTM-ext,Persistence,1,09144250,-0.10683677317498474
LSTM-ext,Persistence,1,09149500,-0.12119274015418757
LSTM-ext,Persistence,1,09163500,-0.14355271266592068
LSTM-ext,Persistence,1,09180000,-0.12961392847306952
LSTM-ext,Persistence,1,09261000,-0.12497765589704857
LSTM-ext,Persistence,1,09302000,-0.09398848147346595
LSTM-ext,Persistence,1,09380000,0.05313573732120602
LSTM-ext,Persistence,1,10129900,-0.067170822540351
LSTM-ext,Persistence,1,10301500,-0.14173148351299913
LSTM-ext,Persistence,1,10351600,-0.21463929830132933
LSTM-ext,Persistence,1,11262900,-0.1645427554794766
LSTM-ext,Persistence,1,11467000,-0.1075805506949774
LSTM-ext,Persistence,1,11507500,-0.2165701589800622
LSTM-ext,Persistence,1,12056500,-0.0340842949378215
LSTM-ext,Persistence,1,12115000,0.05017430939219397
LSTM-ext,Persistence,1,12117600,-0.02416462318550744
LSTM-ext,Persistence,1,12210700,-0.05822445623668482
LSTM-ext,Persistence,1,12212050,-0.08738960614277502
LSTM-ext,Persistence,1,12213100,-0.11270425266469364
LSTM-ext,Persistence,1,12363000,-0.045149224627117956
LSTM-ext,Persistence,1,12398600,0.005654134884844453
LSTM-ext,Persistence,1,13018350,-0.13310960211177014
LSTM-ext,Persistence,1,13154500,-0.02756597595938065
LSTM-ext,Persistence,1,13317660,-0.06596303256450928
LSTM-ext,Persistence,1,13342500,-0.06255071149400548
LSTM-ext,Persistence,1,14091500,-0.02660170864286815
LSTM-ext,Persistence,1,14150800,-0.13991135753711692
LSTM-ext,Persistence,1,14151000,-0.00902933914663484
LSTM-ext,Persistence,1,14152000,-0.009445021577404789
LSTM-ext,Persistence,1,14153500,0.045218729990789464
LSTM-ext,Persistence,1,14154500,-0.16218942637041467
LSTM-ext,Persistence,1,14159500,0.04425900011841216
LSTM-ext,Persistence,1,14161500,-0.06268614883557871
LSTM-ext,Persistence,1,14179000,-0.06457811402920066
LSTM-ext,Persistence,1,14185000,-0.1167949910606253
LSTM-ext,Persistence,1,14210000,-0.0327882278314644
LSTM-ext,Persistence,1,14211499,-0.1512570025354344
LSTM-ext,Persistence,1,14211500,-0.18424912098993873
LSTM-ext,Persistence,1,14320934,-0.10395117916346219
LSTM-ext,Persistence,1,255534081324000,-0.19880894353751988
LSTM-ext,Persistence,3,01073319,-0.3812217965778253
LSTM-ext,Persistence,3,01104415,-0.29668079870584285
LSTM-ext,Persistence,3,01104455,-0.1806804806371609
LSTM-ext,Persistence,3,01104475,-0.2654455980219117
LSTM-ext,Persistence,3,01129500,-0.34705751170437216
LSTM-ext,Persistence,3,01400500,-0.35129652464809524
LSTM-ext,Persistence,3,01408029,-0.38369895464176773
LSTM-ext,Persistence,3,01425000,0.15824757353257268
LSTM-ext,Persistence,3,01426500,-0.11255159063542064
LSTM-ext,Persistence,3,01427207,-0.3206499286799538
LSTM-ext,Persistence,3,01428500,-0.3580232357388937
LSTM-ext,Persistence,3,01463500,-0.3116036405500717
LSTM-ext,Persistence,3,01480617,-0.3570696859250151
LSTM-ext,Persistence,3,01540500,-0.33261168263950625
LSTM-ext,Persistence,3,01542500,-0.38387590600992305
LSTM-ext,Persistence,3,01549700,-0.3791120833973449
LSTM-ext,Persistence,3,02110701,-0.44146902878165206
LSTM-ext,Persistence,3,02176930,-0.364878453402514
LSTM-ext,Persistence,3,02266300,-0.2393683392569128
LSTM-ext,Persistence,3,02330450,-0.33847775688024484
LSTM-ext,Persistence,3,02334430,0.32730383558514586
LSTM-ext,Persistence,3,02334885,-0.38662402477621716
LSTM-ext,Persistence,3,02336120,-0.4046940573154145
LSTM-ext,Persistence,3,02336300,-0.4253367296810684
LSTM-ext,Persistence,3,02336728,-0.17286296291780423
LSTM-ext,Persistence,3,02397000,-0.29892538972482363
LSTM-ext,Persistence,3,02455980,-0.33923177919946434
LSTM-ext,Persistence,3,02458450,-0.3371840845112464
LSTM-ext,Persistence,3,02474560,-0.3442323383149828
LSTM-ext,Persistence,3,03007800,-0.37272297592008874
LSTM-ext,Persistence,3,03034000,-0.3852737478581678
LSTM-ext,Persistence,3,03036000,-0.008090042869940639
LSTM-ext,Persistence,3,03047000,-0.22696154843597727
LSTM-ext,Persistence,3,03077500,0.20778887954118852
LSTM-ext,Persistence,3,03105500,-0.39956507474748815
LSTM-ext,Persistence,3,03106000,-0.46566959836340893
LSTM-ext,Persistence,3,03301900,-0.3948492195289812
LSTM-ext,Persistence,3,03353200,-0.42322049020040575
LSTM-ext,Persistence,3,03456991,-0.3142925047938172
LSTM-ext,Persistence,3,04027000,-0.39311455291774733
LSTM-ext,Persistence,3,04043238,-0.25743565782124667
LSTM-ext,Persistence,3,04043244,-0.23803677832035186
LSTM-ext,Persistence,3,04067500,-0.21564223535709304
LSTM-ext,Persistence,3,04077630,-0.32636569651001146
LSTM-ext,Persistence,3,04124200,0.18564482730274157
LSTM-ext,Persistence,3,04125460,-0.25312087261424576
LSTM-ext,Persistence,3,04137005,-0.04101890397148045
LSTM-ext,Persistence,3,04176500,-0.2788660997222039
LSTM-ext,Persistence,3,04208000,-0.3878902158154287
LSTM-ext,Persistence,3,05054000,-0.04159289877788486
LSTM-ext,Persistence,3,05057000,-0.23932404632073712
LSTM-ext,Persistence,3,05289800,-0.1640851721433496
LSTM-ext,Persistence,3,05331833,-0.2594302655595049
LSTM-ext,Persistence,3,05370000,-0.00538341809479892
LSTM-ext,Persistence,3,05382255,-0.16592551457501825
LSTM-ext,Persistence,3,05382257,-0.29505752745863356
LSTM-ext,Persistence,3,05406457,-0.13049069439720729
LSTM-ext,Persistence,3,05458300,-0.3946254724771814
LSTM-ext,Persistence,3,05517000,-0.38795713728754566
LSTM-ext,Persistence,3,06036805,-0.2187324877138186
LSTM-ext,Persistence,3,06036905,-0.2593644948398466
LSTM-ext,Persistence,3,06036940,-0.22287397184913504
LSTM-ext,Persistence,3,06041000,-0.19642876668225728
LSTM-ext,Persistence,3,06623800,-0.06570138279461857
LSTM-ext,Persistence,3,06894000,-0.36544924995113237
LSTM-ext,Persistence,3,06934500,-0.29737362715216964
LSTM-ext,Persistence,3,07106000,-0.23968094068135137
LSTM-ext,Persistence,3,07178200,-0.2137590858101488
LSTM-ext,Persistence,3,07194880,-0.10367613588474134
LSTM-ext,Persistence,3,07332622,-0.43074481136651865
LSTM-ext,Persistence,3,08048000,-0.029119285635417658
LSTM-ext,Persistence,3,08052700,-0.47208238438489225
LSTM-ext,Persistence,3,08065350,-0.21392615313900243
LSTM-ext,Persistence,3,08070200,-0.23902655963642117
LSTM-ext,Persistence,3,08123850,-0.4177254681292255
LSTM-ext,Persistence,3,09136100,-0.1986190587383514
LSTM-ext,Persistence,3,09144250,-0.20890658710864662
LSTM-ext,Persistence,3,09149500,-0.241071519284074
LSTM-ext,Persistence,3,09163500,-0.25730371041910693
LSTM-ext,Persistence,3,09180000,-0.2717305835799959
LSTM-ext,Persistence,3,09261000,-0.2504601608538146
LSTM-ext,Persistence,3,09302000,-0.2124528427369179
LSTM-ext,Persistence,3,09380000,0.020906207830912238
LSTM-ext,Persistence,3,10129900,-0.16949488388909262
LSTM-ext,Persistence,3,10301500,-0.2735162752972029
LSTM-ext,Persistence,3,10351600,-0.31589020817934754
LSTM-ext,Persistence,3,11262900,-0.23137732216646034
LSTM-ext,Persistence,3,11467000,-0.11437184452020221
LSTM-ext,Persistence,3,11507500,-0.24270933934428274
LSTM-ext,Persistence,3,12056500,-0.05181394326725075
LSTM-ext,Persistence,3,12115000,0.13115749107570507
LSTM-ext,Persistence,3,12117600,-0.05397962578999016
LSTM-ext,Persistence,3,12210700,-0.11218644127496158
LSTM-ext,Persistence,3,12212050,-0.12790096015242058
LSTM-ext,Persistence,3,12213100,-0.16517911272495311
LSTM-ext,Persistence,3,12363000,-0.03193707844080629
LSTM-ext,Persistence,3,12398600,-0.12226152370146026
LSTM-ext,Persistence,3,13018350,-0.24347868323397925
LSTM-ext,Persistence,3,13154500,-0.13030845017997483
LSTM-ext,Persistence,3,13317660,-0.16659057111350106
LSTM-ext,Persistence,3,13342500,-0.08791477633527278
LSTM-ext,Persistence,3,14091500,-0.013905913536110703
LSTM-ext,Persistence,3,14150800,-0.1949754010477136
LSTM-ext,Persistence,3,14151000,-0.0474828053208709
LSTM-ext,Persistence,3,14152000,-0.039514700241845
LSTM-ext,Persistence,3,14153500,0.02096299843366689
LSTM-ext,Persistence,3,14154500,-0.21686646794750142
LSTM-ext,Persistence,3,14159500,0.02764822032002101
LSTM-ext,Persistence,3,14161500,-0.09702034370354973
LSTM-ext,Persistence,3,14179000,-0.07556613732250084
LSTM-ext,Persistence,3,14185000,-0.15574535566108638
LSTM-ext,Persistence,3,14210000,-0.09920126114543093
LSTM-ext,Persistence,3,14211499,-0.20238844506324805
LSTM-ext,Persistence,3,14211500,-0.23538032422214128
LSTM-ext,Persistence,3,14320934,-0.09082446005977118
LSTM-ext,Persistence,3,255534081324000,-0.29579234088969386
LSTM-ext,Persistence,7,01073319,-0.7077857995607111
LSTM-ext,Persistence,7,01104415,-0.5296649887156542
LSTM-ext,Persistence,7,01104455,-0.2959309511396415
LSTM-ext,Persistence,7,01104475,-0.45951651060609633
LSTM-ext,Persistence,7,01129500,-0.5917016930668997
LSTM-ext,Persistence,7,01400500,-0.643992129178355
LSTM-ext,Persistence,7,01408029,-0.5616036509739355
LSTM-ext,Persistence,7,01425000,0.21852649737848306
LSTM-ext,Persistence,7,01426500,-0.18924446973375764
LSTM-ext,Persistence,7,01427207,-0.5283110597941765
LSTM-ext,Persistence,7,01428500,-0.6112106463399387
LSTM-ext,Persistence,7,01463500,-0.5242934104871613
LSTM-ext,Persistence,7,01480617,-0.5217107859879633
LSTM-ext,Persistence,7,01540500,-0.5865545094142681
LSTM-ext,Persistence,7,01542500,-0.6285330046152917
LSTM-ext,Persistence,7,01549700,-0.6169361339269006
LSTM-ext,Persistence,7,02110701,-0.627767129116187
LSTM-ext,Persistence,7,02176930,-0.5124377937176989
LSTM-ext,Persistence,7,02266300,-0.17353178312548856
LSTM-ext,Persistence,7,02330450,-0.4894538872125802
LSTM-ext,Persistence,7,02334430,0.5990268045651428
LSTM-ext,Persistence,7,02334885,-0.5599297780058157
LSTM-ext,Persistence,7,02336120,-0.5984754068079168
LSTM-ext,Persistence,7,02336300,-0.6270001839184203
LSTM-ext,Persistence,7,02336728,-0.29203106901467724
LSTM-ext,Persistence,7,02397000,-0.4841317145145152
LSTM-ext,Persistence,7,02455980,-0.4749131532101849
LSTM-ext,Persistence,7,02458450,-0.5336501462282492
LSTM-ext,Persistence,7,02474560,-0.5653535004462928
LSTM-ext,Persistence,7,03007800,-0.5865283396733174
LSTM-ext,Persistence,7,03034000,-0.5734663682175114
LSTM-ext,Persistence,7,03036000,-0.259227074094885
LSTM-ext,Persistence,7,03047000,-0.49032083916683145
LSTM-ext,Persistence,7,03077500,0.1409729688345991
LSTM-ext,Persistence,7,03105500,-0.5977056943541981
LSTM-ext,Persistence,7,03106000,-0.7100236057706595
LSTM-ext,Persistence,7,03301900,-0.5459284407605138
LSTM-ext,Persistence,7,03353200,-0.6837556754915073
LSTM-ext,Persistence,7,03456991,-0.48917131938571723
LSTM-ext,Persistence,7,04027000,-0.749214026962342
LSTM-ext,Persistence,7,04043238,-0.5021709787992445
LSTM-ext,Persistence,7,04043244,-0.4514391598525531
LSTM-ext,Persistence,7,04067500,-0.594504573893279
LSTM-ext,Persistence,7,04077630,-0.6611755131713779
LSTM-ext,Persistence,7,04124200,-0.04984532212918058
LSTM-ext,Persistence,7,04125460,-0.47865686389108086
LSTM-ext,Persistence,7,04137005,-0.3421793972380698
LSTM-ext,Persistence,7,04176500,-0.6280810693755359
LSTM-ext,Persistence,7,04208000,-0.6847578707080442
LSTM-ext,Persistence,7,05054000,-0.34471972666003636
LSTM-ext,Persistence,7,05057000,-0.508238567235229
LSTM-ext,Persistence,7,05289800,-0.5610078199668282
LSTM-ext,Persistence,7,05331833,-0.5676723836770827
LSTM-ext,Persistence,7,05370000,-0.3528741038148826
LSTM-ext,Persistence,7,05382255,-0.4554311995331506
LSTM-ext,Persistence,7,05382257,-0.539906646421219
LSTM-ext,Persistence,7,05406457,-0.28537910724884674
LSTM-ext,Persistence,7,05458300,-0.8441591510062567
LSTM-ext,Persistence,7,05517000,-0.6578295847400493
LSTM-ext,Persistence,7,06036805,-0.381938267238074
LSTM-ext,Persistence,7,06036905,-0.4793819197966478
LSTM-ext,Persistence,7,06036940,-0.494497896641962
LSTM-ext,Persistence,7,06041000,-0.36461634793551845
LSTM-ext,Persistence,7,06623800,-0.22883515364547624
LSTM-ext,Persistence,7,06894000,-0.7102946483406241
LSTM-ext,Persistence,7,06934500,-0.6241101373660916
LSTM-ext,Persistence,7,07106000,-0.5842352625650458
LSTM-ext,Persistence,7,07178200,-0.47216488783311217
LSTM-ext,Persistence,7,07194880,-0.23095404891160043
LSTM-ext,Persistence,7,07332622,-0.7674607943395602
LSTM-ext,Persistence,7,08048000,-0.13434105967533894
LSTM-ext,Persistence,7,08052700,-0.7938011926266451
LSTM-ext,Persistence,7,08065350,-0.4939415601899819
LSTM-ext,Persistence,7,08070200,-0.4701088316188349
LSTM-ext,Persistence,7,08123850,-0.6989038132099394
LSTM-ext,Persistence,7,09136100,-0.4207154645372506
LSTM-ext,Persistence,7,09144250,-0.41076697557595954
LSTM-ext,Persistence,7,09149500,-0.43591265942054536
LSTM-ext,Persistence,7,09163500,-0.4883015975718823
LSTM-ext,Persistence,7,09180000,-0.5077707644459477
LSTM-ext,Persistence,7,09261000,-0.4677378745202603
LSTM-ext,Persistence,7,09302000,-0.4902789294954155
LSTM-ext,Persistence,7,09380000,-0.000409718057663766
LSTM-ext,Persistence,7,10129900,-0.23812739166752106
LSTM-ext,Persistence,7,10301500,-0.5655125766017686
LSTM-ext,Persistence,7,10351600,-0.539260130987957
LSTM-ext,Persistence,7,11262900,-0.36485987058103886
LSTM-ext,Persistence,7,11467000,-0.2364250173665703
LSTM-ext,Persistence,7,11507500,-0.48834731591167047
LSTM-ext,Persistence,7,12056500,-0.14601370933349433
LSTM-ext,Persistence,7,12115000,0.14491052386828784
LSTM-ext,Persistence,7,12117600,-0.13094279919182283
LSTM-ext,Persistence,7,12210700,-0.2739106601059811
LSTM-ext,Persistence,7,12212050,-0.24678209493512093
LSTM-ext,Persistence,7,12213100,-0.310886117284932
LSTM-ext,Persistence,7,12363000,-0.14749928971566906
LSTM-ext,Persistence,7,12398600,-0.3411543002014845
LSTM-ext,Persistence,7,13018350,-0.44187405202492736
LSTM-ext,Persistence,7,13154500,-0.21065387189217955
LSTM-ext,Persistence,7,13317660,-0.39650914739498333
LSTM-ext,Persistence,7,13342500,-0.1737935826248722
LSTM-ext,Persistence,7,14091500,-0.004593000902108346
LSTM-ext,Persistence,7,14150800,-0.39909645568439034
LSTM-ext,Persistence,7,14151000,-0.1693699331183336
LSTM-ext,Persistence,7,14152000,-0.14143404169682927
LSTM-ext,Persistence,7,14153500,-0.055930621509853395
LSTM-ext,Persistence,7,14154500,-0.4001370731355156
LSTM-ext,Persistence,7,14159500,-0.037267321376921014
LSTM-ext,Persistence,7,14161500,-0.24859416183189653
LSTM-ext,Persistence,7,14179000,-0.2149850638751991
LSTM-ext,Persistence,7,14185000,-0.3225953046465029
LSTM-ext,Persistence,7,14210000,-0.2505350431331135
LSTM-ext,Persistence,7,14211499,-0.4272656736405458
LSTM-ext,Persistence,7,14211500,-0.4678662884043381
LSTM-ext,Persistence,7,14320934,-0.26690486955469495
LSTM-ext,Persistence,7,255534081324000,-0.4313585846182897
LSTM-ext,DampedPersistence,1,01073319,-0.21671187015132742
LSTM-ext,DampedPersistence,1,01104415,-0.06781386303317749
LSTM-ext,DampedPersistence,1,01104455,-0.07654041581629156
LSTM-ext,DampedPersistence,1,01104475,-0.11092338488163933
LSTM-ext,DampedPersistence,1,01129500,-0.18910514133599599
LSTM-ext,DampedPersistence,1,01400500,-0.26940697827989624
LSTM-ext,DampedPersistence,1,01408029,-0.28341937128192873
LSTM-ext,DampedPersistence,1,01425000,0.10292465520974164
LSTM-ext,DampedPersistence,1,01426500,-0.02976410917139749
LSTM-ext,DampedPersistence,1,01427207,-0.1957481758761358
LSTM-ext,DampedPersistence,1,01428500,-0.23176841631468403
LSTM-ext,DampedPersistence,1,01463500,-0.2112946259967059
LSTM-ext,DampedPersistence,1,01480617,-0.21042510598142683
LSTM-ext,DampedPersistence,1,01540500,-0.18794906792557464
LSTM-ext,DampedPersistence,1,01542500,-0.24569806773079317
LSTM-ext,DampedPersistence,1,01549700,-0.2429488232549104
LSTM-ext,DampedPersistence,1,02110701,-0.2678066207407156
LSTM-ext,DampedPersistence,1,02176930,-0.16981738675344238
LSTM-ext,DampedPersistence,1,02266300,-0.21279192133227742
LSTM-ext,DampedPersistence,1,02330450,-0.126168614562161
LSTM-ext,DampedPersistence,1,02334430,0.16197169602762115
LSTM-ext,DampedPersistence,1,02334885,-0.24353898145713138
LSTM-ext,DampedPersistence,1,02336120,-0.22621016806587746
LSTM-ext,DampedPersistence,1,02336300,-0.23453241296812632
LSTM-ext,DampedPersistence,1,02336728,-0.2027188663681022
LSTM-ext,DampedPersistence,1,02397000,-0.18986592086516035
LSTM-ext,DampedPersistence,1,02455980,-0.15512072110841857
LSTM-ext,DampedPersistence,1,02458450,-0.15638497092539472
LSTM-ext,DampedPersistence,1,02474560,-0.2362015293071048
LSTM-ext,DampedPersistence,1,03007800,-0.2546004804517654
LSTM-ext,DampedPersistence,1,03034000,-0.24844634364158213
LSTM-ext,DampedPersistence,1,03036000,0.12575780985056406
LSTM-ext,DampedPersistence,1,03047000,0.017941372079468443
LSTM-ext,DampedPersistence,1,03077500,0.23369249644555812
LSTM-ext,DampedPersistence,1,03105500,-0.24541923215225225
LSTM-ext,DampedPersistence,1,03106000,-0.31017553882499205
LSTM-ext,DampedPersistence,1,03301900,-0.17992365367074659
LSTM-ext,DampedPersistence,1,03353200,-0.2570025455881849
LSTM-ext,DampedPersistence,1,03456991,-0.170587417325043
LSTM-ext,DampedPersistence,1,04027000,-0.2667593612703242
LSTM-ext,DampedPersistence,1,04043238,-0.1184087900112698
LSTM-ext,DampedPersistence,1,04043244,-0.1042468505413765
LSTM-ext,DampedPersistence,1,04067500,-0.14924214408096637
LSTM-ext,DampedPersistence,1,04077630,-0.18513413074735563
LSTM-ext,DampedPersistence,1,04124200,0.21286190790478118
LSTM-ext,DampedPersistence,1,04125460,-0.17658180225662012
LSTM-ext,DampedPersistence,1,04137005,0.05433381186166747
LSTM-ext,DampedPersistence,1,04176500,-0.17181966254159348
LSTM-ext,DampedPersistence,1,04208000,-0.2669584836072295
LSTM-ext,DampedPersistence,1,05054000,-0.008400860082233508
LSTM-ext,DampedPersistence,1,05057000,-0.2093191560511165
LSTM-ext,DampedPersistence,1,05289800,-0.08397252181054904
LSTM-ext,DampedPersistence,1,05331833,-0.10202447987084762
LSTM-ext,DampedPersistence,1,05370000,0.04966632809131649
LSTM-ext,DampedPersistence,1,05382255,-0.009085487607356058
LSTM-ext,DampedPersistence,1,05382257,0.03674315966364117
LSTM-ext,DampedPersistence,1,05406457,0.06194527608410749
LSTM-ext,DampedPersistence,1,05458300,-0.26809912295213223
LSTM-ext,DampedPersistence,1,05517000,-0.2530857710689516
LSTM-ext,DampedPersistence,1,06036805,-0.02810568231835353
LSTM-ext,DampedPersistence,1,06036905,-0.04536351639422209
LSTM-ext,DampedPersistence,1,06036940,-0.007295284099201549
LSTM-ext,DampedPersistence,1,06041000,-0.10031357607865093
LSTM-ext,DampedPersistence,1,06623800,0.03866535096002388
LSTM-ext,DampedPersistence,1,06894000,-0.2576933195911393
LSTM-ext,DampedPersistence,1,06934500,-0.13949460909337164
LSTM-ext,DampedPersistence,1,07106000,0.033734906642435725
LSTM-ext,DampedPersistence,1,07178200,-0.18923994512960263
LSTM-ext,DampedPersistence,1,07194880,0.004490335445748506
LSTM-ext,DampedPersistence,1,07332622,-0.21437435836836116
LSTM-ext,DampedPersistence,1,08048000,-0.09356683456654002
LSTM-ext,DampedPersistence,1,08052700,-0.22189419958880285
LSTM-ext,DampedPersistence,1,08065350,-0.16658402661168303
LSTM-ext,DampedPersistence,1,08070200,-0.15129518256309848
LSTM-ext,DampedPersistence,1,08123850,-0.2797600357438277
LSTM-ext,DampedPersistence,1,09136100,-0.051026813666000814
LSTM-ext,DampedPersistence,1,09144250,-0.08564350681725152
LSTM-ext,DampedPersistence,1,09149500,-0.08175745948385438
LSTM-ext,DampedPersistence,1,09163500,-0.11917450797863632
LSTM-ext,DampedPersistence,1,09180000,-0.10330517328710676
LSTM-ext,DampedPersistence,1,09261000,-0.09969496201939321
LSTM-ext,DampedPersistence,1,09302000,-0.068121884309017
LSTM-ext,DampedPersistence,1,09380000,0.04234840485569402
LSTM-ext,DampedPersistence,1,10129900,-0.04325450522545615
LSTM-ext,DampedPersistence,1,10301500,-0.10983418707377612
LSTM-ext,DampedPersistence,1,10351600,-0.19813576301912073
LSTM-ext,DampedPersistence,1,11262900,-0.12828446671546623
LSTM-ext,DampedPersistence,1,11467000,-0.09760398331766046
LSTM-ext,DampedPersistence,1,11507500,-0.1939650122385453
LSTM-ext,DampedPersistence,1,12056500,-0.022514947698034582
LSTM-ext,DampedPersistence,1,12115000,0.05896784126687066
LSTM-ext,DampedPersistence,1,12117600,-0.014604565871462916
LSTM-ext,DampedPersistence,1,12210700,-0.03646359567232804
LSTM-ext,DampedPersistence,1,12212050,-0.0745176821959237
LSTM-ext,DampedPersistence,1,12213100,-0.0892289611647945
LSTM-ext,DampedPersistence,1,12363000,-0.02955435684453267
LSTM-ext,DampedPersistence,1,12398600,0.04032409268024956
LSTM-ext,DampedPersistence,1,13018350,-0.09502734228858589
LSTM-ext,DampedPersistence,1,13154500,-0.018161058599951152
LSTM-ext,DampedPersistence,1,13317660,-0.03823288881136158
LSTM-ext,DampedPersistence,1,13342500,-0.04999035370276089
LSTM-ext,DampedPersistence,1,14091500,0.0004302473995791978
LSTM-ext,DampedPersistence,1,14150800,-0.1213236522179787
LSTM-ext,DampedPersistence,1,14151000,-0.003320123364658145
LSTM-ext,DampedPersistence,1,14152000,-0.0005217340480089816
LSTM-ext,DampedPersistence,1,14153500,0.05826459066794931
LSTM-ext,DampedPersistence,1,14154500,-0.14835205389336814
LSTM-ext,DampedPersistence,1,14159500,0.053370869815621336
LSTM-ext,DampedPersistence,1,14161500,-0.04914933217516665
LSTM-ext,DampedPersistence,1,14179000,-0.05237237975789888
LSTM-ext,DampedPersistence,1,14185000,-0.09968874997882116
LSTM-ext,DampedPersistence,1,14210000,-0.018568894242769474
LSTM-ext,DampedPersistence,1,14211499,-0.12759059290657315
LSTM-ext,DampedPersistence,1,14211500,-0.16008912260444252
LSTM-ext,DampedPersistence,1,14320934,-0.09655795126203826
LSTM-ext,DampedPersistence,1,255534081324000,-0.16228995547460223
LSTM-ext,DampedPersistence,3,01073319,-0.13634749731597484
LSTM-ext,DampedPersistence,3,01104415,0.018501857018335288
LSTM-ext,DampedPersistence,3,01104455,-0.042318465805929684
LSTM-ext,DampedPersistence,3,01104475,-0.06168085314798466
LSTM-ext,DampedPersistence,3,01129500,-0.11144970921543806
LSTM-ext,DampedPersistence,3,01400500,-0.10370381329588962
LSTM-ext,DampedPersistence,3,01408029,-0.062099052550529166
LSTM-ext,DampedPersistence,3,01425000,0.21270895272375068
LSTM-ext,DampedPersistence,3,01426500,0.025913835699504117
LSTM-ext,DampedPersistence,3,01427207,-0.09750525477670213
LSTM-ext,DampedPersistence,3,01428500,-0.16829192829463024
LSTM-ext,DampedPersistence,3,01463500,-0.16420441344930525
LSTM-ext,DampedPersistence,3,01480617,-0.0695243811193682
LSTM-ext,DampedPersistence,3,01540500,-0.17237468312124116
LSTM-ext,DampedPersistence,3,01542500,-0.14389451012222998
LSTM-ext,DampedPersistence,3,01549700,-0.14869120450465445
LSTM-ext,DampedPersistence,3,02110701,-0.16090874051693405
LSTM-ext,DampedPersistence,3,02176930,-0.12120351613740787
LSTM-ext,DampedPersistence,3,02266300,-0.049646411134115054
LSTM-ext,DampedPersistence,3,02330450,-0.07832122700133448
LSTM-ext,DampedPersistence,3,02334430,0.254109412333386
LSTM-ext,DampedPersistence,3,02334885,-0.15793573475989686
LSTM-ext,DampedPersistence,3,02336120,-0.1252898857468654
LSTM-ext,DampedPersistence,3,02336300,-0.13666484212960284
LSTM-ext,DampedPersistence,3,02336728,-0.4015559443560994
LSTM-ext,DampedPersistence,3,02397000,-0.16720983479563367
LSTM-ext,DampedPersistence,3,02455980,-0.08044397921195356
LSTM-ext,DampedPersistence,3,02458450,-0.10412483640124592
LSTM-ext,DampedPersistence,3,02474560,-0.20530920657375962
LSTM-ext,DampedPersistence,3,03007800,-0.12306299161731715
LSTM-ext,DampedPersistence,3,03034000,-0.11787129439380561
LSTM-ext,DampedPersistence,3,03036000,0.11256477669737852
LSTM-ext,DampedPersistence,3,03047000,-0.09586785962502797
LSTM-ext,DampedPersistence,3,03077500,0.31726296978613966
LSTM-ext,DampedPersistence,3,03105500,-0.18974203555970015
LSTM-ext,DampedPersistence,3,03106000,-0.17840941043345704
LSTM-ext,DampedPersistence,3,03301900,-0.10368661273161583
LSTM-ext,DampedPersistence,3,03353200,-0.12127490819848408
LSTM-ext,DampedPersistence,3,03456991,-0.09135406776713517
LSTM-ext,DampedPersistence,3,04027000,-0.14294906902019577
LSTM-ext,DampedPersistence,3,04043238,-0.008275896275892203
LSTM-ext,DampedPersistence,3,04043244,0.00205372504711665
LSTM-ext,DampedPersistence,3,04067500,-0.049043693252038834
LSTM-ext,DampedPersistence,3,04077630,-0.08746011042432889
LSTM-ext,DampedPersistence,3,04124200,0.3302566678617786
LSTM-ext,DampedPersistence,3,04125460,-0.056225004601334394
LSTM-ext,DampedPersistence,3,04137005,0.08392457383431307
LSTM-ext,DampedPersistence,3,04176500,-0.1284116033770395
LSTM-ext,DampedPersistence,3,04208000,-0.14024003819706832
LSTM-ext,DampedPersistence,3,05054000,0.1354480861699089
LSTM-ext,DampedPersistence,3,05057000,-0.039329763679794905
LSTM-ext,DampedPersistence,3,05289800,0.02925641817390212
LSTM-ext,DampedPersistence,3,05331833,-0.01996771712405976
LSTM-ext,DampedPersistence,3,05370000,0.13980160213437776
LSTM-ext,DampedPersistence,3,05382255,0.016761657719159828
LSTM-ext,DampedPersistence,3,05382257,0.10454626842796144
LSTM-ext,DampedPersistence,3,05406457,0.03967759934410342
LSTM-ext,DampedPersistence,3,05458300,-0.193735455377112
LSTM-ext,DampedPersistence,3,05517000,-0.1460931355059949
LSTM-ext,DampedPersistence,3,06036805,-0.004385402295959295
LSTM-ext,DampedPersistence,3,06036905,0.016305381717633072
LSTM-ext,DampedPersistence,3,06036940,-0.14007398202207244
LSTM-ext,DampedPersistence,3,06041000,-0.0641633717733252
LSTM-ext,DampedPersistence,3,06623800,0.11379726380676425
LSTM-ext,DampedPersistence,3,06894000,-0.14703323434204774
LSTM-ext,DampedPersistence,3,06934500,-0.14794510866434818
LSTM-ext,DampedPersistence,3,07106000,0.1743662480626158
LSTM-ext,DampedPersistence,3,07178200,-0.06691735525169751
LSTM-ext,DampedPersistence,3,07194880,0.09609464583123217
LSTM-ext,DampedPersistence,3,07332622,-0.1229931810764584
LSTM-ext,DampedPersistence,3,08048000,0.11214134036866596
LSTM-ext,DampedPersistence,3,08052700,-0.03700795093625464
LSTM-ext,DampedPersistence,3,08065350,-0.09350361646342242
LSTM-ext,DampedPersistence,3,08070200,-0.06831952038641598
LSTM-ext,DampedPersistence,3,08123850,-0.04688522946779061
LSTM-ext,DampedPersistence,3,09136100,-0.060615071571973544
LSTM-ext,DampedPersistence,3,09144250,-0.08583827576097436
LSTM-ext,DampedPersistence,3,09149500,-0.036725647979083176
LSTM-ext,DampedPersistence,3,09163500,-0.12378528468093175
LSTM-ext,DampedPersistence,3,09180000,-0.10294746110188169
LSTM-ext,DampedPersistence,3,09261000,-0.09432312217548011
LSTM-ext,DampedPersistence,3,09302000,-0.0557070846020844
LSTM-ext,DampedPersistence,3,09380000,-0.02775455210889921
LSTM-ext,DampedPersistence,3,10129900,-0.03749834216119474
LSTM-ext,DampedPersistence,3,10301500,-0.03657055717805813
LSTM-ext,DampedPersistence,3,10351600,-0.16174732330949082
LSTM-ext,DampedPersistence,3,11262900,-0.00337149543832882
LSTM-ext,DampedPersistence,3,11467000,-0.02201757389712844
LSTM-ext,DampedPersistence,3,11507500,-0.1026268960926
LSTM-ext,DampedPersistence,3,12056500,0.008209961208456296
LSTM-ext,DampedPersistence,3,12115000,0.1771117753553938
LSTM-ext,DampedPersistence,3,12117600,0.0020421485830418584
LSTM-ext,DampedPersistence,3,12210700,0.013177995928217445
LSTM-ext,DampedPersistence,3,12212050,-0.027932695081501757
LSTM-ext,DampedPersistence,3,12213100,-0.02474330769606592
LSTM-ext,DampedPersistence,3,12363000,0.05651212482812584
LSTM-ext,DampedPersistence,3,12398600,0.008793845171145676
LSTM-ext,DampedPersistence,3,13018350,-0.012401074056235473
LSTM-ext,DampedPersistence,3,13154500,-0.07640779932239539
LSTM-ext,DampedPersistence,3,13317660,-0.04515474877424408
LSTM-ext,DampedPersistence,3,13342500,0.0014336596026790493
LSTM-ext,DampedPersistence,3,14091500,0.11963230706690231
LSTM-ext,DampedPersistence,3,14150800,-0.05863983879368262
LSTM-ext,DampedPersistence,3,14151000,-0.007505616952283134
LSTM-ext,DampedPersistence,3,14152000,0.009547867065538784
LSTM-ext,DampedPersistence,3,14153500,0.07694836939517757
LSTM-ext,DampedPersistence,3,14154500,-0.10937808330563059
LSTM-ext,DampedPersistence,3,14159500,0.07451117704948473
LSTM-ext,DampedPersistence,3,14161500,-0.018594052364530933
LSTM-ext,DampedPersistence,3,14179000,0.0007106292024136041
LSTM-ext,DampedPersistence,3,14185000,-0.04135190988865367
LSTM-ext,DampedPersistence,3,14210000,-0.029279907952899364
LSTM-ext,DampedPersistence,3,14211499,-0.029390322643954248
LSTM-ext,DampedPersistence,3,14211500,-0.05231512919978054
LSTM-ext,DampedPersistence,3,14320934,-0.005573714232363969
LSTM-ext,DampedPersistence,3,255534081324000,-0.01987759705717207
LSTM-ext,DampedPersistence,7,01073319,-0.021409204982761665
LSTM-ext,DampedPersistence,7,01104415,-0.04040661245665911
LSTM-ext,DampedPersistence,7,01104455,0.027379185763186875
LSTM-ext,DampedPersistence,7,01104475,-0.12533651866373519
LSTM-ext,DampedPersistence,7,01129500,0.016419014692854672
LSTM-ext,DampedPersistence,7,01400500,0.030433598314313137
LSTM-ext,DampedPersistence,7,01408029,0.07487123022031916
LSTM-ext,DampedPersistence,7,01425000,0.37989662161244486
LSTM-ext,DampedPersistence,7,01426500,0.08274544479197021
LSTM-ext,DampedPersistence,7,01427207,0.07061045906031183
LSTM-ext,DampedPersistence,7,01428500,-0.016852332052044172
LSTM-ext,DampedPersistence,7,01463500,-0.016502319331946014
LSTM-ext,DampedPersistence,7,01480617,0.07623314925287206
LSTM-ext,DampedPersistence,7,01540500,-0.03626781266416734
LSTM-ext,DampedPersistence,7,01542500,0.045173056647814125
LSTM-ext,DampedPersistence,7,01549700,0.048954401215655086
LSTM-ext,DampedPersistence,7,02110701,0.05227126567404383
LSTM-ext,DampedPersistence,7,02176930,0.016509731994190258
LSTM-ext,DampedPersistence,7,02266300,0.21637591987749594
LSTM-ext,DampedPersistence,7,02330450,0.04796002821137124
LSTM-ext,DampedPersistence,7,02334430,0.3769343458127802
LSTM-ext,DampedPersistence,7,02334885,0.0050694178651244926
LSTM-ext,DampedPersistence,7,02336120,0.04093178518746132
LSTM-ext,DampedPersistence,7,02336300,0.02946460000041906
LSTM-ext,DampedPersistence,7,02336728,-0.8761821295474468
LSTM-ext,DampedPersistence,7,02397000,-0.07227444194657018
LSTM-ext,DampedPersistence,7,02455980,0.05177476331225295
LSTM-ext,DampedPersistence,7,02458450,-0.024421389009170014
LSTM-ext,DampedPersistence,7,02474560,-0.08037219878806656
LSTM-ext,DampedPersistence,7,03007800,0.04551280054051521
LSTM-ext,DampedPersistence,7,03034000,0.06546136923580681
LSTM-ext,DampedPersistence,7,03036000,0.17217354744157687
LSTM-ext,DampedPersistence,7,03047000,-0.03190013098114264
LSTM-ext,DampedPersistence,7,03077500,0.5083881365284152
LSTM-ext,DampedPersistence,7,03105500,-0.024300981307598057
LSTM-ext,DampedPersistence,7,03106000,0.03890036980445499
LSTM-ext,DampedPersistence,7,03301900,-0.012463268047524956
LSTM-ext,DampedPersistence,7,03353200,0.04416485731257502
LSTM-ext,DampedPersistence,7,03456991,0.05639025974047174
LSTM-ext,DampedPersistence,7,04027000,-0.0485946205164689
LSTM-ext,DampedPersistence,7,04043238,0.12928040358284298
LSTM-ext,DampedPersistence,7,04043244,0.13523785556548118
LSTM-ext,DampedPersistence,7,04067500,-0.024273948197416795
LSTM-ext,DampedPersistence,7,04077630,0.03756887995719427
LSTM-ext,DampedPersistence,7,04124200,0.3643445610319428
LSTM-ext,DampedPersistence,7,04125460,0.03619537609428369
LSTM-ext,DampedPersistence,7,04137005,0.07807612416289089
LSTM-ext,DampedPersistence,7,04176500,-0.10250108625381582
LSTM-ext,DampedPersistence,7,04208000,-0.0023004217383677528
LSTM-ext,DampedPersistence,7,05054000,0.22263387935996204
LSTM-ext,DampedPersistence,7,05057000,0.15022726964005928
LSTM-ext,DampedPersistence,7,05289800,0.07695697511990174
LSTM-ext,DampedPersistence,7,05331833,0.03763537721418886
LSTM-ext,DampedPersistence,7,05370000,0.14314696831966156
LSTM-ext,DampedPersistence,7,05382255,0.0783079745901869
LSTM-ext,DampedPersistence,7,05382257,0.1186091103895055
LSTM-ext,DampedPersistence,7,05406457,0.020756932693072327
LSTM-ext,DampedPersistence,7,05458300,-0.1795887114531216
LSTM-ext,DampedPersistence,7,05517000,0.011617851767046439
LSTM-ext,DampedPersistence,7,06036805,0.03622495824712435
LSTM-ext,DampedPersistence,7,06036905,0.030720564974388687
LSTM-ext,DampedPersistence,7,06036940,-0.32238352596061803
LSTM-ext,DampedPersistence,7,06041000,0.08042337753520079
LSTM-ext,DampedPersistence,7,06623800,0.26446987957268686
LSTM-ext,DampedPersistence,7,06894000,-0.026479279471328443
LSTM-ext,DampedPersistence,7,06934500,-0.14316595718092961
LSTM-ext,DampedPersistence,7,07106000,0.12287289825813819
LSTM-ext,DampedPersistence,7,07178200,0.020623011013929826
LSTM-ext,DampedPersistence,7,07194880,0.19453473074350103
LSTM-ext,DampedPersistence,7,07332622,0.0044298455418916305
LSTM-ext,DampedPersistence,7,08048000,0.3222965430497582
LSTM-ext,DampedPersistence,7,08052700,0.1837897599420275
LSTM-ext,DampedPersistence,7,08065350,-0.04188845434239319
LSTM-ext,DampedPersistence,7,08070200,0.11164262289801874
LSTM-ext,DampedPersistence,7,08123850,0.1498454225465049
LSTM-ext,DampedPersistence,7,09136100,-0.11714107068599033
LSTM-ext,DampedPersistence,7,09144250,-0.09395880506702459
LSTM-ext,DampedPersistence,7,09149500,-0.016309897569716902
LSTM-ext,DampedPersistence,7,09163500,-0.046848166054094253
LSTM-ext,DampedPersistence,7,09180000,-0.03751607144703639
LSTM-ext,DampedPersistence,7,09261000,0.034249692392521514
LSTM-ext,DampedPersistence,7,09302000,-0.013671772961102446
LSTM-ext,DampedPersistence,7,09380000,-0.1817537489716491
LSTM-ext,DampedPersistence,7,10129900,0.11772235943421117
LSTM-ext,DampedPersistence,7,10301500,0.029985418546250697
LSTM-ext,DampedPersistence,7,10351600,-0.13914342573368566
LSTM-ext,DampedPersistence,7,11262900,0.17742457695922442
LSTM-ext,DampedPersistence,7,11467000,0.05426501711700915
LSTM-ext,DampedPersistence,7,11507500,-0.011087142071766865
LSTM-ext,DampedPersistence,7,12056500,0.04629570711661524
LSTM-ext,DampedPersistence,7,12115000,0.29432896293214716
LSTM-ext,DampedPersistence,7,12117600,0.0317787623892386
LSTM-ext,DampedPersistence,7,12210700,0.04831134408040927
LSTM-ext,DampedPersistence,7,12212050,0.02920901952724564
LSTM-ext,DampedPersistence,7,12213100,-0.007284634473861296
LSTM-ext,DampedPersistence,7,12363000,0.10836839929629849
LSTM-ext,DampedPersistence,7,12398600,0.061507780460778205
LSTM-ext,DampedPersistence,7,13018350,0.06345479788480213
LSTM-ext,DampedPersistence,7,13154500,-0.02582087626328078
LSTM-ext,DampedPersistence,7,13317660,0.01783716194049656
LSTM-ext,DampedPersistence,7,13342500,0.09917736350220219
LSTM-ext,DampedPersistence,7,14091500,0.21723971913492923
LSTM-ext,DampedPersistence,7,14150800,-0.012776768693588458
LSTM-ext,DampedPersistence,7,14151000,-0.032550402675491474
LSTM-ext,DampedPersistence,7,14152000,0.028531889863602666
LSTM-ext,DampedPersistence,7,14153500,0.12913471632794804
LSTM-ext,DampedPersistence,7,14154500,-0.06806601078371766
LSTM-ext,DampedPersistence,7,14159500,0.12885848604667338
LSTM-ext,DampedPersistence,7,14161500,0.0012465200827420642
LSTM-ext,DampedPersistence,7,14179000,-0.02810684930293106
LSTM-ext,DampedPersistence,7,14185000,0.016470722506530144
LSTM-ext,DampedPersistence,7,14210000,-0.005412824854370557
LSTM-ext,DampedPersistence,7,14211499,0.03416363680138934
LSTM-ext,DampedPersistence,7,14211500,0.037798433149947686
LSTM-ext,DampedPersistence,7,14320934,-0.0011203149702938564
LSTM-ext,DampedPersistence,7,255534081324000,0.19567052417439967
LSTM-ext,Climatology,1,01073319,-1.249567981443552
LSTM-ext,Climatology,1,01104415,-0.7363190860142097
LSTM-ext,Climatology,1,01104455,-1.0129127369733486
LSTM-ext,Climatology,1,01104475,-1.1275331650419336
LSTM-ext,Climatology,1,01129500,-1.132716110333882
LSTM-ext,Climatology,1,01400500,-1.4669920657609148
LSTM-ext,Climatology,1,01408029,-1.2416713284270728
LSTM-ext,Climatology,1,01425000,-0.8793818119861067
LSTM-ext,Climatology,1,01426500,-0.8201482680768785
LSTM-ext,Climatology,1,01427207,-1.1602795655436882
LSTM-ext,Climatology,1,01428500,-1.512543784895637
LSTM-ext,Climatology,1,01463500,-1.4009821657478758
LSTM-ext,Climatology,1,01480617,-1.212839865174569
LSTM-ext,Climatology,1,01540500,-1.4938338414751804
LSTM-ext,Climatology,1,01542500,-1.4884728421802031
LSTM-ext,Climatology,1,01549700,-1.5784066906846885
LSTM-ext,Climatology,1,02110701,-1.5363693365203668
LSTM-ext,Climatology,1,02176930,-1.3110163979493477
LSTM-ext,Climatology,1,02266300,-1.4003994968461502
LSTM-ext,Climatology,1,02330450,-1.0626299904952452
LSTM-ext,Climatology,1,02334430,-1.348098832064697
LSTM-ext,Climatology,1,02334885,-1.4547182232253175
LSTM-ext,Climatology,1,02336120,-1.3878650175200973
LSTM-ext,Climatology,1,02336300,-1.433099977970255
LSTM-ext,Climatology,1,02336728,-2.709292394299853
LSTM-ext,Climatology,1,02397000,-1.2287389346672313
LSTM-ext,Climatology,1,02455980,-0.9821910482259061
LSTM-ext,Climatology,1,02458450,-1.1760967667240352
LSTM-ext,Climatology,1,02474560,-2.018608758682102
LSTM-ext,Climatology,1,03007800,-1.4782343122863848
LSTM-ext,Climatology,1,03034000,-1.4575531206766938
LSTM-ext,Climatology,1,03036000,-1.0575155712490625
LSTM-ext,Climatology,1,03047000,-1.2606257144420576
LSTM-ext,Climatology,1,03077500,-0.9317774104449241
LSTM-ext,Climatology,1,03105500,-1.6381073286814627
LSTM-ext,Climatology,1,03106000,-1.6220441702009447
LSTM-ext,Climatology,1,03301900,-1.286248625396992
LSTM-ext,Climatology,1,03353200,-1.4467545235837886
LSTM-ext,Climatology,1,03456991,-1.214844294394275
LSTM-ext,Climatology,1,04027000,-1.504820492529003
LSTM-ext,Climatology,1,04043238,-0.9721941537605866
LSTM-ext,Climatology,1,04043244,-0.8739586230366823
LSTM-ext,Climatology,1,04067500,-1.328672131185156
LSTM-ext,Climatology,1,04077630,-1.1973998836170874
LSTM-ext,Climatology,1,04124200,-0.691877601930495
LSTM-ext,Climatology,1,04125460,-1.0286675057174661
LSTM-ext,Climatology,1,04137005,-1.0373843024184977
LSTM-ext,Climatology,1,04176500,-1.498604208545433
LSTM-ext,Climatology,1,04208000,-1.4344832952444269
LSTM-ext,Climatology,1,05054000,-1.6177043903266415
LSTM-ext,Climatology,1,05057000,-1.6244348758085325
LSTM-ext,Climatology,1,05289800,-1.3591520872202185
LSTM-ext,Climatology,1,05331833,-1.0115881587243023
LSTM-ext,Climatology,1,05370000,-0.879283771310642
LSTM-ext,Climatology,1,05382255,-0.741845565652726
LSTM-ext,Climatology,1,05382257,-0.5508598675531458
LSTM-ext,Climatology,1,05406457,-0.5050711961791259
LSTM-ext,Climatology,1,05458300,-1.719738741706075
LSTM-ext,Climatology,1,05517000,-1.6276406172449935
LSTM-ext,Climatology,1,06036805,-0.805305840286048
LSTM-ext,Climatology,1,06036905,-0.9991741824140548
LSTM-ext,Climatology,1,06036940,-1.1806324799229282
LSTM-ext,Climatology,1,06041000,-1.2606854731157673
LSTM-ext,Climatology,1,06623800,-0.3171893067579393
LSTM-ext,Climatology,1,06894000,-1.5748419391679664
LSTM-ext,Climatology,1,06934500,-1.452221313456616
LSTM-ext,Climatology,1,07106000,-0.6186401511110664
LSTM-ext,Climatology,1,07178200,-1.706416658044187
LSTM-ext,Climatology,1,07194880,-0.6272393647199793
LSTM-ext,Climatology,1,07332622,-1.548301354009471
LSTM-ext,Climatology,1,08048000,-1.4896682786042414
LSTM-ext,Climatology,1,08052700,-1.5599661635675084
LSTM-ext,Climatology,1,08065350,-1.8558090388443054
LSTM-ext,Climatology,1,08070200,-1.7409393971004399
LSTM-ext,Climatology,1,08123850,-1.5482525100479687
LSTM-ext,Climatology,1,09136100,-1.2229690678498404
LSTM-ext,Climatology,1,09144250,-1.240212247524074
LSTM-ext,Climatology,1,09149500,-0.7613550323655632
LSTM-ext,Climatology,1,09163500,-1.3897355754341987
LSTM-ext,Climatology,1,09180000,-1.423156907971539
LSTM-ext,Climatology,1,09261000,-1.0975332173639272
LSTM-ext,Climatology,1,09302000,-1.393826452724161
LSTM-ext,Climatology,1,09380000,-3.3798915046842777
LSTM-ext,Climatology,1,10129900,-0.9726176623279816
LSTM-ext,Climatology,1,10301500,-1.2431116615539572
LSTM-ext,Climatology,1,10351600,-1.5297658698431595
LSTM-ext,Climatology,1,11262900,-0.9388355442896708
LSTM-ext,Climatology,1,11467000,-1.1053739949588786
LSTM-ext,Climatology,1,11507500,-1.5402006940059532
LSTM-ext,Climatology,1,12056500,-0.6508595504514157
LSTM-ext,Climatology,1,12115000,-0.5036461128133833
LSTM-ext,Climatology,1,12117600,-0.6815395173096437
LSTM-ext,Climatology,1,12210700,-0.7751365285100931
LSTM-ext,Climatology,1,12212050,-0.9754493800327493
LSTM-ext,Climatology,1,12213100,-1.0390517587362185
LSTM-ext,Climatology,1,12363000,-0.9188643980883792
LSTM-ext,Climatology,1,12398600,-1.452309990030387
LSTM-ext,Climatology,1,13018350,-0.8531369612966373
LSTM-ext,Climatology,1,13154500,-0.8271453611450564
LSTM-ext,Climatology,1,13317660,-0.9014530848550477
LSTM-ext,Climatology,1,13342500,-0.931814242003906
LSTM-ext,Climatology,1,14091500,-0.23670813321988565
LSTM-ext,Climatology,1,14150800,-1.3517061176242202
LSTM-ext,Climatology,1,14151000,-2.409206944875572
LSTM-ext,Climatology,1,14152000,-1.1163484570874544
LSTM-ext,Climatology,1,14153500,-2.0446370835783005
LSTM-ext,Climatology,1,14154500,-1.7587351216241567
LSTM-ext,Climatology,1,14159500,-0.9220695030764601
LSTM-ext,Climatology,1,14161500,-0.9840045386141911
LSTM-ext,Climatology,1,14179000,-1.0239966250268666
LSTM-ext,Climatology,1,14185000,-1.181127888596468
LSTM-ext,Climatology,1,14210000,-1.2393568587156631
LSTM-ext,Climatology,1,14211499,-1.1466564361639158
LSTM-ext,Climatology,1,14211500,-1.353006712569821
LSTM-ext,Climatology,1,14320934,-1.4036327577798622
LSTM-ext,Climatology,1,255534081324000,-1.1172125875792505
LSTM-ext,Climatology,3,01073319,-0.3428334199917984
LSTM-ext,Climatology,3,01104415,-0.13698631706887965
LSTM-ext,Climatology,3,01104455,-0.46022967012823623
LSTM-ext,Climatology,3,01104475,-0.4633902033379327
LSTM-ext,Climatology,3,01129500,-0.3578342759787483
LSTM-ext,Climatology,3,01400500,-0.4321068282331919
LSTM-ext,Climatology,3,01408029,-0.23275813159238457
LSTM-ext,Climatology,3,01425000,-0.4691872132195931
LSTM-ext,Climatology,3,01426500,-0.33984401759528615
LSTM-ext,Climatology,3,01427207,-0.31818661949963145
LSTM-ext,Climatology,3,01428500,-0.5564156407347483
LSTM-ext,Climatology,3,01463500,-0.5551757590989004
LSTM-ext,Climatology,3,01480617,-0.3167704842489365
LSTM-ext,Climatology,3,01540500,-0.722367793729453
LSTM-ext,Climatology,3,01542500,-0.5091529384558708
LSTM-ext,Climatology,3,01549700,-0.5484337546703923
LSTM-ext,Climatology,3,02110701,-0.4929642454612011
LSTM-ext,Climatology,3,02176930,-0.462834413413044
LSTM-ext,Climatology,3,02266300,-0.49073828503173167
LSTM-ext,Climatology,3,02330450,-0.32836977313609395
LSTM-ext,Climatology,3,02334430,-1.1178537678771483
LSTM-ext,Climatology,3,02334885,-0.4794793217362543
LSTM-ext,Climatology,3,02336120,-0.42426063795152724
LSTM-ext,Climatology,3,02336300,-0.4435601837094938
LSTM-ext,Climatology,3,02336728,-2.1281519358143943
LSTM-ext,Climatology,3,02397000,-0.5230364418348676
LSTM-ext,Climatology,3,02455980,-0.2923086095662135
LSTM-ext,Climatology,3,02458450,-0.4515914594313777
LSTM-ext,Climatology,3,02474560,-1.1015325430041916
LSTM-ext,Climatology,3,03007800,-0.4649446960699941
LSTM-ext,Climatology,3,03034000,-0.4144910305139169
LSTM-ext,Climatology,3,03036000,-0.5148385590757838
LSTM-ext,Climatology,3,03047000,-0.5712318796852758
LSTM-ext,Climatology,3,03077500,-0.6571632635408398
LSTM-ext,Climatology,3,03105500,-0.6780362874440762
LSTM-ext,Climatology,3,03106000,-0.4519243772656576
LSTM-ext,Climatology,3,03301900,-0.4475191179960698
LSTM-ext,Climatology,3,03353200,-0.3504921267010963
LSTM-ext,Climatology,3,03456991,-0.4213086914658717
LSTM-ext,Climatology,3,04027000,-0.5422547298577323
LSTM-ext,Climatology,3,04043238,-0.26671716430202386
LSTM-ext,Climatology,3,04043244,-0.22579033646089464
LSTM-ext,Climatology,3,04067500,-0.5459791906142433
LSTM-ext,Climatology,3,04077630,-0.32323684244042084
LSTM-ext,Climatology,3,04124200,-0.3095270011613509
LSTM-ext,Climatology,3,04125460,-0.2667326899127025
LSTM-ext,Climatology,3,04137005,-0.5303639885428634
LSTM-ext,Climatology,3,04176500,-0.6650800440646787
LSTM-ext,Climatology,3,04208000,-0.4367649944250429
LSTM-ext,Climatology,3,05054000,-0.9219042190335955
LSTM-ext,Climatology,3,05057000,-0.6335764016110521
LSTM-ext,Climatology,3,05289800,-0.5017668139863283
LSTM-ext,Climatology,3,05331833,-0.3179319068130009
LSTM-ext,Climatology,3,05370000,-0.34126782758865937
LSTM-ext,Climatology,3,05382255,-0.22481848032463447
LSTM-ext,Climatology,3,05382257,-0.013322685730627448
LSTM-ext,Climatology,3,05406457,-0.1509349071802304
LSTM-ext,Climatology,3,05458300,-0.6634793713876652
LSTM-ext,Climatology,3,05517000,-0.5771551654275788
LSTM-ext,Climatology,3,06036805,-0.26980541637660904
LSTM-ext,Climatology,3,06036905,-0.27009190958344
LSTM-ext,Climatology,3,06036940,-0.6476617837095504
LSTM-ext,Climatology,3,06041000,-0.595942663716388
LSTM-ext,Climatology,3,06623800,0.0008756077049821842
LSTM-ext,Climatology,3,06894000,-0.5521963293831698
LSTM-ext,Climatology,3,06934500,-0.8338943841618234
LSTM-ext,Climatology,3,07106000,0.0819224161563541
LSTM-ext,Climatology,3,07178200,-0.8041021659547349
LSTM-ext,Climatology,3,07194880,-0.08798340192945431
LSTM-ext,Climatology,3,07332622,-0.5472595947976928
LSTM-ext,Climatology,3,08048000,-0.5186914880550952
LSTM-ext,Climatology,3,08052700,-0.337146734215108
LSTM-ext,Climatology,3,08065350,-0.9252006886702426
LSTM-ext,Climatology,3,08070200,-0.7370642305738415
LSTM-ext,Climatology,3,08123850,-0.3665305796533902
LSTM-ext,Climatology,3,09136100,-0.7400736900447276
LSTM-ext,Climatology,3,09144250,-0.7217951516938037
LSTM-ext,Climatology,3,09149500,-0.2629810671196873
LSTM-ext,Climatology,3,09163500,-0.7811713218961893
LSTM-ext,Climatology,3,09180000,-0.7539111307805086
LSTM-ext,Climatology,3,09261000,-0.3978822830094746
LSTM-ext,Climatology,3,09302000,-0.756832747365072
LSTM-ext,Climatology,3,09380000,-3.183669153004862
LSTM-ext,Climatology,3,10129900,-0.4606626089942192
LSTM-ext,Climatology,3,10301500,-0.4574580389806453
LSTM-ext,Climatology,3,10351600,-0.7488422982223006
LSTM-ext,Climatology,3,11262900,-0.14694805511987608
LSTM-ext,Climatology,3,11467000,-0.5080353639298738
LSTM-ext,Climatology,3,11507500,-0.6945538216525997
LSTM-ext,Climatology,3,12056500,-0.35339174147241204
LSTM-ext,Climatology,3,12115000,-0.14521636539372818
LSTM-ext,Climatology,3,12117600,-0.3762030595646666
LSTM-ext,Climatology,3,12210700,-0.2798267794149927
LSTM-ext,Climatology,3,12212050,-0.42166128126349767
LSTM-ext,Climatology,3,12213100,-0.4354917287515774
LSTM-ext,Climatology,3,12363000,-0.465197612789259
LSTM-ext,Climatology,3,12398600,-1.1034114984160757
LSTM-ext,Climatology,3,13018350,-0.17611637092346566
LSTM-ext,Climatology,3,13154500,-0.49944675235998726
LSTM-ext,Climatology,3,13317660,-0.5967787338429126
LSTM-ext,Climatology,3,13342500,-0.4494487367502722
LSTM-ext,Climatology,3,14091500,0.08123004642986142
LSTM-ext,Climatology,3,14150800,-0.6357321250308579
LSTM-ext,Climatology,3,14151000,-1.7856086755653067
LSTM-ext,Climatology,3,14152000,-0.776354455874932
LSTM-ext,Climatology,3,14153500,-1.6962671796725055
LSTM-ext,Climatology,3,14154500,-1.0236543311214719
LSTM-ext,Climatology,3,14159500,-0.6325529488518493
LSTM-ext,Climatology,3,14161500,-0.5420496849221026
LSTM-ext,Climatology,3,14179000,-0.5614532151797581
LSTM-ext,Climatology,3,14185000,-0.5533734232740481
LSTM-ext,Climatology,3,14210000,-0.838792675752109
LSTM-ext,Climatology,3,14211499,-0.38497847984633116
LSTM-ext,Climatology,3,14211500,-0.47027479411630546
LSTM-ext,Climatology,3,14320934,-0.7548467884334431
LSTM-ext,Climatology,3,255534081324000,-0.1030436243033237
LSTM-ext,Climatology,7,01073319,0.02232797534666342
LSTM-ext,Climatology,7,01104415,-0.10680365526364688
LSTM-ext,Climatology,7,01104455,-0.2009686728296627
LSTM-ext,Climatology,7,01104475,-0.3175282761781204
LSTM-ext,Climatology,7,01129500,-0.03293610685826276
LSTM-ext,Climatology,7,01400500,-0.0022427768631292366
LSTM-ext,Climatology,7,01408029,0.01653045252149621
LSTM-ext,Climatology,7,01425000,-0.09475650677673242
LSTM-ext,Climatology,7,01426500,-0.10677789702696527
LSTM-ext,Climatology,7,01427207,0.10566429467917215
LSTM-ext,Climatology,7,01428500,0.04406725604436135
LSTM-ext,Climatology,7,01463500,0.0143531830026975
LSTM-ext,Climatology,7,01480617,-0.008641074621007494
LSTM-ext,Climatology,7,01540500,-0.08579786798599653
LSTM-ext,Climatology,7,01542500,0.002796040702511604
LSTM-ext,Climatology,7,01549700,0.01086461869404065
LSTM-ext,Climatology,7,02110701,0.006103560483249115
LSTM-ext,Climatology,7,02176930,-0.10380260194416246
LSTM-ext,Climatology,7,02266300,0.038762936190747777
LSTM-ext,Climatology,7,02330450,-0.02375386691820025
LSTM-ext,Climatology,7,02334430,-0.7494207167435682
LSTM-ext,Climatology,7,02334885,-0.03800310764605719
LSTM-ext,Climatology,7,02336120,-0.016824311933672398
LSTM-ext,Climatology,7,02336300,-0.02468019789586995
LSTM-ext,Climatology,7,02336728,-1.8514452788446072
LSTM-ext,Climatology,7,02397000,-0.0912326858671455
LSTM-ext,Climatology,7,02455980,0.002739941636262344
LSTM-ext,Climatology,7,02458450,-0.1371532095264243
LSTM-ext,Climatology,7,02474560,-0.3317393046804349
LSTM-ext,Climatology,7,03007800,-0.007688364998556185
LSTM-ext,Climatology,7,03034000,0.015366072817970977
LSTM-ext,Climatology,7,03036000,0.003042699381152092
LSTM-ext,Climatology,7,03047000,0.05841884819701404
LSTM-ext,Climatology,7,03077500,-0.27317188302015416
LSTM-ext,Climatology,7,03105500,-0.20418528866963026
LSTM-ext,Climatology,7,03106000,0.07432722480023068
LSTM-ext,Climatology,7,03301900,-0.1495558634376093
LSTM-ext,Climatology,7,03353200,0.0669762840119481
LSTM-ext,Climatology,7,03456991,-0.024657284054414585
LSTM-ext,Climatology,7,04027000,-0.12366552023649158
LSTM-ext,Climatology,7,04043238,0.10475248259253744
LSTM-ext,Climatology,7,04043244,0.11597879046215631
LSTM-ext,Climatology,7,04067500,0.030519954462383314
LSTM-ext,Climatology,7,04077630,0.12718487242314103
LSTM-ext,Climatology,7,04124200,0.11300741937249392
LSTM-ext,Climatology,7,04125460,0.05555388024490382
LSTM-ext,Climatology,7,04137005,0.02121994855560705
LSTM-ext,Climatology,7,04176500,-0.028773427019647135
LSTM-ext,Climatology,7,04208000,-0.00923388380389678
LSTM-ext,Climatology,7,05054000,-0.2106715653834319
LSTM-ext,Climatology,7,05057000,0.013071039644049876
LSTM-ext,Climatology,7,05289800,0.008247601828897722
LSTM-ext,Climatology,7,05331833,-0.02447830826218267
LSTM-ext,Climatology,7,05370000,0.056419561787984795
LSTM-ext,Climatology,7,05382255,0.08617969580756824
LSTM-ext,Climatology,7,05382257,0.09219685237043174
LSTM-ext,Climatology,7,05406457,-0.03426203805774919
LSTM-ext,Climatology,7,05458300,-0.12907265084831332
LSTM-ext,Climatology,7,05517000,-0.029689658327604285
LSTM-ext,Climatology,7,06036805,-0.07761125903188049
LSTM-ext,Climatology,7,06036905,-0.0743027934450855
LSTM-ext,Climatology,7,06036940,-0.4616039492575128
LSTM-ext,Climatology,7,06041000,0.01395617988730069
LSTM-ext,Climatology,7,06623800,0.24082433078588028
LSTM-ext,Climatology,7,06894000,0.04398867127561301
LSTM-ext,Climatology,7,06934500,-0.20196009589540997
LSTM-ext,Climatology,7,07106000,0.10249343689618629
LSTM-ext,Climatology,7,07178200,-0.20038815643270214
LSTM-ext,Climatology,7,07194880,0.1398071690345386
LSTM-ext,Climatology,7,07332622,-0.058819846415469
LSTM-ext,Climatology,7,08048000,0.1643931808276169
LSTM-ext,Climatology,7,08052700,0.1764811745976913
LSTM-ext,Climatology,7,08065350,-0.11846255777886094
LSTM-ext,Climatology,7,08070200,0.03572114298624962
LSTM-ext,Climatology,7,08123850,0.11361589612874123
LSTM-ext,Climatology,7,09136100,-0.5762746283208546
LSTM-ext,Climatology,7,09144250,-0.542294216238693
LSTM-ext,Climatology,7,09149500,-0.13502413538765712
LSTM-ext,Climatology,7,09163500,-0.39113530975777255
LSTM-ext,Climatology,7,09180000,-0.41217253745009197
LSTM-ext,Climatology,7,09261000,0.05759025352725544
LSTM-ext,Climatology,7,09302000,-0.3897135949926265
LSTM-ext,Climatology,7,09380000,-3.0210538366941035
LSTM-ext,Climatology,7,10129900,-0.14732278081664796
LSTM-ext,Climatology,7,10301500,-0.10712690921648882
LSTM-ext,Climatology,7,10351600,-0.4377646439253393
LSTM-ext,Climatology,7,11262900,0.1767660149801762
LSTM-ext,Climatology,7,11467000,-0.13562134594523378
LSTM-ext,Climatology,7,11507500,-0.0853952483514433
LSTM-ext,Climatology,7,12056500,-0.15001502350157914
LSTM-ext,Climatology,7,12115000,0.12447413004183061
LSTM-ext,Climatology,7,12117600,-0.16629044243215896
LSTM-ext,Climatology,7,12210700,-0.06337907501706375
LSTM-ext,Climatology,7,12212050,-0.10225287324621446
LSTM-ext,Climatology,7,12213100,-0.23773442683211976
LSTM-ext,Climatology,7,12363000,-0.21262456878372804
LSTM-ext,Climatology,7,12398600,-0.6369792876227629
LSTM-ext,Climatology,7,13018350,-0.017419741605818162
LSTM-ext,Climatology,7,13154500,-0.20544451917479334
LSTM-ext,Climatology,7,13317660,-0.33161596771196145
LSTM-ext,Climatology,7,13342500,-0.09123135033553975
LSTM-ext,Climatology,7,14091500,0.2075257324054337
LSTM-ext,Climatology,7,14150800,-0.24848120510526295
LSTM-ext,Climatology,7,14151000,-1.3003078166077744
LSTM-ext,Climatology,7,14152000,-0.4814933758472367
LSTM-ext,Climatology,7,14153500,-1.290265642849935
LSTM-ext,Climatology,7,14154500,-0.5848295022198158
LSTM-ext,Climatology,7,14159500,-0.2990328750769402
LSTM-ext,Climatology,7,14161500,-0.268836516215045
LSTM-ext,Climatology,7,14179000,-0.3674693280118406
LSTM-ext,Climatology,7,14185000,-0.2234439965638988
LSTM-ext,Climatology,7,14210000,-0.4760315214396449
LSTM-ext,Climatology,7,14211499,-0.02958055686624461
LSTM-ext,Climatology,7,14211500,-0.029757225467579307
LSTM-ext,Climatology,7,14320934,-0.37708646611364394
LSTM-ext,Climatology,7,255534081324000,0.2797333520281986
LightGBM,Persistence,1,01073319,-0.30822351920845625
LightGBM,Persistence,1,01104415,-0.26384092588693486
LightGBM,Persistence,1,01104455,-0.15281605342960536
LightGBM,Persistence,1,01104475,-0.2147466656584609
LightGBM,Persistence,1,01129500,-0.2816275888930516
LightGBM,Persistence,1,01400500,-0.3926321634743656
LightGBM,Persistence,1,01408029,-0.4026329516652689
LightGBM,Persistence,1,01425000,-0.008893709389306836
LightGBM,Persistence,1,01426500,-0.13614682121227417
LightGBM,Persistence,1,01427207,-0.3239205123940152
LightGBM,Persistence,1,01428500,-0.3279461202695
LightGBM,Persistence,1,01463500,-0.26364564802685253
LightGBM,Persistence,1,01480617,-0.3531047553329837
LightGBM,Persistence,1,01540500,-0.22115117941596918
LightGBM,Persistence,1,01542500,-0.31891902878626854
LightGBM,Persistence,1,01549700,-0.34845446461440566
LightGBM,Persistence,1,02110701,-0.4616861054814956
LightGBM,Persistence,1,02176930,-0.3207769347925109
LightGBM,Persistence,1,02266300,-0.2922613932621282
LightGBM,Persistence,1,02330450,-0.25647723445985315
LightGBM,Persistence,1,02334430,0.031133169884983825
LightGBM,Persistence,1,02334885,-0.4561835554498467
LightGBM,Persistence,1,02336120,-0.41491530094006934
LightGBM,Persistence,1,02336300,-0.4291739645546758
LightGBM,Persistence,1,02336728,0.07536961525207309
LightGBM,Persistence,1,02397000,-0.2710187623553903
LightGBM,Persistence,1,02455980,-0.323366486883928
LightGBM,Persistence,1,02458450,-0.3027128198863773
LightGBM,Persistence,1,02474560,-0.28406537048595837
LightGBM,Persistence,1,03007800,-0.3831701784234727
LightGBM,Persistence,1,03034000,-0.3678388248191127
LightGBM,Persistence,1,03036000,-0.0863507494530944
LightGBM,Persistence,1,03047000,-0.21650428627235208
LightGBM,Persistence,1,03077500,-0.008748352540768278
LightGBM,Persistence,1,03105500,-0.33597156718471133
LightGBM,Persistence,1,03106000,-0.4538943058919722
LightGBM,Persistence,1,03301900,-0.3268305121234695
LightGBM,Persistence,1,03353200,-0.4428863585316084
LightGBM,Persistence,1,03456991,-0.259541213953273
LightGBM,Persistence,1,04027000,-0.3909932430225652
LightGBM,Persistence,1,04043238,-0.20531993159866468
LightGBM,Persistence,1,04043244,-0.21672124000583237
LightGBM,Persistence,1,04067500,-0.20664188945447215
LightGBM,Persistence,1,04077630,-0.2888681002404232
LightGBM,Persistence,1,04124200,-0.038014671995543925
LightGBM,Persistence,1,04125460,-0.26292633593775433
LightGBM,Persistence,1,04137005,-0.12941027690647022
LightGBM,Persistence,1,04176500,-0.25175824641109795
LightGBM,Persistence,1,04208000,-0.40866795085620333
LightGBM,Persistence,1,05054000,-0.1738764284405983
LightGBM,Persistence,1,05057000,-0.33164797162075066
LightGBM,Persistence,1,05289800,-0.15938008975015083
LightGBM,Persistence,1,05331833,-0.19534860210245653
LightGBM,Persistence,1,05370000,-0.06623570036667858
LightGBM,Persistence,1,05382255,-0.11328460180564115
LightGBM,Persistence,1,05382257,-0.21466401869509455
LightGBM,Persistence,1,05406457,-0.09394362123741218
LightGBM,Persistence,1,05458300,-0.3636896681752396
LightGBM,Persistence,1,05517000,-0.3444466319668754
LightGBM,Persistence,1,06036805,-0.1454477650878746
LightGBM,Persistence,1,06036905,-0.17033987266329076
LightGBM,Persistence,1,06036940,-0.06722083706453885
LightGBM,Persistence,1,06041000,-0.14859277320015574
LightGBM,Persistence,1,06623800,-0.07383914202687436
LightGBM,Persistence,1,06894000,-0.41193733239248964
LightGBM,Persistence,1,06934500,-0.2026710822685192
LightGBM,Persistence,1,07106000,-0.19225277132131358
LightGBM,Persistence,1,07178200,-0.25855335465411755
LightGBM,Persistence,1,07194880,-0.18048506022915833
LightGBM,Persistence,1,07332622,-0.31883731092465506
LightGBM,Persistence,1,08048000,-0.20615228952686093
LightGBM,Persistence,1,08052700,-0.4537926117121427
LightGBM,Persistence,1,08065350,-0.24342473645457163
LightGBM,Persistence,1,08070200,-0.2822517372338167
LightGBM,Persistence,1,08123850,-0.40694217443664205
LightGBM,Persistence,1,09136100,-0.13825270958931968
LightGBM,Persistence,1,09144250,-0.15301112413837936
LightGBM,Persistence,1,09149500,-0.172008146874835
LightGBM,Persistence,1,09163500,-0.17412618352610543
LightGBM,Persistence,1,09180000,-0.1477439609528194
LightGBM,Persistence,1,09261000,-0.16449738329739316
LightGBM,Persistence,1,09302000,-0.14942955150453774
LightGBM,Persistence,1,09380000,0.06937729948330523
LightGBM,Persistence,1,10129900,-0.1060379925867585
LightGBM,Persistence,1,10301500,-0.20643192457159565
LightGBM,Persistence,1,10351600,-0.2599531590050358
LightGBM,Persistence,1,11262900,-0.2241761694361456
LightGBM,Persistence,1,11467000,-0.14478311402430194
LightGBM,Persistence,1,11507500,-0.2711239640139598
LightGBM,Persistence,1,12056500,-0.06631220562750595
LightGBM,Persistence,1,12115000,-0.03283171431400078
LightGBM,Persistence,1,12117600,-0.04773299341860188
LightGBM,Persistence,1,12210700,-0.11974761950140245
LightGBM,Persistence,1,12212050,-0.1018078373822287
LightGBM,Persistence,1,12213100,-0.2133664440145373
LightGBM,Persistence,1,12363000,-0.1047064141121502
LightGBM,Persistence,1,12398600,-0.06951427003269137
LightGBM,Persistence,1,13018350,-0.17382045769962373
LightGBM,Persistence,1,13154500,-0.08679678776426203
LightGBM,Persistence,1,13317660,-0.0929838644066566
LightGBM,Persistence,1,13342500,-0.10401767354658048
LightGBM,Persistence,1,14091500,-0.0957760966648874
LightGBM,Persistence,1,14150800,-0.1978832752031876
LightGBM,Persistence,1,14151000,-0.061146962251772685
LightGBM,Persistence,1,14152000,-0.038479228662566645
LightGBM,Persistence,1,14153500,-0.04472317417419397
LightGBM,Persistence,1,14154500,-0.22946205703372502
LightGBM,Persistence,1,14159500,-0.003579385444377914
LightGBM,Persistence,1,14161500,-0.07465739356579021
LightGBM,Persistence,1,14179000,-0.09774396152035641
LightGBM,Persistence,1,14185000,-0.16113440338917856
LightGBM,Persistence,1,14210000,-0.08190682796286297
LightGBM,Persistence,1,14211499,-0.20726662533443085
LightGBM,Persistence,1,14211500,-0.2640075121379186
LightGBM,Persistence,1,14320934,-0.1549634529563706
LightGBM,Persistence,1,255534081324000,-0.2916009951017552
LightGBM,Persistence,3,01073319,-0.42458245230777303
LightGBM,Persistence,3,01104415,-0.4076065771786117
LightGBM,Persistence,3,01104455,-0.2360286500390667
LightGBM,Persistence,3,01104475,-0.2955922282992822
LightGBM,Persistence,3,01129500,-0.39674705965974066
LightGBM,Persistence,3,01400500,-0.3879318398231959
LightGBM,Persistence,3,01408029,-0.4795873360252898
LightGBM,Persistence,3,01425000,-0.021370439332569102
LightGBM,Persistence,3,01426500,-0.19729514746516008
LightGBM,Persistence,3,01427207,-0.4228755997796809
LightGBM,Persistence,3,01428500,-0.4388885481274989
LightGBM,Persistence,3,01463500,-0.35707208476358976
LightGBM,Persistence,3,01480617,-0.4557249765511533
LightGBM,Persistence,3,01540500,-0.35504950733820584
LightGBM,Persistence,3,01542500,-0.40498955348346133
LightGBM,Persistence,3,01549700,-0.47550070912269193
LightGBM,Persistence,3,02110701,-0.510607944481378
LightGBM,Persistence,3,02176930,-0.3882083906977174
LightGBM,Persistence,3,02266300,-0.27812415378349065
LightGBM,Persistence,3,02330450,-0.35432230924009867
LightGBM,Persistence,3,02334430,0.17906580158422886
LightGBM,Persistence,3,02334885,-0.45250870463542325
LightGBM,Persistence,3,02336120,-0.43744134386591593
LightGBM,Persistence,3,02336300,-0.4590970250902271
LightGBM,Persistence,3,02336728,0.5070275288263397
LightGBM,Persistence,3,02397000,-0.3933956352781469
LightGBM,Persistence,3,02455980,-0.3586768105255387
LightGBM,Persistence,3,02458450,-0.3280303959297566
LightGBM,Persistence,3,02474560,-0.34599556510982965
LightGBM,Persistence,3,03007800,-0.44413809824861183
LightGBM,Persistence,3,03034000,-0.47664443828714087
LightGBM,Persistence,3,03036000,-0.26356342737378324
LightGBM,Persistence,3,03047000,-0.48509807704414665
LightGBM,Persistence,3,03077500,-0.0869768576675371
LightGBM,Persistence,3,03105500,-0.4232593893358352
LightGBM,Persistence,3,03106000,-0.564753599435498
LightGBM,Persistence,3,03301900,-0.4083135434014642
LightGBM,Persistence,3,03353200,-0.5154813331562713
LightGBM,Persistence,3,03456991,-0.3691958429134401
LightGBM,Persistence,3,04027000,-0.4059100053384579
LightGBM,Persistence,3,04043238,-0.33425562039210477
LightGBM,Persistence,3,04043244,-0.33222187309404516
LightGBM,Persistence,3,04067500,-0.2704741470948693
LightGBM,Persistence,3,04077630,-0.40821589767266486
LightGBM,Persistence,3,04124200,-0.14136912507234328
LightGBM,Persistence,3,04125460,-0.32888016138506626
LightGBM,Persistence,3,04137005,-0.27642840812314895
LightGBM,Persistence,3,04176500,-0.3411839251365225
LightGBM,Persistence,3,04208000,-0.48569789249610684
LightGBM,Persistence,3,05054000,-0.26890611428792144
LightGBM,Persistence,3,05057000,-0.3499236659796152
LightGBM,Persistence,3,05289800,-0.30952508568490744
LightGBM,Persistence,3,05331833,-0.29769991836169973
LightGBM,Persistence,3,05370000,-0.1783197183658244
LightGBM,Persistence,3,05382255,-0.2526705416899282
LightGBM,Persistence,3,05382257,-0.4452900945808107
LightGBM,Persistence,3,05406457,-0.18195589155633574
LightGBM,Persistence,3,05458300,-0.4544499913319604
LightGBM,Persistence,3,05517000,-0.45106289575156944
LightGBM,Persistence,3,06036805,-0.332617898332642
LightGBM,Persistence,3,06036905,-0.35723975483479387
LightGBM,Persistence,3,06036940,-0.16671254502599386
LightGBM,Persistence,3,06041000,-0.31109437181750776
LightGBM,Persistence,3,06623800,-0.20941162701340454
LightGBM,Persistence,3,06894000,-0.4799098656684373
LightGBM,Persistence,3,06934500,-0.2934732017786953
LightGBM,Persistence,3,07106000,-0.44625482500153724
LightGBM,Persistence,3,07178200,-0.296723815357647
LightGBM,Persistence,3,07194880,-0.27910827850985953
LightGBM,Persistence,3,07332622,-0.43237527011337473
LightGBM,Persistence,3,08048000,-0.2149696521644393
LightGBM,Persistence,3,08052700,-0.5960832046148763
LightGBM,Persistence,3,08065350,-0.3469379301131539
LightGBM,Persistence,3,08070200,-0.40382853455403644
LightGBM,Persistence,3,08123850,-0.5033986772244141
LightGBM,Persistence,3,09136100,-0.26512302814543
LightGBM,Persistence,3,09144250,-0.266130367454148
LightGBM,Persistence,3,09149500,-0.30461835215765487
LightGBM,Persistence,3,09163500,-0.32410263088648694
LightGBM,Persistence,3,09180000,-0.2943181967592541
LightGBM,Persistence,3,09261000,-0.35891472961061255
LightGBM,Persistence,3,09302000,-0.2934174765932174
LightGBM,Persistence,3,09380000,0.5458956593120945
LightGBM,Persistence,3,10129900,-0.24774138022757097
LightGBM,Persistence,3,10301500,-0.338007864892802
LightGBM,Persistence,3,10351600,-0.34089497131946733
LightGBM,Persistence,3,11262900,-0.33819456865587827
LightGBM,Persistence,3,11467000,-0.18748816564974524
LightGBM,Persistence,3,11507500,-0.3165958726662319
LightGBM,Persistence,3,12056500,-0.10164603796002225
LightGBM,Persistence,3,12115000,-0.05948874140351612
LightGBM,Persistence,3,12117600,-0.07783382269695716
LightGBM,Persistence,3,12210700,-0.17947076375188664
LightGBM,Persistence,3,12212050,-0.14281053913001496
LightGBM,Persistence,3,12213100,-0.23797022092817355
LightGBM,Persistence,3,12363000,-0.13686039328056743
LightGBM,Persistence,3,12398600,-0.18979464544393598
LightGBM,Persistence,3,13018350,-0.35644116099473955
LightGBM,Persistence,3,13154500,-0.18709779391168846
LightGBM,Persistence,3,13317660,-0.18782974695389454
LightGBM,Persistence,3,13342500,-0.16163213504623142
LightGBM,Persistence,3,14091500,-0.14548743611857373
LightGBM,Persistence,3,14150800,-0.2459055506943284
LightGBM,Persistence,3,14151000,-0.09107429936255906
LightGBM,Persistence,3,14152000,-0.06693626852620649
LightGBM,Persistence,3,14153500,-0.08544514783156276
LightGBM,Persistence,3,14154500,-0.2606386781284449
LightGBM,Persistence,3,14159500,-0.036640372690509904
LightGBM,Persistence,3,14161500,-0.12428780557013908
LightGBM,Persistence,3,14179000,-0.12968983546032908
LightGBM,Persistence,3,14185000,-0.22049578162226147
LightGBM,Persistence,3,14210000,-0.20810899135198413
LightGBM,Persistence,3,14211499,-0.25254801198874466
LightGBM,Persistence,3,14211500,-0.30876274357197997
LightGBM,Persistence,3,14320934,-0.13086716276003862
LightGBM,Persistence,3,255534081324000,-0.4316500105471981
LightGBM,Persistence,7,01073319,-0.7956206221058906
LightGBM,Persistence,7,01104415,-0.5421260461514563
LightGBM,Persistence,7,01104455,-0.3587031717746998
LightGBM,Persistence,7,01104475,-0.4131320227847597
LightGBM,Persistence,7,01129500,-0.6534080227610211
LightGBM,Persistence,7,01400500,-0.753078050462137
LightGBM,Persistence,7,01408029,-0.6854683693580621
LightGBM,Persistence,7,01425000,-0.030937348647985585
LightGBM,Persistence,7,01426500,-0.2925252689060929
LightGBM,Persistence,7,01427207,-0.659791420630575
LightGBM,Persistence,7,01428500,-0.7407242793027744
LightGBM,Persistence,7,01463500,-0.6487854745161767
LightGBM,Persistence,7,01480617,-0.647018166035852
LightGBM,Persistence,7,01540500,-0.6637684828312727
LightGBM,Persistence,7,01542500,-0.7299896076534189
LightGBM,Persistence,7,01549700,-0.763202283185282
LightGBM,Persistence,7,02110701,-0.7436612450648599
LightGBM,Persistence,7,02176930,-0.5589384155982908
LightGBM,Persistence,7,02266300,-0.4217985050260564
LightGBM,Persistence,7,02330450,-0.5701463080493285
LightGBM,Persistence,7,02334430,0.3827388056922399
LightGBM,Persistence,7,02334885,-0.6265610915521145
LightGBM,Persistence,7,02336120,-0.6883781451368471
LightGBM,Persistence,7,02336300,-0.7239297120839168
LightGBM,Persistence,7,02336728,0.6456572708388786
LightGBM,Persistence,7,02397000,-0.5247986972273315
LightGBM,Persistence,7,02455980,-0.5490538769041693
LightGBM,Persistence,7,02458450,-0.5437388618420955
LightGBM,Persistence,7,02474560,-0.5478471073880016
LightGBM,Persistence,7,03007800,-0.7092939889743821
LightGBM,Persistence,7,03034000,-0.7100756594915465
LightGBM,Persistence,7,03036000,-0.49101848067708653
LightGBM,Persistence,7,03047000,-0.6929514607493914
LightGBM,Persistence,7,03077500,-0.2321215173273654
LightGBM,Persistence,7,03105500,-0.6306097687769823
LightGBM,Persistence,7,03106000,-0.8394535467222064
LightGBM,Persistence,7,03301900,-0.5718843912557077
LightGBM,Persistence,7,03353200,-0.7837922473587873
LightGBM,Persistence,7,03456991,-0.6032069509341902
LightGBM,Persistence,7,04027000,-0.8052831713377229
LightGBM,Persistence,7,04043238,-0.6534054511155942
LightGBM,Persistence,7,04043244,-0.5995094108280883
LightGBM,Persistence,7,04067500,-0.7176164973555696
LightGBM,Persistence,7,04077630,-0.8167990183230489
LightGBM,Persistence,7,04124200,-0.43087910444072
LightGBM,Persistence,7,04125460,-0.5514383837921542
LightGBM,Persistence,7,04137005,-0.539915026103283
LightGBM,Persistence,7,04176500,-0.7114730409605308
LightGBM,Persistence,7,04208000,-0.7697521820858721
LightGBM,Persistence,7,05054000,-0.6086823952947185
LightGBM,Persistence,7,05057000,-0.7654480186511765
LightGBM,Persistence,7,05289800,-0.8306387136122142
LightGBM,Persistence,7,05331833,-0.6373987834928354
LightGBM,Persistence,7,05370000,-0.5679349795139945
LightGBM,Persistence,7,05382255,-0.5405318425959307
LightGBM,Persistence,7,05382257,-0.6661107011021477
LightGBM,Persistence,7,05406457,-0.3007818259941266
LightGBM,Persistence,7,05458300,-0.8908551330206649
LightGBM,Persistence,7,05517000,-0.7473253984844601
LightGBM,Persistence,7,06036805,-0.5128943213549413
LightGBM,Persistence,7,06036905,-0.598364315568582
LightGBM,Persistence,7,06036940,-0.33532988066186364
LightGBM,Persistence,7,06041000,-0.5990155937940322
LightGBM,Persistence,7,06623800,-0.4647580377679108
LightGBM,Persistence,7,06894000,-0.8263678306120084
LightGBM,Persistence,7,06934500,-0.6507000327247541
LightGBM,Persistence,7,07106000,-0.7135931242446858
LightGBM,Persistence,7,07178200,-0.5832949733267161
LightGBM,Persistence,7,07194880,-0.44995855307576105
LightGBM,Persistence,7,07332622,-0.8290108570244707
LightGBM,Persistence,7,08048000,-0.49479481974678796
LightGBM,Persistence,7,08052700,-1.008616845556773
LightGBM,Persistence,7,08065350,-0.6131393770841518
LightGBM,Persistence,7,08070200,-0.6705416259282058
LightGBM,Persistence,7,08123850,-0.882200288767673
LightGBM,Persistence,7,09136100,-0.4361077090385206
LightGBM,Persistence,7,09144250,-0.37999648728657065
LightGBM,Persistence,7,09149500,-0.4668190164007655
LightGBM,Persistence,7,09163500,-0.5475368494905748
LightGBM,Persistence,7,09180000,-0.508225517594231
LightGBM,Persistence,7,09261000,-0.6502337157973483
LightGBM,Persistence,7,09302000,-0.6231428180631531
LightGBM,Persistence,7,09380000,1.5378406629894696
LightGBM,Persistence,7,10129900,-0.39416737439095884
LightGBM,Persistence,7,10301500,-0.6657016384218872
LightGBM,Persistence,7,10351600,-0.473844425032971
LightGBM,Persistence,7,11262900,-0.5737025667282494
LightGBM,Persistence,7,11467000,-0.29909120170271675
LightGBM,Persistence,7,11507500,-0.605751087033835
LightGBM,Persistence,7,12056500,-0.21844468760115265
LightGBM,Persistence,7,12115000,-0.15475857669299964
LightGBM,Persistence,7,12117600,-0.19374449413090977
LightGBM,Persistence,7,12210700,-0.3731712937183258
LightGBM,Persistence,7,12212050,-0.30858434025339654
LightGBM,Persistence,7,12213100,-0.36451443757322677
LightGBM,Persistence,7,12363000,-0.31947237975235876
LightGBM,Persistence,7,12398600,-0.36779848309826546
LightGBM,Persistence,7,13018350,-0.5714915795207813
LightGBM,Persistence,7,13154500,-0.238014763390477
LightGBM,Persistence,7,13317660,-0.43063759688907743
LightGBM,Persistence,7,13342500,-0.3102615411394374
LightGBM,Persistence,7,14091500,-0.19998240354180297
LightGBM,Persistence,7,14150800,-0.45458870047529953
LightGBM,Persistence,7,14151000,-0.08693969729598794
LightGBM,Persistence,7,14152000,-0.19559845014598964
LightGBM,Persistence,7,14153500,-0.03532782050151062
LightGBM,Persistence,7,14154500,-0.3717372683026203
LightGBM,Persistence,7,14159500,-0.1428753578734121
LightGBM,Persistence,7,14161500,-0.2762279487039776
LightGBM,Persistence,7,14179000,-0.21760280934155674
LightGBM,Persistence,7,14185000,-0.3953399072131909
LightGBM,Persistence,7,14210000,-0.278942194384159
LightGBM,Persistence,7,14211499,-0.5151049259495988
LightGBM,Persistence,7,14211500,-0.5808810084969789
LightGBM,Persistence,7,14320934,-0.2624940136699754
LightGBM,Persistence,7,255534081324000,-0.7063227293441257
LightGBM,DampedPersistence,1,01073319,-0.2715477785671164
LightGBM,DampedPersistence,1,01104415,-0.1948983509924186
LightGBM,DampedPersistence,1,01104455,-0.12105380708272928
LightGBM,DampedPersistence,1,01104475,-0.18264756322320042
LightGBM,DampedPersistence,1,01129500,-0.24604049044695386
LightGBM,DampedPersistence,1,01400500,-0.35474365602597946
LightGBM,DampedPersistence,1,01408029,-0.35274809531385576
LightGBM,DampedPersistence,1,01425000,0.0013525410718154829
LightGBM,DampedPersistence,1,01426500,-0.10497046595327497
LightGBM,DampedPersistence,1,01427207,-0.2877872073455403
LightGBM,DampedPersistence,1,01428500,-0.29937451215499655
LightGBM,DampedPersistence,1,01463500,-0.24035756532946695
LightGBM,DampedPersistence,1,01480617,-0.3078555528561676
LightGBM,DampedPersistence,1,01540500,-0.19865034753863464
LightGBM,DampedPersistence,1,01542500,-0.2857811239166309
LightGBM,DampedPersistence,1,01549700,-0.31673167632214605
LightGBM,DampedPersistence,1,02110701,-0.4263728130149518
LightGBM,DampedPersistence,1,02176930,-0.28427374725829124
LightGBM,DampedPersistence,1,02266300,-0.2765843842945075
LightGBM,DampedPersistence,1,02330450,-0.21683177073742532
LightGBM,DampedPersistence,1,02334430,0.019477674064184047
LightGBM,DampedPersistence,1,02334885,-0.42603903068784177
LightGBM,DampedPersistence,1,02336120,-0.3747269074493652
LightGBM,DampedPersistence,1,02336300,-0.3874284964416922
LightGBM,DampedPersistence,1,02336728,-0.0001504575584087009
LightGBM,DampedPersistence,1,02397000,-0.250909711977851
LightGBM,DampedPersistence,1,02455980,-0.2795876912742782
LightGBM,DampedPersistence,1,02458450,-0.2638774733035565
LightGBM,DampedPersistence,1,02474560,-0.2712463588731422
LightGBM,DampedPersistence,1,03007800,-0.3467729183763937
LightGBM,DampedPersistence,1,03034000,-0.3284455715115171
LightGBM,DampedPersistence,1,03036000,-0.0638522949591166
LightGBM,DampedPersistence,1,03047000,-0.1944116740670555
LightGBM,DampedPersistence,1,03077500,0.015319086549839045
LightGBM,DampedPersistence,1,03105500,-0.30409730693541204
LightGBM,DampedPersistence,1,03106000,-0.41394829631198204
LightGBM,DampedPersistence,1,03301900,-0.2803844325738759
LightGBM,DampedPersistence,1,03353200,-0.3952084186943673
LightGBM,DampedPersistence,1,03456991,-0.22263103716959953
LightGBM,DampedPersistence,1,04027000,-0.3496423120557026
LightGBM,DampedPersistence,1,04043238,-0.16461554703707637
LightGBM,DampedPersistence,1,04043244,-0.17326719738807395
LightGBM,DampedPersistence,1,04067500,-0.17423604892198397
LightGBM,DampedPersistence,1,04077630,-0.25158350112725747
LightGBM,DampedPersistence,1,04124200,-0.0001325766776744397
LightGBM,DampedPersistence,1,04125460,-0.23649223639958267
LightGBM,DampedPersistence,1,04137005,-0.1015540437795151
LightGBM,DampedPersistence,1,04176500,-0.22621282851707486
LightGBM,DampedPersistence,1,04208000,-0.37341864759032695
LightGBM,DampedPersistence,1,05054000,-0.13073713295595885
LightGBM,DampedPersistence,1,05057000,-0.2969251164066371
LightGBM,DampedPersistence,1,05289800,-0.1208548861406703
LightGBM,DampedPersistence,1,05331833,-0.15471758923789858
LightGBM,DampedPersistence,1,05370000,-0.0379761405691571
LightGBM,DampedPersistence,1,05382255,-0.08392045740937892
LightGBM,DampedPersistence,1,05382257,-0.11076797497860813
LightGBM,DampedPersistence,1,05406457,-0.05734731884833899
LightGBM,DampedPersistence,1,05458300,-0.334648737977279
LightGBM,DampedPersistence,1,05517000,-0.3172850203125339
LightGBM,DampedPersistence,1,06036805,-0.10389363271515162
LightGBM,DampedPersistence,1,06036905,-0.12832986630050192
LightGBM,DampedPersistence,1,06036940,-0.06459531911780747
LightGBM,DampedPersistence,1,06041000,-0.12474746412703297
LightGBM,DampedPersistence,1,06623800,-0.033927875769225846
LightGBM,DampedPersistence,1,06894000,-0.37890818973148266
LightGBM,DampedPersistence,1,06934500,-0.16643913696156876
LightGBM,DampedPersistence,1,07106000,-0.11117729342422433
LightGBM,DampedPersistence,1,07178200,-0.23715268721952454
LightGBM,DampedPersistence,1,07194880,-0.13588471762115284
LightGBM,DampedPersistence,1,07332622,-0.27602062574914277
LightGBM,DampedPersistence,1,08048000,-0.18635292515870894
LightGBM,DampedPersistence,1,08052700,-0.3850179443871866
LightGBM,DampedPersistence,1,08065350,-0.2263074162029729
LightGBM,DampedPersistence,1,08070200,-0.2668737440398321
LightGBM,DampedPersistence,1,08123850,-0.3666413123247595
LightGBM,DampedPersistence,1,09136100,-0.11146128015582812
LightGBM,DampedPersistence,1,09144250,-0.13181785778064614
LightGBM,DampedPersistence,1,09149500,-0.13257286620450182
LightGBM,DampedPersistence,1,09163500,-0.14974797883882107
LightGBM,DampedPersistence,1,09180000,-0.12143520576685662
LightGBM,DampedPersistence,1,09261000,-0.1392146894197378
LightGBM,DampedPersistence,1,09302000,-0.1235629543400888
LightGBM,DampedPersistence,1,09380000,0.05858996701779323
LightGBM,DampedPersistence,1,10129900,-0.08212167527186365
LightGBM,DampedPersistence,1,10301500,-0.17453462813237264
LightGBM,DampedPersistence,1,10351600,-0.2434496237228272
LightGBM,DampedPersistence,1,11262900,-0.18791788067213522
LightGBM,DampedPersistence,1,11467000,-0.134806546646985
LightGBM,DampedPersistence,1,11507500,-0.24851881727244285
LightGBM,DampedPersistence,1,12056500,-0.05474285838771903
LightGBM,DampedPersistence,1,12115000,-0.024038182439324096
LightGBM,DampedPersistence,1,12117600,-0.03817293610455735
LightGBM,DampedPersistence,1,12210700,-0.09798675893704567
LightGBM,DampedPersistence,1,12212050,-0.08893591343537738
LightGBM,DampedPersistence,1,12213100,-0.18989115251463817
LightGBM,DampedPersistence,1,12363000,-0.08911154632956492
LightGBM,DampedPersistence,1,12398600,-0.03484431223728626
LightGBM,DampedPersistence,1,13018350,-0.13573819787643948
LightGBM,DampedPersistence,1,13154500,-0.07739187040483253
LightGBM,DampedPersistence,1,13317660,-0.0652537206535089
LightGBM,DampedPersistence,1,13342500,-0.09145731575533589
LightGBM,DampedPersistence,1,14091500,-0.06874414062244005
LightGBM,DampedPersistence,1,14150800,-0.17929556988404938
LightGBM,DampedPersistence,1,14151000,-0.05543774646979599
LightGBM,DampedPersistence,1,14152000,-0.029555941133170838
LightGBM,DampedPersistence,1,14153500,-0.03167731349703412
LightGBM,DampedPersistence,1,14154500,-0.2156246845566785
LightGBM,DampedPersistence,1,14159500,0.00553248425283126
LightGBM,DampedPersistence,1,14161500,-0.06112057690537814
LightGBM,DampedPersistence,1,14179000,-0.08553822724905463
LightGBM,DampedPersistence,1,14185000,-0.14402816230737442
LightGBM,DampedPersistence,1,14210000,-0.06768749437416804
LightGBM,DampedPersistence,1,14211499,-0.1836002157055696
LightGBM,DampedPersistence,1,14211500,-0.23984751375242241
LightGBM,DampedPersistence,1,14320934,-0.14757022505494666
LightGBM,DampedPersistence,1,255534081324000,-0.25508200703883754
LightGBM,DampedPersistence,3,01073319,-0.17970815304592258
LightGBM,DampedPersistence,3,01104415,-0.09242392145443357
LightGBM,DampedPersistence,3,01104455,-0.09766663520783547
LightGBM,DampedPersistence,3,01104475,-0.09182748342535518
LightGBM,DampedPersistence,3,01129500,-0.16113925717080657
LightGBM,DampedPersistence,3,01400500,-0.14033912847099028
LightGBM,DampedPersistence,3,01408029,-0.15798743393405124
LightGBM,DampedPersistence,3,01425000,0.03309093985860889
LightGBM,DampedPersistence,3,01426500,-0.058829721130235324
LightGBM,DampedPersistence,3,01427207,-0.19973092587642927
LightGBM,DampedPersistence,3,01428500,-0.24915724068323541
LightGBM,DampedPersistence,3,01463500,-0.2096728576628233
LightGBM,DampedPersistence,3,01480617,-0.1681796717455064
LightGBM,DampedPersistence,3,01540500,-0.19481250781994075
LightGBM,DampedPersistence,3,01542500,-0.16500815759576826
LightGBM,DampedPersistence,3,01549700,-0.24507983023000146
LightGBM,DampedPersistence,3,02110701,-0.23004765621666
LightGBM,DampedPersistence,3,02176930,-0.14453345343261126
LightGBM,DampedPersistence,3,02266300,-0.08840222566069289
LightGBM,DampedPersistence,3,02330450,-0.0941657793611883
LightGBM,DampedPersistence,3,02334430,0.10587137833246901
LightGBM,DampedPersistence,3,02334885,-0.22382041461910296
LightGBM,DampedPersistence,3,02336120,-0.1580371722973668
LightGBM,DampedPersistence,3,02336300,-0.17042513753876154
LightGBM,DampedPersistence,3,02336728,0.27833454738804453
LightGBM,DampedPersistence,3,02397000,-0.26168008034895696
LightGBM,DampedPersistence,3,02455980,-0.0998890105380279
LightGBM,DampedPersistence,3,02458450,-0.09497114781975613
LightGBM,DampedPersistence,3,02474560,-0.20707243336860648
LightGBM,DampedPersistence,3,03007800,-0.19447811394584025
LightGBM,DampedPersistence,3,03034000,-0.20924198482277867
LightGBM,DampedPersistence,3,03036000,-0.14290860780646408
LightGBM,DampedPersistence,3,03047000,-0.35400438823319735
LightGBM,DampedPersistence,3,03077500,0.02249723257741404
LightGBM,DampedPersistence,3,03105500,-0.21343635014804718
LightGBM,DampedPersistence,3,03106000,-0.2774934115055461
LightGBM,DampedPersistence,3,03301900,-0.11715093660409881
LightGBM,DampedPersistence,3,03353200,-0.21353575115434964
LightGBM,DampedPersistence,3,03456991,-0.14625740588675806
LightGBM,DampedPersistence,3,04027000,-0.15574452144090634
LightGBM,DampedPersistence,3,04043238,-0.0850958588467503
LightGBM,DampedPersistence,3,04043244,-0.09213136972657665
LightGBM,DampedPersistence,3,04067500,-0.10387560498981507
LightGBM,DampedPersistence,3,04077630,-0.1693103115869823
LightGBM,DampedPersistence,3,04124200,0.003242715486693748
LightGBM,DampedPersistence,3,04125460,-0.1319842933721549
LightGBM,DampedPersistence,3,04137005,-0.15148493031735544
LightGBM,DampedPersistence,3,04176500,-0.19072942879135812
LightGBM,DampedPersistence,3,04208000,-0.23804771487774645
LightGBM,DampedPersistence,3,05054000,-0.0918651293401277
LightGBM,DampedPersistence,3,05057000,-0.149929383338673
LightGBM,DampedPersistence,3,05289800,-0.11618349536765571
LightGBM,DampedPersistence,3,05331833,-0.05823736992625461
LightGBM,DampedPersistence,3,05370000,-0.03313469813664771
LightGBM,DampedPersistence,3,05382255,-0.06998336939575012
LightGBM,DampedPersistence,3,05382257,-0.0456862986942157
LightGBM,DampedPersistence,3,05406457,-0.01178759781502503
LightGBM,DampedPersistence,3,05458300,-0.253559974231891
LightGBM,DampedPersistence,3,05517000,-0.20919889397001867
LightGBM,DampedPersistence,3,06036805,-0.1182708129147827
LightGBM,DampedPersistence,3,06036905,-0.08156987827731421
LightGBM,DampedPersistence,3,06036940,-0.08391255519893126
LightGBM,DampedPersistence,3,06041000,-0.1788289769085757
LightGBM,DampedPersistence,3,06623800,-0.029912980412021728
LightGBM,DampedPersistence,3,06894000,-0.26149385005935266
LightGBM,DampedPersistence,3,06934500,-0.14404468329087383
LightGBM,DampedPersistence,3,07106000,-0.03220763625757006
LightGBM,DampedPersistence,3,07178200,-0.14988208479919574
LightGBM,DampedPersistence,3,07194880,-0.07933749679388602
LightGBM,DampedPersistence,3,07332622,-0.12462363982331448
LightGBM,DampedPersistence,3,08048000,-0.07370902616035568
LightGBM,DampedPersistence,3,08052700,-0.16100877116623868
LightGBM,DampedPersistence,3,08065350,-0.22651539343757388
LightGBM,DampedPersistence,3,08070200,-0.23312149530403126
LightGBM,DampedPersistence,3,08123850,-0.13255843856297922
LightGBM,DampedPersistence,3,09136100,-0.12711904097905213
LightGBM,DampedPersistence,3,09144250,-0.1430620561064757
LightGBM,DampedPersistence,3,09149500,-0.10027248085266405
LightGBM,DampedPersistence,3,09163500,-0.19058420514831176
LightGBM,DampedPersistence,3,09180000,-0.12553507428113986
LightGBM,DampedPersistence,3,09261000,-0.20277769093227804
LightGBM,DampedPersistence,3,09302000,-0.13667171845838388
LightGBM,DampedPersistence,3,09380000,0.49723489937228305
LightGBM,DampedPersistence,3,10129900,-0.1157448384996731
LightGBM,DampedPersistence,3,10301500,-0.10106214677365721
LightGBM,DampedPersistence,3,10351600,-0.1867520864496106
LightGBM,DampedPersistence,3,11262900,-0.11018874192774675
LightGBM,DampedPersistence,3,11467000,-0.09513389502667147
LightGBM,DampedPersistence,3,11507500,-0.17651342941454917
LightGBM,DampedPersistence,3,12056500,-0.041622133484315205
LightGBM,DampedPersistence,3,12115000,-0.013534457123827393
LightGBM,DampedPersistence,3,12117600,-0.021812048323925137
LightGBM,DampedPersistence,3,12210700,-0.05410632654870762
LightGBM,DampedPersistence,3,12212050,-0.04284227405909613
LightGBM,DampedPersistence,3,12213100,-0.09753441589928635
LightGBM,DampedPersistence,3,12363000,-0.0484111900116353
LightGBM,DampedPersistence,3,12398600,-0.058739276571330046
LightGBM,DampedPersistence,3,13018350,-0.12536355181699577
LightGBM,DampedPersistence,3,13154500,-0.133197143054109
LightGBM,DampedPersistence,3,13317660,-0.06639392461463756
LightGBM,DampedPersistence,3,13342500,-0.07228369910827959
LightGBM,DampedPersistence,3,14091500,-0.011949215515560718
LightGBM,DampedPersistence,3,14150800,-0.10956998844029742
LightGBM,DampedPersistence,3,14151000,-0.051097110993971295
LightGBM,DampedPersistence,3,14152000,-0.017873701218822702
LightGBM,DampedPersistence,3,14153500,-0.02945977687005208
LightGBM,DampedPersistence,3,14154500,-0.15315029348657405
LightGBM,DampedPersistence,3,14159500,0.01022258403895382
LightGBM,DampedPersistence,3,14161500,-0.04586151423112028
LightGBM,DampedPersistence,3,14179000,-0.05341306893541464
LightGBM,DampedPersistence,3,14185000,-0.10610233584982875
LightGBM,DampedPersistence,3,14210000,-0.13818763815945256
LightGBM,DampedPersistence,3,14211499,-0.07954988956945086
LightGBM,DampedPersistence,3,14211500,-0.12569754854961923
LightGBM,DampedPersistence,3,14320934,-0.04561641693263141
LightGBM,DampedPersistence,3,255534081324000,-0.1557352667146763
LightGBM,DampedPersistence,7,01073319,-0.10924402752794116
LightGBM,DampedPersistence,7,01104415,-0.05286766989246128
LightGBM,DampedPersistence,7,01104455,-0.0353930348718714
LightGBM,DampedPersistence,7,01104475,-0.07895203084239855
LightGBM,DampedPersistence,7,01129500,-0.045287315001266704
LightGBM,DampedPersistence,7,01400500,-0.07865232296946889
LightGBM,DampedPersistence,7,01408029,-0.04899348816380744
LightGBM,DampedPersistence,7,01425000,0.1304327755859762
LightGBM,DampedPersistence,7,01426500,-0.020535354380365023
LightGBM,DampedPersistence,7,01427207,-0.060869901776086754
LightGBM,DampedPersistence,7,01428500,-0.14636596501487986
LightGBM,DampedPersistence,7,01463500,-0.14099438336096148
LightGBM,DampedPersistence,7,01480617,-0.049074230795016716
LightGBM,DampedPersistence,7,01540500,-0.11348178608117188
LightGBM,DampedPersistence,7,01542500,-0.05628354639031308
LightGBM,DampedPersistence,7,01549700,-0.09731174804272635
LightGBM,DampedPersistence,7,02110701,-0.063622850274629
LightGBM,DampedPersistence,7,02176930,-0.02999088988640164
LightGBM,DampedPersistence,7,02266300,-0.03189080202307193
LightGBM,DampedPersistence,7,02330450,-0.03273239262537708
LightGBM,DampedPersistence,7,02334430,0.16064634693987734
LightGBM,DampedPersistence,7,02334885,-0.06156189568117432
LightGBM,DampedPersistence,7,02336120,-0.04897095314146904
LightGBM,DampedPersistence,7,02336300,-0.06746492816507743
LightGBM,DampedPersistence,7,02336728,0.06150621030610903
LightGBM,DampedPersistence,7,02397000,-0.1129414246593865
LightGBM,DampedPersistence,7,02455980,-0.022365960381731442
LightGBM,DampedPersistence,7,02458450,-0.03451010462301629
LightGBM,DampedPersistence,7,02474560,-0.06286580572977529
LightGBM,DampedPersistence,7,03007800,-0.0772528487605495
LightGBM,DampedPersistence,7,03034000,-0.07114792203822828
LightGBM,DampedPersistence,7,03036000,-0.059617859140624674
LightGBM,DampedPersistence,7,03047000,-0.2345307525637026
LightGBM,DampedPersistence,7,03077500,0.1352936503664507
LightGBM,DampedPersistence,7,03105500,-0.05720505573038226
LightGBM,DampedPersistence,7,03106000,-0.09052957114709193
LightGBM,DampedPersistence,7,03301900,-0.03841921854271879
LightGBM,DampedPersistence,7,03353200,-0.055871714554704965
LightGBM,DampedPersistence,7,03456991,-0.05764537180800122
LightGBM,DampedPersistence,7,04027000,-0.10466376489184981
LightGBM,DampedPersistence,7,04043238,-0.021954068733506693
LightGBM,DampedPersistence,7,04043244,-0.012832395410053987
LightGBM,DampedPersistence,7,04067500,-0.1473858716597074
LightGBM,DampedPersistence,7,04077630,-0.11805462519447674
LightGBM,DampedPersistence,7,04124200,-0.0166892212795966
LightGBM,DampedPersistence,7,04125460,-0.036586143806789595
LightGBM,DampedPersistence,7,04137005,-0.11965950470232234
LightGBM,DampedPersistence,7,04176500,-0.18589305783881072
LightGBM,DampedPersistence,7,04208000,-0.08729473311619573
LightGBM,DampedPersistence,7,05054000,-0.04132878927472006
LightGBM,DampedPersistence,7,05057000,-0.10698218177588825
LightGBM,DampedPersistence,7,05289800,-0.1926739185254842
LightGBM,DampedPersistence,7,05331833,-0.03209102260156382
LightGBM,DampedPersistence,7,05370000,-0.07191390737945036
LightGBM,DampedPersistence,7,05382255,-0.0067926684725931885
LightGBM,DampedPersistence,7,05382257,-0.007594944291423156
LightGBM,DampedPersistence,7,05406457,0.005354213947792452
LightGBM,DampedPersistence,7,05458300,-0.22628469346752977
LightGBM,DampedPersistence,7,05517000,-0.07787796197736441
LightGBM,DampedPersistence,7,06036805,-0.09473109586974293
LightGBM,DampedPersistence,7,06036905,-0.08826183079754557
LightGBM,DampedPersistence,7,06036940,-0.1632155099805197
LightGBM,DampedPersistence,7,06041000,-0.153975868323313
LightGBM,DampedPersistence,7,06623800,0.0285469954502523
LightGBM,DampedPersistence,7,06894000,-0.14255246174271274
LightGBM,DampedPersistence,7,06934500,-0.16975585253959213
LightGBM,DampedPersistence,7,07106000,-0.006484963421501844
LightGBM,DampedPersistence,7,07178200,-0.0905070744796741
LightGBM,DampedPersistence,7,07194880,-0.02446977342065959
LightGBM,DampedPersistence,7,07332622,-0.05712021714301896
LightGBM,DampedPersistence,7,08048000,-0.03815721702169084
LightGBM,DampedPersistence,7,08052700,-0.031025892988100434
LightGBM,DampedPersistence,7,08065350,-0.16108627123656305
LightGBM,DampedPersistence,7,08070200,-0.08879017141135215
LightGBM,DampedPersistence,7,08123850,-0.03345105301122864
LightGBM,DampedPersistence,7,09136100,-0.1325333151872603
LightGBM,DampedPersistence,7,09144250,-0.0631883167776357
LightGBM,DampedPersistence,7,09149500,-0.04721625454993705
LightGBM,DampedPersistence,7,09163500,-0.10608341797278675
LightGBM,DampedPersistence,7,09180000,-0.03797082459531964
LightGBM,DampedPersistence,7,09261000,-0.14824614888456655
LightGBM,DampedPersistence,7,09302000,-0.14653566152884
LightGBM,DampedPersistence,7,09380000,1.3564966320754843
LightGBM,DampedPersistence,7,10129900,-0.03831762328922661
LightGBM,DampedPersistence,7,10301500,-0.07020364327386797
LightGBM,DampedPersistence,7,10351600,-0.07372771977869963
LightGBM,DampedPersistence,7,11262900,-0.03141811918798609
LightGBM,DampedPersistence,7,11467000,-0.008401167219137307
LightGBM,DampedPersistence,7,11507500,-0.12849091319393136
LightGBM,DampedPersistence,7,12056500,-0.026135271151043082
LightGBM,DampedPersistence,7,12115000,-0.005340137629140318
LightGBM,DampedPersistence,7,12117600,-0.031022932549848337
LightGBM,DampedPersistence,7,12210700,-0.05094928953193545
LightGBM,DampedPersistence,7,12212050,-0.03259322579102997
LightGBM,DampedPersistence,7,12213100,-0.06091295476215608
LightGBM,DampedPersistence,7,12363000,-0.06360469074039121
LightGBM,DampedPersistence,7,12398600,0.03486359756399726
LightGBM,DampedPersistence,7,13018350,-0.06616272961105185
LightGBM,DampedPersistence,7,13154500,-0.053181767761578236
LightGBM,DampedPersistence,7,13317660,-0.016291287553597544
LightGBM,DampedPersistence,7,13342500,-0.03729059501236298
LightGBM,DampedPersistence,7,14091500,0.021850316495234612
LightGBM,DampedPersistence,7,14150800,-0.06826901348449765
LightGBM,DampedPersistence,7,14151000,0.04987983314685418
LightGBM,DampedPersistence,7,14152000,-0.025632518585557706
LightGBM,DampedPersistence,7,14153500,0.14973751733629082
LightGBM,DampedPersistence,7,14154500,-0.039666205950822375
LightGBM,DampedPersistence,7,14159500,0.023250449550182295
LightGBM,DampedPersistence,7,14161500,-0.026387266789339003
LightGBM,DampedPersistence,7,14179000,-0.030724594769288682
LightGBM,DampedPersistence,7,14185000,-0.05627388006015788
LightGBM,DampedPersistence,7,14210000,-0.033819976105416094
LightGBM,DampedPersistence,7,14211499,-0.05367561550766364
LightGBM,DampedPersistence,7,14211500,-0.07521628694269311
LightGBM,DampedPersistence,7,14320934,0.0032905409144257103
LightGBM,DampedPersistence,7,255534081324000,-0.0792936205514363
LightGBM,Climatology,1,01073319,-1.304403889859341
LightGBM,Climatology,1,01104415,-0.8634035739734508
LightGBM,Climatology,1,01104455,-1.0574261282397863
LightGBM,Climatology,1,01104475,-1.1992573433834948
LightGBM,Climatology,1,01129500,-1.18965145944484
LightGBM,Climatology,1,01400500,-1.552328743506998
LightGBM,Climatology,1,01408029,-1.311000052459
LightGBM,Climatology,1,01425000,-0.9809539261240328
LightGBM,Climatology,1,01426500,-0.8953546248587559
LightGBM,Climatology,1,01427207,-1.2523185970130926
LightGBM,Climatology,1,01428500,-1.5801498807359493
LightGBM,Climatology,1,01463500,-1.4300451050806369
LightGBM,Climatology,1,01480617,-1.31027031204931
LightGBM,Climatology,1,01540500,-1.5045351210882405
LightGBM,Climatology,1,01542500,-1.528555898366041
LightGBM,Climatology,1,01549700,-1.6521895437519243
LightGBM,Climatology,1,02110701,-1.6949355287946029
LightGBM,Climatology,1,02176930,-1.4254727584541964
LightGBM,Climatology,1,02266300,-1.4641919598083801
LightGBM,Climatology,1,02330450,-1.1532931466705096
LightGBM,Climatology,1,02334430,-1.4905928540281341
LightGBM,Climatology,1,02334885,-1.6372182724560278
LightGBM,Climatology,1,02336120,-1.5363817569035851
LightGBM,Climatology,1,02336300,-1.5859960614438209
LightGBM,Climatology,1,02336728,-2.5067239854901593
LightGBM,Climatology,1,02397000,-1.289782725779922
LightGBM,Climatology,1,02455980,-1.1066580183917658
LightGBM,Climatology,1,02458450,-1.283589269102197
LightGBM,Climatology,1,02474560,-2.0536535882481393
LightGBM,Climatology,1,03007800,-1.570406750211013
LightGBM,Climatology,1,03034000,-1.5375523485466287
LightGBM,Climatology,1,03036000,-1.2471256760587432
LightGBM,Climatology,1,03047000,-1.4729787605885813
LightGBM,Climatology,1,03077500,-1.1501508203406432
LightGBM,Climatology,1,03105500,-1.6967854034646224
LightGBM,Climatology,1,03106000,-1.7258169276879347
LightGBM,Climatology,1,03301900,-1.3867094043001211
LightGBM,Climatology,1,03353200,-1.5849603966899708
LightGBM,Climatology,1,03456991,-1.2668879142388314
LightGBM,Climatology,1,04027000,-1.5877034433143813
LightGBM,Climatology,1,04043238,-1.0184009107863932
LightGBM,Climatology,1,04043244,-0.9429789698833797
LightGBM,Climatology,1,04067500,-1.3536660360261736
LightGBM,Climatology,1,04077630,-1.2638492539969892
LightGBM,Climatology,1,04124200,-0.9048720865129506
LightGBM,Climatology,1,04125460,-1.0885779398604285
LightGBM,Climatology,1,04137005,-1.1932721580596801
LightGBM,Climatology,1,04176500,-1.5529973745209142
LightGBM,Climatology,1,04208000,-1.5409434592275242
LightGBM,Climatology,1,05054000,-1.7400406632003667
LightGBM,Climatology,1,05057000,-1.7120408361640531
LightGBM,Climatology,1,05289800,-1.39603445155034
LightGBM,Climatology,1,05331833,-1.0642812680913534
LightGBM,Climatology,1,05370000,-0.9669262399711156
LightGBM,Climatology,1,05382255,-0.8166805354547488
LightGBM,Climatology,1,05382257,-0.698371002195395
LightGBM,Climatology,1,05406457,-0.6243637911115724
LightGBM,Climatology,1,05458300,-1.7862883567312218
LightGBM,Climatology,1,05517000,-1.6918398664885759
LightGBM,Climatology,1,06036805,-0.8810937906828461
LightGBM,Climatology,1,06036905,-1.0821405323203346
LightGBM,Climatology,1,06036940,-1.2379325149415341
LightGBM,Climatology,1,06041000,-1.2851193611641494
LightGBM,Climatology,1,06623800,-0.38978253348718905
LightGBM,Climatology,1,06894000,-1.6960568093083097
LightGBM,Climatology,1,06934500,-1.4791658413248132
LightGBM,Climatology,1,07106000,-0.7635523511777265
LightGBM,Climatology,1,07178200,-1.7543294001341088
LightGBM,Climatology,1,07194880,-0.7676144177868807
LightGBM,Climatology,1,07332622,-1.6099476213902526
LightGBM,Climatology,1,08048000,-1.5824543691964104
LightGBM,Climatology,1,08052700,-1.7230899083658922
LightGBM,Climatology,1,08065350,-1.9155324284355952
LightGBM,Climatology,1,08070200,-1.8565179585771734
LightGBM,Climatology,1,08123850,-1.6351337866289004
LightGBM,Climatology,1,09136100,-1.2834035343396677
LightGBM,Climatology,1,09144250,-1.2863865984874687
LightGBM,Climatology,1,09149500,-0.8121704390862107
LightGBM,Climatology,1,09163500,-1.4203090462943835
LightGBM,Climatology,1,09180000,-1.4412869404512887
LightGBM,Climatology,1,09261000,-1.1370529447642717
LightGBM,Climatology,1,09302000,-1.4492675227552327
LightGBM,Climatology,1,09380000,-3.3636499425221786
LightGBM,Climatology,1,10129900,-1.0114848323743892
LightGBM,Climatology,1,10301500,-1.3078121026125538
LightGBM,Climatology,1,10351600,-1.5750797305468658
LightGBM,Climatology,1,11262900,-0.9984689582463397
LightGBM,Climatology,1,11467000,-1.1425765582882033
LightGBM,Climatology,1,11507500,-1.5947544990398508
LightGBM,Climatology,1,12056500,-0.6830874611411002
LightGBM,Climatology,1,12115000,-0.5866521365195781
LightGBM,Climatology,1,12117600,-0.7051078875427381
LightGBM,Climatology,1,12210700,-0.8366596917748107
LightGBM,Climatology,1,12212050,-0.9898676112722029
LightGBM,Climatology,1,12213100,-1.1397139500860622
LightGBM,Climatology,1,12363000,-0.9784215875734115
LightGBM,Climatology,1,12398600,-1.527478394947923
LightGBM,Climatology,1,13018350,-0.8938478168844909
LightGBM,Climatology,1,13154500,-0.8863761729499378
LightGBM,Climatology,1,13317660,-0.928473916697195
LightGBM,Climatology,1,13342500,-0.973281204056481
LightGBM,Climatology,1,14091500,-0.3058825212419049
LightGBM,Climatology,1,14150800,-1.4096780352902907
LightGBM,Climatology,1,14151000,-2.4613245679807103
LightGBM,Climatology,1,14152000,-1.1453826641726161
LightGBM,Climatology,1,14153500,-2.134578987743284
LightGBM,Climatology,1,14154500,-1.826007752287467
LightGBM,Climatology,1,14159500,-0.9699078886392503
LightGBM,Climatology,1,14161500,-0.9959757833444026
LightGBM,Climatology,1,14179000,-1.0571624725180222
LightGBM,Climatology,1,14185000,-1.2254673009250212
LightGBM,Climatology,1,14210000,-1.2884754588470617
LightGBM,Climatology,1,14211499,-1.2026660589629121
LightGBM,Climatology,1,14211500,-1.4327651037178009
LightGBM,Climatology,1,14320934,-1.4546450315727706
LightGBM,Climatology,1,255534081324000,-1.2100046391434858
LightGBM,Climatology,3,01073319,-0.38619407572174613
LightGBM,Climatology,3,01104415,-0.2479120955416485
LightGBM,Climatology,3,01104455,-0.515577839530142
LightGBM,Climatology,3,01104475,-0.4935368336153032
LightGBM,Climatology,3,01129500,-0.4075238239341168
LightGBM,Climatology,3,01400500,-0.46874214340829257
LightGBM,Climatology,3,01408029,-0.32864651297590664
LightGBM,Climatology,3,01425000,-0.6488052260847349
LightGBM,Climatology,3,01426500,-0.4245875744250256
LightGBM,Climatology,3,01427207,-0.4204122905993586
LightGBM,Climatology,3,01428500,-0.6372809531233534
LightGBM,Climatology,3,01463500,-0.6006442033124184
LightGBM,Climatology,3,01480617,-0.4154257748750747
LightGBM,Climatology,3,01540500,-0.7448056184281526
LightGBM,Climatology,3,01542500,-0.5302665859294091
LightGBM,Climatology,3,01549700,-0.6448223803957394
LightGBM,Climatology,3,02110701,-0.5621031611609271
LightGBM,Climatology,3,02176930,-0.4861643507082474
LightGBM,Climatology,3,02266300,-0.5294940995583095
LightGBM,Climatology,3,02330450,-0.34421432549594777
LightGBM,Climatology,3,02334430,-1.2660918018780654
LightGBM,Climatology,3,02334885,-0.5453640015954604
LightGBM,Climatology,3,02336120,-0.45700792450202865
LightGBM,Climatology,3,02336300,-0.4773204791186525
LightGBM,Climatology,3,02336728,-1.4482614440702504
LightGBM,Climatology,3,02397000,-0.6175066873881909
LightGBM,Climatology,3,02455980,-0.31175364089228785
LightGBM,Climatology,3,02458450,-0.4424377708498879
LightGBM,Climatology,3,02474560,-1.1032957697990384
LightGBM,Climatology,3,03007800,-0.5363598183985172
LightGBM,Climatology,3,03034000,-0.50586172094289
LightGBM,Climatology,3,03036000,-0.7703119435796264
LightGBM,Climatology,3,03047000,-0.8293684082934452
LightGBM,Climatology,3,03077500,-0.9519290007495653
LightGBM,Climatology,3,03105500,-0.7017306020324232
LightGBM,Climatology,3,03106000,-0.5510083783377466
LightGBM,Climatology,3,03301900,-0.4609834418685528
LightGBM,Climatology,3,03353200,-0.44275296965696187
LightGBM,Climatology,3,03456991,-0.4762120295854946
LightGBM,Climatology,3,04027000,-0.5550501822784428
LightGBM,Climatology,3,04043238,-0.34353712687288196
LightGBM,Climatology,3,04043244,-0.31997543123458794
LightGBM,Climatology,3,04067500,-0.6008111023520195
LightGBM,Climatology,3,04077630,-0.40508704360307424
LightGBM,Climatology,3,04124200,-0.6365409535364357
LightGBM,Climatology,3,04125460,-0.342491978683523
LightGBM,Climatology,3,04137005,-0.7657734926945319
LightGBM,Climatology,3,04176500,-0.7273978694789973
LightGBM,Climatology,3,04208000,-0.534572671105721
LightGBM,Climatology,3,05054000,-1.1492174345436321
LightGBM,Climatology,3,05057000,-0.7441760212699302
LightGBM,Climatology,3,05289800,-0.6472067275278861
LightGBM,Climatology,3,05331833,-0.35620155961519573
LightGBM,Climatology,3,05370000,-0.5142041278596848
LightGBM,Climatology,3,05382255,-0.3115635074395444
LightGBM,Climatology,3,05382257,-0.1635552528528046
LightGBM,Climatology,3,05406457,-0.20240010433935884
LightGBM,Climatology,3,05458300,-0.7233038902424442
LightGBM,Climatology,3,05517000,-0.6402609238916026
LightGBM,Climatology,3,06036805,-0.38369082699543244
LightGBM,Climatology,3,06036905,-0.36796716957838727
LightGBM,Climatology,3,06036940,-0.5915003568864092
LightGBM,Climatology,3,06041000,-0.7106082688516385
LightGBM,Climatology,3,06623800,-0.1428346365138038
LightGBM,Climatology,3,06894000,-0.6666569451004747
LightGBM,Climatology,3,06934500,-0.829993958788349
LightGBM,Climatology,3,07106000,-0.12465146816383177
LightGBM,Climatology,3,07178200,-0.8870668955022332
LightGBM,Climatology,3,07194880,-0.2634155445545725
LightGBM,Climatology,3,07332622,-0.5488900535445489
LightGBM,Climatology,3,08048000,-0.7045418545841169
LightGBM,Climatology,3,08052700,-0.46114755444509203
LightGBM,Climatology,3,08065350,-1.058212465644394
LightGBM,Climatology,3,08070200,-0.9018662054914568
LightGBM,Climatology,3,08123850,-0.4522037887485788
LightGBM,Climatology,3,09136100,-0.8065776594518062
LightGBM,Climatology,3,09144250,-0.7790189320393051
LightGBM,Climatology,3,09149500,-0.32652789999326814
LightGBM,Climatology,3,09163500,-0.8479702423635693
LightGBM,Climatology,3,09180000,-0.7764987439597668
LightGBM,Climatology,3,09261000,-0.5063368517662725
LightGBM,Climatology,3,09302000,-0.8377973812213715
LightGBM,Climatology,3,09380000,-2.65867970152368
LightGBM,Climatology,3,10129900,-0.5389091053326975
LightGBM,Climatology,3,10301500,-0.5219496285762444
LightGBM,Climatology,3,10351600,-0.7738470613624204
LightGBM,Climatology,3,11262900,-0.253765301609294
LightGBM,Climatology,3,11467000,-0.5811516850594168
LightGBM,Climatology,3,11507500,-0.7684403549745489
LightGBM,Climatology,3,12056500,-0.40322383616518354
LightGBM,Climatology,3,12115000,-0.33586259787294936
LightGBM,Climatology,3,12117600,-0.4000572564716336
LightGBM,Climatology,3,12210700,-0.34711110189191774
LightGBM,Climatology,3,12212050,-0.43657086024109204
LightGBM,Climatology,3,12213100,-0.5082828369547978
LightGBM,Climatology,3,12363000,-0.5701209276290201
LightGBM,Climatology,3,12398600,-1.1709446201585514
LightGBM,Climatology,3,13018350,-0.28907884868422595
LightGBM,Climatology,3,13154500,-0.5562360960917009
LightGBM,Climatology,3,13317660,-0.618017909683306
LightGBM,Climatology,3,13342500,-0.5231660954612308
LightGBM,Climatology,3,14091500,-0.050351476152601604
LightGBM,Climatology,3,14150800,-0.6866622746774727
LightGBM,Climatology,3,14151000,-1.8292001696069948
LightGBM,Climatology,3,14152000,-0.8037760241592935
LightGBM,Climatology,3,14153500,-1.8026753259377353
LightGBM,Climatology,3,14154500,-1.0674265413024153
LightGBM,Climatology,3,14159500,-0.6968415418623802
LightGBM,Climatology,3,14161500,-0.5693171467886919
LightGBM,Climatology,3,14179000,-0.6155769133175863
LightGBM,Climatology,3,14185000,-0.6181238492352232
LightGBM,Climatology,3,14210000,-0.9477004059586622
LightGBM,Climatology,3,14211499,-0.43513804677182777
LightGBM,Climatology,3,14211500,-0.5436572134661442
LightGBM,Climatology,3,14320934,-0.7948894911337105
LightGBM,Climatology,3,255534081324000,-0.23890129396082793
LightGBM,Climatology,7,01073319,-0.06550684719851607
LightGBM,Climatology,7,01104415,-0.11926471269944905
LightGBM,Climatology,7,01104455,-0.26374089346472096
LightGBM,Climatology,7,01104475,-0.27114378835678377
LightGBM,Climatology,7,01129500,-0.09464243655238413
LightGBM,Climatology,7,01400500,-0.11132869814691126
LightGBM,Climatology,7,01408029,-0.1073342658626304
LightGBM,Climatology,7,01425000,-0.34422035280320107
LightGBM,Climatology,7,01426500,-0.2100586961993005
LightGBM,Climatology,7,01427207,-0.025816066157226425
LightGBM,Climatology,7,01428500,-0.08544637691847434
LightGBM,Climatology,7,01463500,-0.11013888102631797
LightGBM,Climatology,7,01480617,-0.13394845466889627
LightGBM,Climatology,7,01540500,-0.16301184140300107
LightGBM,Climatology,7,01542500,-0.0986605623356156
LightGBM,Climatology,7,01549700,-0.1354015305643408
LightGBM,Climatology,7,02110701,-0.10979055546542371
LightGBM,Climatology,7,02176930,-0.15030322382475436
LightGBM,Climatology,7,02266300,-0.2095037857098201
LightGBM,Climatology,7,02330450,-0.10444628775494857
LightGBM,Climatology,7,02334430,-0.9657087156164711
LightGBM,Climatology,7,02334885,-0.104634421192356
LightGBM,Climatology,7,02336120,-0.10672705026260276
LightGBM,Climatology,7,02336300,-0.12160972606136644
LightGBM,Climatology,7,02336728,-0.9137569389910514
LightGBM,Climatology,7,02397000,-0.13189966857996183
LightGBM,Climatology,7,02455980,-0.07140078205772205
LightGBM,Climatology,7,02458450,-0.14724192514027057
LightGBM,Climatology,7,02474560,-0.3142329116221436
LightGBM,Climatology,7,03007800,-0.1304540142996209
LightGBM,Climatology,7,03034000,-0.12124321845606412
LightGBM,Climatology,7,03036000,-0.22874870720104945
LightGBM,Climatology,7,03047000,-0.14421177338554592
LightGBM,Climatology,7,03077500,-0.6462663691821187
LightGBM,Climatology,7,03105500,-0.23708936309241446
LightGBM,Climatology,7,03106000,-0.05510271615131623
LightGBM,Climatology,7,03301900,-0.17551181393280313
LightGBM,Climatology,7,03353200,-0.03306028785533188
LightGBM,Climatology,7,03456991,-0.13869291560288755
LightGBM,Climatology,7,04027000,-0.17973466461187249
LightGBM,Climatology,7,04043238,-0.046481989723812234
LightGBM,Climatology,7,04043244,-0.032091460513378856
LightGBM,Climatology,7,04067500,-0.09259196899990729
LightGBM,Climatology,7,04077630,-0.028438632728529978
LightGBM,Climatology,7,04124200,-0.26802636293904547
LightGBM,Climatology,7,04125460,-0.01722763965616947
LightGBM,Climatology,7,04137005,-0.17651568030960618
LightGBM,Climatology,7,04176500,-0.11216539860464203
LightGBM,Climatology,7,04208000,-0.09422819518172476
LightGBM,Climatology,7,05054000,-0.474634234018114
LightGBM,Climatology,7,05057000,-0.24413841177189766
LightGBM,Climatology,7,05289800,-0.26138329181648823
LightGBM,Climatology,7,05331833,-0.09420470807793535
LightGBM,Climatology,7,05370000,-0.15864131391112712
LightGBM,Climatology,7,05382255,0.0010790527447881448
LightGBM,Climatology,7,05382257,-0.03400720231049692
LightGBM,Climatology,7,05406457,-0.049664756803029064
LightGBM,Climatology,7,05458300,-0.17576863286272149
LightGBM,Climatology,7,05517000,-0.11918547207201513
LightGBM,Climatology,7,06036805,-0.20856731314874777
LightGBM,Climatology,7,06036905,-0.19328518921701976
LightGBM,Climatology,7,06036940,-0.30243593327741447
LightGBM,Climatology,7,06041000,-0.2204430659712131
LightGBM,Climatology,7,06623800,0.004901446663445719
LightGBM,Climatology,7,06894000,-0.07208451099577129
LightGBM,Climatology,7,06934500,-0.2285499912540725
LightGBM,Climatology,7,07106000,-0.026864424783453744
LightGBM,Climatology,7,07178200,-0.31151824192630606
LightGBM,Climatology,7,07194880,-0.07919733512962202
LightGBM,Climatology,7,07332622,-0.12036990910037959
LightGBM,Climatology,7,08048000,-0.19606057924383213
LightGBM,Climatology,7,08052700,-0.03833447833243664
LightGBM,Climatology,7,08065350,-0.2376603746730308
LightGBM,Climatology,7,08070200,-0.16471165132312127
LightGBM,Climatology,7,08123850,-0.0696805794289923
LightGBM,Climatology,7,09136100,-0.5916668728221246
LightGBM,Climatology,7,09144250,-0.5115237279493041
LightGBM,Climatology,7,09149500,-0.16593049236787727
LightGBM,Climatology,7,09163500,-0.45037056167646505
LightGBM,Climatology,7,09180000,-0.4126272905983752
LightGBM,Climatology,7,09261000,-0.12490558774983263
LightGBM,Climatology,7,09302000,-0.522577483560364
LightGBM,Climatology,7,09380000,-1.48280345564697
LightGBM,Climatology,7,10129900,-0.30336276354008573
LightGBM,Climatology,7,10301500,-0.20731597103660748
LightGBM,Climatology,7,10351600,-0.3723489379703533
LightGBM,Climatology,7,11262900,-0.03207668116703433
LightGBM,Climatology,7,11467000,-0.19828753028138024
LightGBM,Climatology,7,11507500,-0.2027990194736078
LightGBM,Climatology,7,12056500,-0.22244600176923746
LightGBM,Climatology,7,12115000,-0.17519497051945687
LightGBM,Climatology,7,12117600,-0.2290921373712459
LightGBM,Climatology,7,12210700,-0.16263970862940846
LightGBM,Climatology,7,12212050,-0.16405511856449007
LightGBM,Climatology,7,12213100,-0.29136274712041454
LightGBM,Climatology,7,12363000,-0.38459765882041774
LightGBM,Climatology,7,12398600,-0.6636234705195438
LightGBM,Climatology,7,13018350,-0.14703726910167214
LightGBM,Climatology,7,13154500,-0.2328054106730908
LightGBM,Climatology,7,13317660,-0.36574441720605555
LightGBM,Climatology,7,13342500,-0.22769930885010492
LightGBM,Climatology,7,14091500,0.012136329765739085
LightGBM,Climatology,7,14150800,-0.30397344989617214
LightGBM,Climatology,7,14151000,-1.2178775807854287
LightGBM,Climatology,7,14152000,-0.5356577842963971
LightGBM,Climatology,7,14153500,-1.2696628418415923
LightGBM,Climatology,7,14154500,-0.5564296973869205
LightGBM,Climatology,7,14159500,-0.4046409115734313
LightGBM,Climatology,7,14161500,-0.2964703030871261
LightGBM,Climatology,7,14179000,-0.37008707347819825
LightGBM,Climatology,7,14185000,-0.2961885991305868
LightGBM,Climatology,7,14210000,-0.5044386726906904
LightGBM,Climatology,7,14211499,-0.1174198091752976
LightGBM,Climatology,7,14211500,-0.1427719455602201
LightGBM,Climatology,7,14320934,-0.37267561022892437
LightGBM,Climatology,7,255534081324000,0.0047692073023626325
LightGBM-ext,Persistence,1,01073319,-0.29554858576161214
LightGBM-ext,Persistence,1,01104415,-0.22848999685972848
LightGBM-ext,Persistence,1,01104455,-0.168387975160871
LightGBM-ext,Persistence,1,01104475,-0.20477629945977827
LightGBM-ext,Persistence,1,01129500,-0.24077499188192386
LightGBM-ext,Persistence,1,01400500,-0.3712540844272778
LightGBM-ext,Persistence,1,01408029,-0.36690612984324245
LightGBM-ext,Persistence,1,01425000,0.039541031626648016
LightGBM-ext,Persistence,1,01426500,-0.08380301663509493
LightGBM-ext,Persistence,1,01427207,-0.27630035210703685
LightGBM-ext,Persistence,1,01428500,-0.3014154612090152
LightGBM-ext,Persistence,1,01463500,-0.24728623115687565
LightGBM-ext,Persistence,1,01480617,-0.3148091388881724
LightGBM-ext,Persistence,1,01540500,-0.22447953788190922
LightGBM-ext,Persistence,1,01542500,-0.31709790862358445
LightGBM-ext,Persistence,1,01549700,-0.31357848566106217
LightGBM-ext,Persistence,1,02110701,-0.41284953142531644
LightGBM-ext,Persistence,1,02176930,-0.2535225268979773
LightGBM-ext,Persistence,1,02266300,-0.28203607930085006
LightGBM-ext,Persistence,1,02330450,-0.19648418232783116
LightGBM-ext,Persistence,1,02334430,0.06757580034825941
LightGBM-ext,Persistence,1,02334885,-0.3859006514172564
LightGBM-ext,Persistence,1,02336120,-0.37569585522960913
LightGBM-ext,Persistence,1,02336300,-0.3807803786177645
LightGBM-ext,Persistence,1,02336728,-0.14402114094863316
LightGBM-ext,Persistence,1,02397000,-0.22465145651775154
LightGBM-ext,Persistence,1,02455980,-0.2722504371924772
LightGBM-ext,Persistence,1,02458450,-0.26235645299308163
LightGBM-ext,Persistence,1,02474560,-0.27349802609653906
LightGBM-ext,Persistence,1,03007800,-0.3405332372435854
LightGBM-ext,Persistence,1,03034000,-0.3414697524541661
LightGBM-ext,Persistence,1,03036000,0.06995396234075857
LightGBM-ext,Persistence,1,03047000,-0.018804314660165522
LightGBM-ext,Persistence,1,03077500,0.09539138389940732
LightGBM-ext,Persistence,1,03105500,-0.3224036760483987
LightGBM-ext,Persistence,1,03106000,-0.42246766150152026
LightGBM-ext,Persistence,1,03301900,-0.3021155540542787
LightGBM-ext,Persistence,1,03353200,-0.3998862586260321
LightGBM-ext,Persistence,1,03456991,-0.23766841864344646
LightGBM-ext,Persistence,1,04027000,-0.35655052428085154
LightGBM-ext,Persistence,1,04043238,-0.17392273901341537
LightGBM-ext,Persistence,1,04043244,-0.17799302409068374
LightGBM-ext,Persistence,1,04067500,-0.1914230026051547
LightGBM-ext,Persistence,1,04077630,-0.2575459708527863
LightGBM-ext,Persistence,1,04124200,0.07976076443094365
LightGBM-ext,Persistence,1,04125460,-0.2259782754260764
LightGBM-ext,Persistence,1,04137005,-0.016438321393710764
LightGBM-ext,Persistence,1,04176500,-0.21915254477599266
LightGBM-ext,Persistence,1,04208000,-0.3562029080834843
LightGBM-ext,Persistence,1,05054000,-0.09319643311465614
LightGBM-ext,Persistence,1,05057000,-0.2856570028323694
LightGBM-ext,Persistence,1,05289800,-0.1325866514579609
LightGBM-ext,Persistence,1,05331833,-0.15976760919716437
LightGBM-ext,Persistence,1,05370000,-0.019971694041922006
LightGBM-ext,Persistence,1,05382255,-0.08652273762427698
LightGBM-ext,Persistence,1,05382257,-0.1432137540922207
LightGBM-ext,Persistence,1,05406457,-0.024798503630152124
LightGBM-ext,Persistence,1,05458300,-0.33684494087704964
LightGBM-ext,Persistence,1,05517000,-0.33290654814180176
LightGBM-ext,Persistence,1,06036805,-0.1115095718050948
LightGBM-ext,Persistence,1,06036905,-0.1510090657615084
LightGBM-ext,Persistence,1,06036940,-0.09165212818780066
LightGBM-ext,Persistence,1,06041000,-0.11937441227668766
LightGBM-ext,Persistence,1,06623800,-0.028014824832488072
LightGBM-ext,Persistence,1,06894000,-0.355723510901233
LightGBM-ext,Persistence,1,06934500,-0.15957220987898757
LightGBM-ext,Persistence,1,07106000,-0.0954655456730189
LightGBM-ext,Persistence,1,07178200,-0.24540759398768153
LightGBM-ext,Persistence,1,07194880,-0.07499240141693653
LightGBM-ext,Persistence,1,07332622,-0.33346292644664577
LightGBM-ext,Persistence,1,08048000,-0.1275987246603386
LightGBM-ext,Persistence,1,08052700,-0.40628662739253407
LightGBM-ext,Persistence,1,08065350,-0.17430006162272127
LightGBM-ext,Persistence,1,08070200,-0.23319268883180388
LightGBM-ext,Persistence,1,08123850,-0.3809598880186249
LightGBM-ext,Persistence,1,09136100,-0.10827509987873885
LightGBM-ext,Persistence,1,09144250,-0.13291608139935007
LightGBM-ext,Persistence,1,09149500,-0.1488446517551204
LightGBM-ext,Persistence,1,09163500,-0.1663405107521092
LightGBM-ext,Persistence,1,09180000,-0.12801797348718802
LightGBM-ext,Persistence,1,09261000,-0.14936679387386653
LightGBM-ext,Persistence,1,09302000,-0.12504760138338256
LightGBM-ext,Persistence,1,09380000,0.010216660658839083
LightGBM-ext,Persistence,1,10129900,-0.07503034500882244
LightGBM-ext,Persistence,1,10301500,-0.1666259350808773
LightGBM-ext,Persistence,1,10351600,-0.2393701855694581
LightGBM-ext,Persistence,1,11262900,-0.1996634147088744
LightGBM-ext,Persistence,1,11467000,-0.12613175815980288
LightGBM-ext,Persistence,1,11507500,-0.23327380493537614
LightGBM-ext,Persistence,1,12056500,-0.056964873513612624
LightGBM-ext,Persistence,1,12115000,-0.009640840641685355
LightGBM-ext,Persistence,1,12117600,-0.03610039260742126
LightGBM-ext,Persistence,1,12210700,-0.09106675469455805
LightGBM-ext,Persistence,1,12212050,-0.09969976904402439
LightGBM-ext,Persistence,1,12213100,-0.16155473602070358
LightGBM-ext,Persistence,1,12363000,-0.07798253614468137
LightGBM-ext,Persistence,1,12398600,-0.004119671921163748
LightGBM-ext,Persistence,1,13018350,-0.13342320515331252
LightGBM-ext,Persistence,1,13154500,-0.03884044060514252
LightGBM-ext,Persistence,1,13317660,-0.08064545503337478
LightGBM-ext,Persistence,1,13342500,-0.08590391839394013
LightGBM-ext,Persistence,1,14091500,-0.05135109650038694
LightGBM-ext,Persistence,1,14150800,-0.17049649057331295
LightGBM-ext,Persistence,1,14151000,-0.02782793338310685
LightGBM-ext,Persistence,1,14152000,-0.01919532457818357
LightGBM-ext,Persistence,1,14153500,0.02106158867873159
LightGBM-ext,Persistence,1,14154500,-0.19657334842088425
LightGBM-ext,Persistence,1,14159500,0.025623856958278346
LightGBM-ext,Persistence,1,14161500,-0.06653724205757855
LightGBM-ext,Persistence,1,14179000,-0.07816662260255619
LightGBM-ext,Persistence,1,14185000,-0.1408925711718142
LightGBM-ext,Persistence,1,14210000,-0.034975520187807585
LightGBM-ext,Persistence,1,14211499,-0.1818665969637866
LightGBM-ext,Persistence,1,14211500,-0.22938992248600776
LightGBM-ext,Persistence,1,14320934,-0.12715926244507542
LightGBM-ext,Persistence,1,255534081324000,-0.2657695574984106
LightGBM-ext,Persistence,3,01073319,-0.3786325818117291
LightGBM-ext,Persistence,3,01104415,-0.3680507046608421
LightGBM-ext,Persistence,3,01104455,-0.20090595806935596
LightGBM-ext,Persistence,3,01104475,-0.31567715337732927
LightGBM-ext,Persistence,3,01129500,-0.33287410651294413
LightGBM-ext,Persistence,3,01400500,-0.3434876367985191
LightGBM-ext,Persistence,3,01408029,-0.4064208079084195
LightGBM-ext,Persistence,3,01425000,0.1340243035780656
LightGBM-ext,Persistence,3,01426500,-0.14968788916778197
LightGBM-ext,Persistence,3,01427207,-0.34507905371832726
LightGBM-ext,Persistence,3,01428500,-0.3746768313753859
LightGBM-ext,Persistence,3,01463500,-0.30322908434536533
LightGBM-ext,Persistence,3,01480617,-0.38576621524336296
LightGBM-ext,Persistence,3,01540500,-0.3142197780459042
LightGBM-ext,Persistence,3,01542500,-0.426993774856921
LightGBM-ext,Persistence,3,01549700,-0.409589054395896
LightGBM-ext,Persistence,3,02110701,-0.45521504381975797
LightGBM-ext,Persistence,3,02176930,-0.34877781537404173
LightGBM-ext,Persistence,3,02266300,-0.30287769959011324
LightGBM-ext,Persistence,3,02330450,-0.3202786768027892
LightGBM-ext,Persistence,3,02334430,0.20485220123583536
LightGBM-ext,Persistence,3,02334885,-0.3705774523767775
LightGBM-ext,Persistence,3,02336120,-0.3931598683588984
LightGBM-ext,Persistence,3,02336300,-0.4142077974805143
LightGBM-ext,Persistence,3,02336728,-0.1625348001786211
LightGBM-ext,Persistence,3,02397000,-0.30563780371488347
LightGBM-ext,Persistence,3,02455980,-0.32937515717198584
LightGBM-ext,Persistence,3,02458450,-0.33599248889280164
LightGBM-ext,Persistence,3,02474560,-0.33655297845014975
LightGBM-ext,Persistence,3,03007800,-0.38285752661872485
LightGBM-ext,Persistence,3,03034000,-0.4300473681892516
LightGBM-ext,Persistence,3,03036000,-0.07556547278903714
LightGBM-ext,Persistence,3,03047000,-0.23176989165386752
LightGBM-ext,Persistence,3,03077500,0.16438162339298223
LightGBM-ext,Persistence,3,03105500,-0.42233434784363344
LightGBM-ext,Persistence,3,03106000,-0.5155130338634102
LightGBM-ext,Persistence,3,03301900,-0.38814854260658316
LightGBM-ext,Persistence,3,03353200,-0.47950764297140913
LightGBM-ext,Persistence,3,03456991,-0.29211447625025255
LightGBM-ext,Persistence,3,04027000,-0.40415987721206603
LightGBM-ext,Persistence,3,04043238,-0.2665717423440963
LightGBM-ext,Persistence,3,04043244,-0.25100164618359644
LightGBM-ext,Persistence,3,04067500,-0.2189295562083864
LightGBM-ext,Persistence,3,04077630,-0.3351460813137015
LightGBM-ext,Persistence,3,04124200,0.057461925997875585
LightGBM-ext,Persistence,3,04125460,-0.2610227161793526
LightGBM-ext,Persistence,3,04137005,-0.09046829575487669
LightGBM-ext,Persistence,3,04176500,-0.2999048849439896
LightGBM-ext,Persistence,3,04208000,-0.4221573406916743
LightGBM-ext,Persistence,3,05054000,-0.09003699315683522
LightGBM-ext,Persistence,3,05057000,-0.26575435669673664
LightGBM-ext,Persistence,3,05289800,-0.13818084607741477
LightGBM-ext,Persistence,3,05331833,-0.2782570634882646
LightGBM-ext,Persistence,3,05370000,-0.08135382200343166
LightGBM-ext,Persistence,3,05382255,-0.20922598632534495
LightGBM-ext,Persistence,3,05382257,-0.3655051777566334
LightGBM-ext,Persistence,3,05406457,-0.1658772722339874
LightGBM-ext,Persistence,3,05458300,-0.4094952042420352
LightGBM-ext,Persistence,3,05517000,-0.4279767536581571
LightGBM-ext,Persistence,3,06036805,-0.2863745151992454
LightGBM-ext,Persistence,3,06036905,-0.3424154018888266
LightGBM-ext,Persistence,3,06036940,-0.28390142507728666
LightGBM-ext,Persistence,3,06041000,-0.21664320802671289
LightGBM-ext,Persistence,3,06623800,-0.09511168986110774
LightGBM-ext,Persistence,3,06894000,-0.37509605870818996
LightGBM-ext,Persistence,3,06934500,-0.2530126962592112
LightGBM-ext,Persistence,3,07106000,-0.3265240363253328
LightGBM-ext,Persistence,3,07178200,-0.2150378323225446
LightGBM-ext,Persistence,3,07194880,-0.17349563093628673
LightGBM-ext,Persistence,3,07332622,-0.4075383304745053
LightGBM-ext,Persistence,3,08048000,-0.031315301553406005
LightGBM-ext,Persistence,3,08052700,-0.46456571717305994
LightGBM-ext,Persistence,3,08065350,-0.17541207988081053
LightGBM-ext,Persistence,3,08070200,-0.28747815657722975
LightGBM-ext,Persistence,3,08123850,-0.3971160857295528
LightGBM-ext,Persistence,3,09136100,-0.22772313914881614
LightGBM-ext,Persistence,3,09144250,-0.22676177157473387
LightGBM-ext,Persistence,3,09149500,-0.2649356172601567
LightGBM-ext,Persistence,3,09163500,-0.2816906214013566
LightGBM-ext,Persistence,3,09180000,-0.2711681498171856
LightGBM-ext,Persistence,3,09261000,-0.30760961601456116
LightGBM-ext,Persistence,3,09302000,-0.24271673623157386
LightGBM-ext,Persistence,3,09380000,0.05608436926672011
LightGBM-ext,Persistence,3,10129900,-0.19283745799528562
LightGBM-ext,Persistence,3,10301500,-0.29990181052576714
LightGBM-ext,Persistence,3,10351600,-0.35139941579082556
LightGBM-ext,Persistence,3,11262900,-0.2505913600954852
LightGBM-ext,Persistence,3,11467000,-0.10315143577478625
LightGBM-ext,Persistence,3,11507500,-0.23905108148061371
LightGBM-ext,Persistence,3,12056500,-0.08329675636139122
LightGBM-ext,Persistence,3,12115000,0.007985009879111549
LightGBM-ext,Persistence,3,12117600,-0.05463547415771142
LightGBM-ext,Persistence,3,12210700,-0.15909790004517577
LightGBM-ext,Persistence,3,12212050,-0.13549638941031095
LightGBM-ext,Persistence,3,12213100,-0.21810585840416308
LightGBM-ext,Persistence,3,12363000,-0.09750688463799861
LightGBM-ext,Persistence,3,12398600,-0.10667937902757219
LightGBM-ext,Persistence,3,13018350,-0.27771962156450414
LightGBM-ext,Persistence,3,13154500,-0.12674500907717146
LightGBM-ext,Persistence,3,13317660,-0.15062025980279248
LightGBM-ext,Persistence,3,13342500,-0.0997959220939314
LightGBM-ext,Persistence,3,14091500,-0.043212181283014406
LightGBM-ext,Persistence,3,14150800,-0.2072232195160082
LightGBM-ext,Persistence,3,14151000,-0.056477726551584784
LightGBM-ext,Persistence,3,14152000,-0.01788550443696335
LightGBM-ext,Persistence,3,14153500,0.025945215277006772
LightGBM-ext,Persistence,3,14154500,-0.23336633254405714
LightGBM-ext,Persistence,3,14159500,0.008569098892398652
LightGBM-ext,Persistence,3,14161500,-0.10595216009484099
LightGBM-ext,Persistence,3,14179000,-0.12307557165358929
LightGBM-ext,Persistence,3,14185000,-0.16878513282895158
LightGBM-ext,Persistence,3,14210000,-0.14291696193862535
LightGBM-ext,Persistence,3,14211499,-0.22140566383703453
LightGBM-ext,Persistence,3,14211500,-0.2506144501397163
LightGBM-ext,Persistence,3,14320934,-0.10575249046460877
LightGBM-ext,Persistence,3,255534081324000,-0.3688284278261422
LightGBM-ext,Persistence,7,01073319,-0.6901782102836829
LightGBM-ext,Persistence,7,01104415,-0.5211603065265462
LightGBM-ext,Persistence,7,01104455,-0.2768125845695706
LightGBM-ext,Persistence,7,01104475,-0.4870197762943065
LightGBM-ext,Persistence,7,01129500,-0.603165873268094
LightGBM-ext,Persistence,7,01400500,-0.6460916703999002
LightGBM-ext,Persistence,7,01408029,-0.5762578877751929
LightGBM-ext,Persistence,7,01425000,0.2438679499803167
LightGBM-ext,Persistence,7,01426500,-0.21684072354715322
LightGBM-ext,Persistence,7,01427207,-0.5366277297465001
LightGBM-ext,Persistence,7,01428500,-0.5898817088271455
LightGBM-ext,Persistence,7,01463500,-0.47682381925255335
LightGBM-ext,Persistence,7,01480617,-0.5467561124665976
LightGBM-ext,Persistence,7,01540500,-0.5434859069888527
LightGBM-ext,Persistence,7,01542500,-0.6717885440480815
LightGBM-ext,Persistence,7,01549700,-0.6407505185092828
LightGBM-ext,Persistence,7,02110701,-0.6003683926635608
LightGBM-ext,Persistence,7,02176930,-0.4138479424642645
LightGBM-ext,Persistence,7,02266300,-0.3782783440834556
LightGBM-ext,Persistence,7,02330450,-0.4061199698098654
LightGBM-ext,Persistence,7,02334430,0.2750616337712986
LightGBM-ext,Persistence,7,02334885,-0.47959677195047457
LightGBM-ext,Persistence,7,02336120,-0.5068096708681642
LightGBM-ext,Persistence,7,02336300,-0.546379133344459
LightGBM-ext,Persistence,7,02336728,-0.24156003040341179
LightGBM-ext,Persistence,7,02397000,-0.43476778492193446
LightGBM-ext,Persistence,7,02455980,-0.41300977407716166
LightGBM-ext,Persistence,7,02458450,-0.45896397935250044
LightGBM-ext,Persistence,7,02474560,-0.5362742527937971
LightGBM-ext,Persistence,7,03007800,-0.5862881875824817
LightGBM-ext,Persistence,7,03034000,-0.6350460586548619
LightGBM-ext,Persistence,7,03036000,-0.34504035788952336
LightGBM-ext,Persistence,7,03047000,-0.4874640151766332
LightGBM-ext,Persistence,7,03077500,0.13597549066417014
LightGBM-ext,Persistence,7,03105500,-0.6207807454909555
LightGBM-ext,Persistence,7,03106000,-0.7168888014765988
LightGBM-ext,Persistence,7,03301900,-0.5102676359645946
LightGBM-ext,Persistence,7,03353200,-0.7057386984166336
LightGBM-ext,Persistence,7,03456991,-0.4187742213879475
LightGBM-ext,Persistence,7,04027000,-0.7865455604878826
LightGBM-ext,Persistence,7,04043238,-0.5390898197857514
LightGBM-ext,Persistence,7,04043244,-0.48120647374267667
LightGBM-ext,Persistence,7,04067500,-0.5746342007666954
LightGBM-ext,Persistence,7,04077630,-0.6850733034029184
LightGBM-ext,Persistence,7,04124200,-0.18616601281807266
LightGBM-ext,Persistence,7,04125460,-0.4724945575010435
LightGBM-ext,Persistence,7,04137005,-0.3418142958645731
LightGBM-ext,Persistence,7,04176500,-0.6183380252937689
LightGBM-ext,Persistence,7,04208000,-0.6632966958578672
LightGBM-ext,Persistence,7,05054000,-0.3760804495127672
LightGBM-ext,Persistence,7,05057000,-0.5741969814908967
LightGBM-ext,Persistence,7,05289800,-0.4742604716832721
LightGBM-ext,Persistence,7,05331833,-0.6056592597246246
LightGBM-ext,Persistence,7,05370000,-0.44177490409416875
LightGBM-ext,Persistence,7,05382255,-0.4737953537408086
LightGBM-ext,Persistence,7,05382257,-0.5214877553495367
LightGBM-ext,Persistence,7,05406457,-0.30001703730516116
LightGBM-ext,Persistence,7,05458300,-0.8376138041774617
LightGBM-ext,Persistence,7,05517000,-0.690919173715169
LightGBM-ext,Persistence,7,06036805,-0.4726778817896915
LightGBM-ext,Persistence,7,06036905,-0.5796414502938338
LightGBM-ext,Persistence,7,06036940,-0.5226062110629575
LightGBM-ext,Persistence,7,06041000,-0.4352191794336584
LightGBM-ext,Persistence,7,06623800,-0.24802403553724917
LightGBM-ext,Persistence,7,06894000,-0.6374462101173606
LightGBM-ext,Persistence,7,06934500,-0.6111876031144852
LightGBM-ext,Persistence,7,07106000,-0.6419779583087766
LightGBM-ext,Persistence,7,07178200,-0.4172974110301393
LightGBM-ext,Persistence,7,07194880,-0.31421961375091234
LightGBM-ext,Persistence,7,07332622,-0.7138069288890834
LightGBM-ext,Persistence,7,08048000,-0.16624544383298767
LightGBM-ext,Persistence,7,08052700,-0.8215284513311993
LightGBM-ext,Persistence,7,08065350,-0.4733085674908417
LightGBM-ext,Persistence,7,08070200,-0.5430769419868282
LightGBM-ext,Persistence,7,08123850,-0.7403628803721305
LightGBM-ext,Persistence,7,09136100,-0.3928086087971385
LightGBM-ext,Persistence,7,09144250,-0.3747108034787858
LightGBM-ext,Persistence,7,09149500,-0.42635428259892794
LightGBM-ext,Persistence,7,09163500,-0.5325735815204851
LightGBM-ext,Persistence,7,09180000,-0.5280669594739369
LightGBM-ext,Persistence,7,09261000,-0.5709652384020345
LightGBM-ext,Persistence,7,09302000,-0.6067087054227063
LightGBM-ext,Persistence,7,09380000,0.026272171867969485
LightGBM-ext,Persistence,7,10129900,-0.3092521450098069
LightGBM-ext,Persistence,7,10301500,-0.5936470658983068
LightGBM-ext,Persistence,7,10351600,-0.5330958676842761
LightGBM-ext,Persistence,7,11262900,-0.39841438914134075
LightGBM-ext,Persistence,7,11467000,-0.17070648001451594
LightGBM-ext,Persistence,7,11507500,-0.5003128688685954
LightGBM-ext,Persistence,7,12056500,-0.18788846182817498
LightGBM-ext,Persistence,7,12115000,-0.0477531169664257
LightGBM-ext,Persistence,7,12117600,-0.14905961548367153
LightGBM-ext,Persistence,7,12210700,-0.326703783176469
LightGBM-ext,Persistence,7,12212050,-0.25454491299486537
LightGBM-ext,Persistence,7,12213100,-0.34518347547588
LightGBM-ext,Persistence,7,12363000,-0.28375833741699563
LightGBM-ext,Persistence,7,12398600,-0.3675044806923604
LightGBM-ext,Persistence,7,13018350,-0.46021841931843754
LightGBM-ext,Persistence,7,13154500,-0.1366853738474595
LightGBM-ext,Persistence,7,13317660,-0.4058863271110088
LightGBM-ext,Persistence,7,13342500,-0.15470791797984274
LightGBM-ext,Persistence,7,14091500,-0.08276028975254546
LightGBM-ext,Persistence,7,14150800,-0.4212945984201768
LightGBM-ext,Persistence,7,14151000,-0.22130750204822758
LightGBM-ext,Persistence,7,14152000,-0.10447753991236963
LightGBM-ext,Persistence,7,14153500,-0.021544085178967
LightGBM-ext,Persistence,7,14154500,-0.43531889813193625
LightGBM-ext,Persistence,7,14159500,-0.08721082683655623
LightGBM-ext,Persistence,7,14161500,-0.24452663120655505
LightGBM-ext,Persistence,7,14179000,-0.24172040767565361
LightGBM-ext,Persistence,7,14185000,-0.33087670992290974
LightGBM-ext,Persistence,7,14210000,-0.2906566901784833
LightGBM-ext,Persistence,7,14211499,-0.46351237293294445
LightGBM-ext,Persistence,7,14211500,-0.5058791792653123
LightGBM-ext,Persistence,7,14320934,-0.25355521542722315
LightGBM-ext,Persistence,7,255534081324000,-0.5721220447190833
LightGBM-ext,DampedPersistence,1,01073319,-0.2588728451202723
LightGBM-ext,DampedPersistence,1,01104415,-0.1595474219652122
LightGBM-ext,DampedPersistence,1,01104455,-0.13662572881399493
LightGBM-ext,DampedPersistence,1,01104475,-0.17267719702451778
LightGBM-ext,DampedPersistence,1,01129500,-0.2051878934358261
LightGBM-ext,DampedPersistence,1,01400500,-0.3333655769788917
LightGBM-ext,DampedPersistence,1,01408029,-0.3170212734918293
LightGBM-ext,DampedPersistence,1,01425000,0.049787282087770335
LightGBM-ext,DampedPersistence,1,01426500,-0.05262666137609573
LightGBM-ext,DampedPersistence,1,01427207,-0.24016704705856196
LightGBM-ext,DampedPersistence,1,01428500,-0.27284385309451176
LightGBM-ext,DampedPersistence,1,01463500,-0.22399814845949007
LightGBM-ext,DampedPersistence,1,01480617,-0.26955993641135634
LightGBM-ext,DampedPersistence,1,01540500,-0.20197870600457468
LightGBM-ext,DampedPersistence,1,01542500,-0.2839600037539468
LightGBM-ext,DampedPersistence,1,01549700,-0.28185569736880256
LightGBM-ext,DampedPersistence,1,02110701,-0.37753623895877264
LightGBM-ext,DampedPersistence,1,02176930,-0.2170193393637576
LightGBM-ext,DampedPersistence,1,02266300,-0.26635907033322936
LightGBM-ext,DampedPersistence,1,02330450,-0.15683871860540333
LightGBM-ext,DampedPersistence,1,02334430,0.055920304527459636
LightGBM-ext,DampedPersistence,1,02334885,-0.35575612665525147
LightGBM-ext,DampedPersistence,1,02336120,-0.335507461738905
LightGBM-ext,DampedPersistence,1,02336300,-0.33903491050478085
LightGBM-ext,DampedPersistence,1,02336728,-0.21954121375911495
LightGBM-ext,DampedPersistence,1,02397000,-0.20454240614021224
LightGBM-ext,DampedPersistence,1,02455980,-0.2284716415828274
LightGBM-ext,DampedPersistence,1,02458450,-0.2235211064102608
LightGBM-ext,DampedPersistence,1,02474560,-0.2606790144837229
LightGBM-ext,DampedPersistence,1,03007800,-0.3041359771965064
LightGBM-ext,DampedPersistence,1,03034000,-0.30207649914657053
LightGBM-ext,DampedPersistence,1,03036000,0.09245241683473637
LightGBM-ext,DampedPersistence,1,03047000,0.003288297545131047
LightGBM-ext,DampedPersistence,1,03077500,0.11945882299001465
LightGBM-ext,DampedPersistence,1,03105500,-0.2905294157990994
LightGBM-ext,DampedPersistence,1,03106000,-0.3825216519215301
LightGBM-ext,DampedPersistence,1,03301900,-0.25566947450468513
LightGBM-ext,DampedPersistence,1,03353200,-0.352208318788791
LightGBM-ext,DampedPersistence,1,03456991,-0.20075824185977298
LightGBM-ext,DampedPersistence,1,04027000,-0.31519959331398895
LightGBM-ext,DampedPersistence,1,04043238,-0.13321835445182706
LightGBM-ext,DampedPersistence,1,04043244,-0.1345389814729253
LightGBM-ext,DampedPersistence,1,04067500,-0.15901716207266653
LightGBM-ext,DampedPersistence,1,04077630,-0.22026137173962057
LightGBM-ext,DampedPersistence,1,04124200,0.11764285974881314
LightGBM-ext,DampedPersistence,1,04125460,-0.19954417588790474
LightGBM-ext,DampedPersistence,1,04137005,0.011417911733244357
LightGBM-ext,DampedPersistence,1,04176500,-0.19360712688196957
LightGBM-ext,DampedPersistence,1,04208000,-0.32095360481760793
LightGBM-ext,DampedPersistence,1,05054000,-0.05005713763001668
LightGBM-ext,DampedPersistence,1,05057000,-0.25093414761825583
LightGBM-ext,DampedPersistence,1,05289800,-0.09406144784848036
LightGBM-ext,DampedPersistence,1,05331833,-0.11913659633260643
LightGBM-ext,DampedPersistence,1,05370000,0.008287865755599477
LightGBM-ext,DampedPersistence,1,05382255,-0.057158593228014754
LightGBM-ext,DampedPersistence,1,05382257,-0.03931771037573428
LightGBM-ext,DampedPersistence,1,05406457,0.011797798758921063
LightGBM-ext,DampedPersistence,1,05458300,-0.307804010679089
LightGBM-ext,DampedPersistence,1,05517000,-0.30574493648746026
LightGBM-ext,DampedPersistence,1,06036805,-0.06995543943237181
LightGBM-ext,DampedPersistence,1,06036905,-0.10899905939871957
LightGBM-ext,DampedPersistence,1,06036940,-0.08902661024106928
LightGBM-ext,DampedPersistence,1,06041000,-0.09552910320356489
LightGBM-ext,DampedPersistence,1,06623800,0.011896441425160442
LightGBM-ext,DampedPersistence,1,06894000,-0.322694368240226
LightGBM-ext,DampedPersistence,1,06934500,-0.12334026457203712
LightGBM-ext,DampedPersistence,1,07106000,-0.01439006777592966
LightGBM-ext,DampedPersistence,1,07178200,-0.22400692655308851
LightGBM-ext,DampedPersistence,1,07194880,-0.030392058808931033
LightGBM-ext,DampedPersistence,1,07332622,-0.2906462412711335
LightGBM-ext,DampedPersistence,1,08048000,-0.10779936029218662
LightGBM-ext,DampedPersistence,1,08052700,-0.337511960067578
LightGBM-ext,DampedPersistence,1,08065350,-0.15718274137112254
LightGBM-ext,DampedPersistence,1,08070200,-0.2178146956378193
LightGBM-ext,DampedPersistence,1,08123850,-0.34065902590674235
LightGBM-ext,DampedPersistence,1,09136100,-0.08148367044524729
LightGBM-ext,DampedPersistence,1,09144250,-0.11172281504161685
LightGBM-ext,DampedPersistence,1,09149500,-0.10940937108478721
LightGBM-ext,DampedPersistence,1,09163500,-0.14196230606482485
LightGBM-ext,DampedPersistence,1,09180000,-0.10170921830122526
LightGBM-ext,DampedPersistence,1,09261000,-0.12408409999621117
LightGBM-ext,DampedPersistence,1,09302000,-0.09918100421893361
LightGBM-ext,DampedPersistence,1,09380000,-0.0005706718066729177
LightGBM-ext,DampedPersistence,1,10129900,-0.05111402769392759
LightGBM-ext,DampedPersistence,1,10301500,-0.1347286386416543
LightGBM-ext,DampedPersistence,1,10351600,-0.2228666502872495
LightGBM-ext,DampedPersistence,1,11262900,-0.163405125944864
LightGBM-ext,DampedPersistence,1,11467000,-0.11615519078248593
LightGBM-ext,DampedPersistence,1,11507500,-0.21066865819385922
LightGBM-ext,DampedPersistence,1,12056500,-0.045395526273825704
LightGBM-ext,DampedPersistence,1,12115000,-0.0008473087670086699
LightGBM-ext,DampedPersistence,1,12117600,-0.026540335293376738
LightGBM-ext,DampedPersistence,1,12210700,-0.06930589413020127
LightGBM-ext,DampedPersistence,1,12212050,-0.08682784509717306
LightGBM-ext,DampedPersistence,1,12213100,-0.13807944452080445
LightGBM-ext,DampedPersistence,1,12363000,-0.06238766836209608
LightGBM-ext,DampedPersistence,1,12398600,0.030550285874241356
LightGBM-ext,DampedPersistence,1,13018350,-0.09534094533012827
LightGBM-ext,DampedPersistence,1,13154500,-0.029435523245713024
LightGBM-ext,DampedPersistence,1,13317660,-0.052915311280227084
LightGBM-ext,DampedPersistence,1,13342500,-0.07334356060269553
LightGBM-ext,DampedPersistence,1,14091500,-0.024319140457939592
LightGBM-ext,DampedPersistence,1,14150800,-0.15190878525417473
LightGBM-ext,DampedPersistence,1,14151000,-0.022118717601130156
LightGBM-ext,DampedPersistence,1,14152000,-0.010272037048787763
LightGBM-ext,DampedPersistence,1,14153500,0.03410744935589144
LightGBM-ext,DampedPersistence,1,14154500,-0.18273597594383773
LightGBM-ext,DampedPersistence,1,14159500,0.03473572665548752
LightGBM-ext,DampedPersistence,1,14161500,-0.053000425397166484
LightGBM-ext,DampedPersistence,1,14179000,-0.06596088833125441
LightGBM-ext,DampedPersistence,1,14185000,-0.12378633009001005
LightGBM-ext,DampedPersistence,1,14210000,-0.020756186599112658
LightGBM-ext,DampedPersistence,1,14211499,-0.15820018733492536
LightGBM-ext,DampedPersistence,1,14211500,-0.20522992410051155
LightGBM-ext,DampedPersistence,1,14320934,-0.11976603454365148
LightGBM-ext,DampedPersistence,1,255534081324000,-0.22925056943549293
LightGBM-ext,DampedPersistence,3,01073319,-0.13375828254987865
LightGBM-ext,DampedPersistence,3,01104415,-0.05286804893666397
LightGBM-ext,DampedPersistence,3,01104455,-0.06254394323812473
LightGBM-ext,DampedPersistence,3,01104475,-0.11191240850340223
LightGBM-ext,DampedPersistence,3,01129500,-0.09726630402401004
LightGBM-ext,DampedPersistence,3,01400500,-0.0958949254463135
LightGBM-ext,DampedPersistence,3,01408029,-0.08482090581718094
LightGBM-ext,DampedPersistence,3,01425000,0.1884856827692436
LightGBM-ext,DampedPersistence,3,01426500,-0.011222462832857216
LightGBM-ext,DampedPersistence,3,01427207,-0.1219343798150756
LightGBM-ext,DampedPersistence,3,01428500,-0.1849455239311224
LightGBM-ext,DampedPersistence,3,01463500,-0.15582985724459886
LightGBM-ext,DampedPersistence,3,01480617,-0.09822091043771608
LightGBM-ext,DampedPersistence,3,01540500,-0.15398277852763909
LightGBM-ext,DampedPersistence,3,01542500,-0.18701237896922795
LightGBM-ext,DampedPersistence,3,01549700,-0.17916817550320552
LightGBM-ext,DampedPersistence,3,02110701,-0.17465475555503995
LightGBM-ext,DampedPersistence,3,02176930,-0.1051028781089356
LightGBM-ext,DampedPersistence,3,02266300,-0.11315577146731548
LightGBM-ext,DampedPersistence,3,02330450,-0.06012214692387885
LightGBM-ext,DampedPersistence,3,02334430,0.13165777798407552
LightGBM-ext,DampedPersistence,3,02334885,-0.14188916236045723
LightGBM-ext,DampedPersistence,3,02336120,-0.11375569679034925
LightGBM-ext,DampedPersistence,3,02336300,-0.12553590992904873
LightGBM-ext,DampedPersistence,3,02336728,-0.3912277816169163
LightGBM-ext,DampedPersistence,3,02397000,-0.1739222487856935
LightGBM-ext,DampedPersistence,3,02455980,-0.07058735718447506
LightGBM-ext,DampedPersistence,3,02458450,-0.1029332407828012
LightGBM-ext,DampedPersistence,3,02474560,-0.19762984670892658
LightGBM-ext,DampedPersistence,3,03007800,-0.13319754231595327
LightGBM-ext,DampedPersistence,3,03034000,-0.1626449147248894
LightGBM-ext,DampedPersistence,3,03036000,0.045089346778282025
LightGBM-ext,DampedPersistence,3,03047000,-0.10067620284291823
LightGBM-ext,DampedPersistence,3,03077500,0.2738557136379334
LightGBM-ext,DampedPersistence,3,03105500,-0.21251130865584544
LightGBM-ext,DampedPersistence,3,03106000,-0.2282528459334583
LightGBM-ext,DampedPersistence,3,03301900,-0.09698593580921777
LightGBM-ext,DampedPersistence,3,03353200,-0.17756206096948746
LightGBM-ext,DampedPersistence,3,03456991,-0.06917603922357052
LightGBM-ext,DampedPersistence,3,04027000,-0.15399439331451448
LightGBM-ext,DampedPersistence,3,04043238,-0.017411980798741844
LightGBM-ext,DampedPersistence,3,04043244,-0.010911142816127928
LightGBM-ext,DampedPersistence,3,04067500,-0.052331014103332185
LightGBM-ext,DampedPersistence,3,04077630,-0.09624049522801892
LightGBM-ext,DampedPersistence,3,04124200,0.20207376655691262
LightGBM-ext,DampedPersistence,3,04125460,-0.06412684816644121
LightGBM-ext,DampedPersistence,3,04137005,0.03447518205091682
LightGBM-ext,DampedPersistence,3,04176500,-0.1494503885988252
LightGBM-ext,DampedPersistence,3,04208000,-0.17450716307331393
LightGBM-ext,DampedPersistence,3,05054000,0.08700399179095852
LightGBM-ext,DampedPersistence,3,05057000,-0.06576007405579443
LightGBM-ext,DampedPersistence,3,05289800,0.05516074423983697
LightGBM-ext,DampedPersistence,3,05331833,-0.0387945150528195
LightGBM-ext,DampedPersistence,3,05370000,0.06383119822574501
LightGBM-ext,DampedPersistence,3,05382255,-0.02653881403116687
LightGBM-ext,DampedPersistence,3,05382257,0.03409861812996162
LightGBM-ext,DampedPersistence,3,05406457,0.0042910215073233005
LightGBM-ext,DampedPersistence,3,05458300,-0.20860518714196585
LightGBM-ext,DampedPersistence,3,05517000,-0.18611275187660636
LightGBM-ext,DampedPersistence,3,06036805,-0.0720274297813861
LightGBM-ext,DampedPersistence,3,06036905,-0.06674552533134692
LightGBM-ext,DampedPersistence,3,06036940,-0.20110143525022406
LightGBM-ext,DampedPersistence,3,06041000,-0.08437781311778081
LightGBM-ext,DampedPersistence,3,06623800,0.08438695674027508
LightGBM-ext,DampedPersistence,3,06894000,-0.15668004309910533
LightGBM-ext,DampedPersistence,3,06934500,-0.10358417777138973
LightGBM-ext,DampedPersistence,3,07106000,0.0875231524186344
LightGBM-ext,DampedPersistence,3,07178200,-0.0681961017640933
LightGBM-ext,DampedPersistence,3,07194880,0.026275150779686784
LightGBM-ext,DampedPersistence,3,07332622,-0.09978670018444502
LightGBM-ext,DampedPersistence,3,08048000,0.10994532445067762
LightGBM-ext,DampedPersistence,3,08052700,-0.029491283724422335
LightGBM-ext,DampedPersistence,3,08065350,-0.05498954320523053
LightGBM-ext,DampedPersistence,3,08070200,-0.11677111732722456
LightGBM-ext,DampedPersistence,3,08123850,-0.02627584706811792
LightGBM-ext,DampedPersistence,3,09136100,-0.0897191519824383
LightGBM-ext,DampedPersistence,3,09144250,-0.1036934602270616
LightGBM-ext,DampedPersistence,3,09149500,-0.060589745955165863
LightGBM-ext,DampedPersistence,3,09163500,-0.1481721956631814
LightGBM-ext,DampedPersistence,3,09180000,-0.1023850273390714
LightGBM-ext,DampedPersistence,3,09261000,-0.15147257733622665
LightGBM-ext,DampedPersistence,3,09302000,-0.08597097809674037
LightGBM-ext,DampedPersistence,3,09380000,0.0074236093269086645
LightGBM-ext,DampedPersistence,3,10129900,-0.060840916267387746
LightGBM-ext,DampedPersistence,3,10301500,-0.06295609240662237
LightGBM-ext,DampedPersistence,3,10351600,-0.19725653092096884
LightGBM-ext,DampedPersistence,3,11262900,-0.022585533367353694
LightGBM-ext,DampedPersistence,3,11467000,-0.010797165151712473
LightGBM-ext,DampedPersistence,3,11507500,-0.09896863822893098
LightGBM-ext,DampedPersistence,3,12056500,-0.023272851885684176
LightGBM-ext,DampedPersistence,3,12115000,0.05393929415880028
LightGBM-ext,DampedPersistence,3,12117600,0.0013863002153206017
LightGBM-ext,DampedPersistence,3,12210700,-0.03373346284199674
LightGBM-ext,DampedPersistence,3,12212050,-0.03552812433939212
LightGBM-ext,DampedPersistence,3,12213100,-0.07767005337527588
LightGBM-ext,DampedPersistence,3,12363000,-0.009057681369066484
LightGBM-ext,DampedPersistence,3,12398600,0.024375989845033752
LightGBM-ext,DampedPersistence,3,13018350,-0.046642012386760356
LightGBM-ext,DampedPersistence,3,13154500,-0.07284435821959201
LightGBM-ext,DampedPersistence,3,13317660,-0.029184437463535495
LightGBM-ext,DampedPersistence,3,13342500,-0.010447486155979568
LightGBM-ext,DampedPersistence,3,14091500,0.09032603931999861
LightGBM-ext,DampedPersistence,3,14150800,-0.07088765726197721
LightGBM-ext,DampedPersistence,3,14151000,-0.016500538182997015
LightGBM-ext,DampedPersistence,3,14152000,0.031177062870420436
LightGBM-ext,DampedPersistence,3,14153500,0.08193058623851746
LightGBM-ext,DampedPersistence,3,14154500,-0.12587794790218632
LightGBM-ext,DampedPersistence,3,14159500,0.055432055621862375
LightGBM-ext,DampedPersistence,3,14161500,-0.02752586875582219
LightGBM-ext,DampedPersistence,3,14179000,-0.04679880512867485
LightGBM-ext,DampedPersistence,3,14185000,-0.05439168705651887
LightGBM-ext,DampedPersistence,3,14210000,-0.07299560874609379
LightGBM-ext,DampedPersistence,3,14211499,-0.04840754141774073
LightGBM-ext,DampedPersistence,3,14211500,-0.06754925511735554
LightGBM-ext,DampedPersistence,3,14320934,-0.020501744637201558
LightGBM-ext,DampedPersistence,3,255534081324000,-0.09291368399362043
LightGBM-ext,DampedPersistence,7,01073319,-0.003801615705733452
LightGBM-ext,DampedPersistence,7,01104415,-0.03190193026755117
LightGBM-ext,DampedPersistence,7,01104455,0.04649755233325781
LightGBM-ext,DampedPersistence,7,01104475,-0.15283978435194534
LightGBM-ext,DampedPersistence,7,01129500,0.004954834491660343
LightGBM-ext,DampedPersistence,7,01400500,0.028334057092767928
LightGBM-ext,DampedPersistence,7,01408029,0.060216993419061726
LightGBM-ext,DampedPersistence,7,01425000,0.4052380742142785
LightGBM-ext,DampedPersistence,7,01426500,0.055149190978574625
LightGBM-ext,DampedPersistence,7,01427207,0.06229378910798822
LightGBM-ext,DampedPersistence,7,01428500,0.004476605460749017
LightGBM-ext,DampedPersistence,7,01463500,0.030967271902661908
LightGBM-ext,DampedPersistence,7,01480617,0.05118782277423772
LightGBM-ext,DampedPersistence,7,01540500,0.006800789761248094
LightGBM-ext,DampedPersistence,7,01542500,0.0019175172150243114
LightGBM-ext,DampedPersistence,7,01549700,0.02514001663327292
LightGBM-ext,DampedPersistence,7,02110701,0.07967000212667008
LightGBM-ext,DampedPersistence,7,02176930,0.1150995832476247
LightGBM-ext,DampedPersistence,7,02266300,0.011629358919528876
LightGBM-ext,DampedPersistence,7,02330450,0.13129394561408603
LightGBM-ext,DampedPersistence,7,02334430,0.052969175018936054
LightGBM-ext,DampedPersistence,7,02334885,0.0854024239204656
LightGBM-ext,DampedPersistence,7,02336120,0.1325975211272139
LightGBM-ext,DampedPersistence,7,02336300,0.11008565057438036
LightGBM-ext,DampedPersistence,7,02336728,-0.8257110909361813
LightGBM-ext,DampedPersistence,7,02397000,-0.022910512353989443
LightGBM-ext,DampedPersistence,7,02455980,0.11367814244527619
LightGBM-ext,DampedPersistence,7,02458450,0.05026477786657879
LightGBM-ext,DampedPersistence,7,02474560,-0.05129295113557086
LightGBM-ext,DampedPersistence,7,03007800,0.04575295263135093
LightGBM-ext,DampedPersistence,7,03034000,0.003881678798456356
LightGBM-ext,DampedPersistence,7,03036000,0.0863602636469385
LightGBM-ext,DampedPersistence,7,03047000,-0.029043306990944373
LightGBM-ext,DampedPersistence,7,03077500,0.5033906583579862
LightGBM-ext,DampedPersistence,7,03105500,-0.04737603244435551
LightGBM-ext,DampedPersistence,7,03106000,0.03203517409851564
LightGBM-ext,DampedPersistence,7,03301900,0.02319753674839431
LightGBM-ext,DampedPersistence,7,03353200,0.022181834387448696
LightGBM-ext,DampedPersistence,7,03456991,0.12678735773824146
LightGBM-ext,DampedPersistence,7,04027000,-0.08592615404200954
LightGBM-ext,DampedPersistence,7,04043238,0.0923615625963361
LightGBM-ext,DampedPersistence,7,04043244,0.10547054167535763
LightGBM-ext,DampedPersistence,7,04067500,-0.00440357507083311
LightGBM-ext,DampedPersistence,7,04077630,0.013671089725653784
LightGBM-ext,DampedPersistence,7,04124200,0.22802387034305072
LightGBM-ext,DampedPersistence,7,04125460,0.042357682484321035
LightGBM-ext,DampedPersistence,7,04137005,0.07844122553638755
LightGBM-ext,DampedPersistence,7,04176500,-0.09275804217204886
LightGBM-ext,DampedPersistence,7,04208000,0.019160753111809203
LightGBM-ext,DampedPersistence,7,05054000,0.1912731565072312
LightGBM-ext,DampedPersistence,7,05057000,0.08426885538439155
LightGBM-ext,DampedPersistence,7,05289800,0.16370432340345786
LightGBM-ext,DampedPersistence,7,05331833,-0.00035149883335305887
LightGBM-ext,DampedPersistence,7,05370000,0.05424616804037541
LightGBM-ext,DampedPersistence,7,05382255,0.05994382038252888
LightGBM-ext,DampedPersistence,7,05382257,0.13702800146118777
LightGBM-ext,DampedPersistence,7,05406457,0.006119002636757909
LightGBM-ext,DampedPersistence,7,05458300,-0.17304336462432657
LightGBM-ext,DampedPersistence,7,05517000,-0.02147173720807327
LightGBM-ext,DampedPersistence,7,06036805,-0.05451465630449315
LightGBM-ext,DampedPersistence,7,06036905,-0.06953896552279737
LightGBM-ext,DampedPersistence,7,06036940,-0.3504918403816135
LightGBM-ext,DampedPersistence,7,06041000,0.00982054603706084
LightGBM-ext,DampedPersistence,7,06623800,0.24528099768091394
LightGBM-ext,DampedPersistence,7,06894000,0.046369158751935036
LightGBM-ext,DampedPersistence,7,06934500,-0.13024342292932323
LightGBM-ext,DampedPersistence,7,07106000,0.06513020251440738
LightGBM-ext,DampedPersistence,7,07178200,0.07549048781690271
LightGBM-ext,DampedPersistence,7,07194880,0.11126916590418912
LightGBM-ext,DampedPersistence,7,07332622,0.05808371099236842
LightGBM-ext,DampedPersistence,7,08048000,0.29039215889210945
LightGBM-ext,DampedPersistence,7,08052700,0.15606250123747323
LightGBM-ext,DampedPersistence,7,08065350,-0.021255461643252982
LightGBM-ext,DampedPersistence,7,08070200,0.03867451253002541
LightGBM-ext,DampedPersistence,7,08123850,0.10838635538431385
LightGBM-ext,DampedPersistence,7,09136100,-0.08923421494587824
LightGBM-ext,DampedPersistence,7,09144250,-0.057902632969850876
LightGBM-ext,DampedPersistence,7,09149500,-0.006751520748099482
LightGBM-ext,DampedPersistence,7,09163500,-0.09112015000269702
LightGBM-ext,DampedPersistence,7,09180000,-0.057812266475025575
LightGBM-ext,DampedPersistence,7,09261000,-0.06897767148925271
LightGBM-ext,DampedPersistence,7,09302000,-0.1301015488883932
LightGBM-ext,DampedPersistence,7,09380000,-0.15507185904601584
LightGBM-ext,DampedPersistence,7,10129900,0.046597606091925314
LightGBM-ext,DampedPersistence,7,10301500,0.0018509292497124186
LightGBM-ext,DampedPersistence,7,10351600,-0.13297916243000474
LightGBM-ext,DampedPersistence,7,11262900,0.14387005839892253
LightGBM-ext,DampedPersistence,7,11467000,0.1199835544690635
LightGBM-ext,DampedPersistence,7,11507500,-0.023052695028691783
LightGBM-ext,DampedPersistence,7,12056500,0.004420954621934592
LightGBM-ext,DampedPersistence,7,12115000,0.10166532209743362
LightGBM-ext,DampedPersistence,7,12117600,0.01366194609738991
LightGBM-ext,DampedPersistence,7,12210700,-0.004481778990078622
LightGBM-ext,DampedPersistence,7,12212050,0.021446201467501202
LightGBM-ext,DampedPersistence,7,12213100,-0.04158199266480933
LightGBM-ext,DampedPersistence,7,12363000,-0.027890648405028085
LightGBM-ext,DampedPersistence,7,12398600,0.03515759996990231
LightGBM-ext,DampedPersistence,7,13018350,0.04511043059129194
LightGBM-ext,DampedPersistence,7,13154500,0.048147621781439276
LightGBM-ext,DampedPersistence,7,13317660,0.008459982224471085
LightGBM-ext,DampedPersistence,7,13342500,0.11826302814723166
LightGBM-ext,DampedPersistence,7,14091500,0.13907243028449212
LightGBM-ext,DampedPersistence,7,14150800,-0.03497491142937492
LightGBM-ext,DampedPersistence,7,14151000,-0.08448797160538546
LightGBM-ext,DampedPersistence,7,14152000,0.0654883916480623
LightGBM-ext,DampedPersistence,7,14153500,0.16352125265883444
LightGBM-ext,DampedPersistence,7,14154500,-0.1032478357801383
LightGBM-ext,DampedPersistence,7,14159500,0.07891498058703816
LightGBM-ext,DampedPersistence,7,14161500,0.005314050708083551
LightGBM-ext,DampedPersistence,7,14179000,-0.05484219310338556
LightGBM-ext,DampedPersistence,7,14185000,0.008189317230123283
LightGBM-ext,DampedPersistence,7,14210000,-0.04553447189974036
LightGBM-ext,DampedPersistence,7,14211499,-0.002083062491009313
LightGBM-ext,DampedPersistence,7,14211500,-0.00021445771102657218
LightGBM-ext,DampedPersistence,7,14320934,0.012229339157177943
LightGBM-ext,DampedPersistence,7,255534081324000,0.054907064073606016
LightGBM-ext,Climatology,1,01073319,-1.2917289564124972
LightGBM-ext,Climatology,1,01104415,-0.8280526449462444
LightGBM-ext,Climatology,1,01104455,-1.0729980499710519
LightGBM-ext,Climatology,1,01104475,-1.1892869771848122
LightGBM-ext,Climatology,1,01129500,-1.1487988624337122
LightGBM-ext,Climatology,1,01400500,-1.5309506644599102
LightGBM-ext,Climatology,1,01408029,-1.2752732306369734
LightGBM-ext,Climatology,1,01425000,-0.932519185108078
LightGBM-ext,Climatology,1,01426500,-0.8430108202815767
LightGBM-ext,Climatology,1,01427207,-1.2046984367261144
LightGBM-ext,Climatology,1,01428500,-1.5536192216754645
LightGBM-ext,Climatology,1,01463500,-1.41368568821066
LightGBM-ext,Climatology,1,01480617,-1.2719746956044986
LightGBM-ext,Climatology,1,01540500,-1.5078634795541803
LightGBM-ext,Climatology,1,01542500,-1.526734778203357
LightGBM-ext,Climatology,1,01549700,-1.6173135647985806
LightGBM-ext,Climatology,1,02110701,-1.6460989547384237
LightGBM-ext,Climatology,1,02176930,-1.3582183505596628
LightGBM-ext,Climatology,1,02266300,-1.453966645847102
LightGBM-ext,Climatology,1,02330450,-1.0933000945384876
LightGBM-ext,Climatology,1,02334430,-1.4541502235648585
LightGBM-ext,Climatology,1,02334885,-1.5669353684234375
LightGBM-ext,Climatology,1,02336120,-1.497162311193125
LightGBM-ext,Climatology,1,02336300,-1.5376024755069095
LightGBM-ext,Climatology,1,02336728,-2.7261147416908655
LightGBM-ext,Climatology,1,02397000,-1.243415419942283
LightGBM-ext,Climatology,1,02455980,-1.055541968700315
LightGBM-ext,Climatology,1,02458450,-1.2432329022089013
LightGBM-ext,Climatology,1,02474560,-2.04308624385872
LightGBM-ext,Climatology,1,03007800,-1.5277698090311258
LightGBM-ext,Climatology,1,03034000,-1.5111832761816821
LightGBM-ext,Climatology,1,03036000,-1.09082096426489
LightGBM-ext,Climatology,1,03047000,-1.275278788976395
LightGBM-ext,Climatology,1,03077500,-1.0460110839004675
LightGBM-ext,Climatology,1,03105500,-1.68321751232831
LightGBM-ext,Climatology,1,03106000,-1.6943902832974826
LightGBM-ext,Climatology,1,03301900,-1.3619944462309306
LightGBM-ext,Climatology,1,03353200,-1.5419602967843946
LightGBM-ext,Climatology,1,03456991,-1.2450151189290048
LightGBM-ext,Climatology,1,04027000,-1.5532607245726675
LightGBM-ext,Climatology,1,04043238,-0.9870037182011439
LightGBM-ext,Climatology,1,04043244,-0.9042507539682311
LightGBM-ext,Climatology,1,04067500,-1.3384471491768561
LightGBM-ext,Climatology,1,04077630,-1.2325271246093523
LightGBM-ext,Climatology,1,04124200,-0.787096650086463
LightGBM-ext,Climatology,1,04125460,-1.0516298793487506
LightGBM-ext,Climatology,1,04137005,-1.0803002025469208
LightGBM-ext,Climatology,1,04176500,-1.520391672885809
LightGBM-ext,Climatology,1,04208000,-1.488478416454805
LightGBM-ext,Climatology,1,05054000,-1.6593606678744246
LightGBM-ext,Climatology,1,05057000,-1.6660498673756718
LightGBM-ext,Climatology,1,05289800,-1.3692410132581498
LightGBM-ext,Climatology,1,05331833,-1.0287002751860612
LightGBM-ext,Climatology,1,05370000,-0.920662233646359
LightGBM-ext,Climatology,1,05382255,-0.7899186712733847
LightGBM-ext,Climatology,1,05382257,-0.6269207375925212
LightGBM-ext,Climatology,1,05406457,-0.5552186735043123
LightGBM-ext,Climatology,1,05458300,-1.7594436294330318
LightGBM-ext,Climatology,1,05517000,-1.6802997826635022
LightGBM-ext,Climatology,1,06036805,-0.8471555974000663
LightGBM-ext,Climatology,1,06036905,-1.0628097254185522
LightGBM-ext,Climatology,1,06036940,-1.262363806064796
LightGBM-ext,Climatology,1,06041000,-1.2559010002406814
LightGBM-ext,Climatology,1,06623800,-0.34395821629280277
LightGBM-ext,Climatology,1,06894000,-1.6398429878170533
LightGBM-ext,Climatology,1,06934500,-1.4360669689352816
LightGBM-ext,Climatology,1,07106000,-0.6667651255294318
LightGBM-ext,Climatology,1,07178200,-1.741183639467673
LightGBM-ext,Climatology,1,07194880,-0.6621217589746589
LightGBM-ext,Climatology,1,07332622,-1.6245732369122432
LightGBM-ext,Climatology,1,08048000,-1.503900804329888
LightGBM-ext,Climatology,1,08052700,-1.6755839240462835
LightGBM-ext,Climatology,1,08065350,-1.8464077536037449
LightGBM-ext,Climatology,1,08070200,-1.8074589101751606
LightGBM-ext,Climatology,1,08123850,-1.6091515002108834
LightGBM-ext,Climatology,1,09136100,-1.2534259246290869
LightGBM-ext,Climatology,1,09144250,-1.2662915557484393
LightGBM-ext,Climatology,1,09149500,-0.7890069439664961
LightGBM-ext,Climatology,1,09163500,-1.4125233735203873
LightGBM-ext,Climatology,1,09180000,-1.4215609529856574
LightGBM-ext,Climatology,1,09261000,-1.121922355340745
LightGBM-ext,Climatology,1,09302000,-1.4248855726340777
LightGBM-ext,Climatology,1,09380000,-3.4228105813466447
LightGBM-ext,Climatology,1,10129900,-0.9804771847964531
LightGBM-ext,Climatology,1,10301500,-1.2680061131218354
LightGBM-ext,Climatology,1,10351600,-1.5544967571112882
LightGBM-ext,Climatology,1,11262900,-0.9739562035190685
LightGBM-ext,Climatology,1,11467000,-1.123925202423704
LightGBM-ext,Climatology,1,11507500,-1.5569043399612672
LightGBM-ext,Climatology,1,12056500,-0.6737401290272069
LightGBM-ext,Climatology,1,12115000,-0.5634612628472627
LightGBM-ext,Climatology,1,12117600,-0.6934752867315574
LightGBM-ext,Climatology,1,12210700,-0.8079788269679663
LightGBM-ext,Climatology,1,12212050,-0.9877595429339987
LightGBM-ext,Climatology,1,12213100,-1.0879022420922286
LightGBM-ext,Climatology,1,12363000,-0.9516977096059426
LightGBM-ext,Climatology,1,12398600,-1.4620837968363953
LightGBM-ext,Climatology,1,13018350,-0.8534505643381797
LightGBM-ext,Climatology,1,13154500,-0.8384198257908183
LightGBM-ext,Climatology,1,13317660,-0.9161355073239132
LightGBM-ext,Climatology,1,13342500,-0.9551674489038406
LightGBM-ext,Climatology,1,14091500,-0.26145752107740444
LightGBM-ext,Climatology,1,14150800,-1.3822912506604161
LightGBM-ext,Climatology,1,14151000,-2.4280055391120445
LightGBM-ext,Climatology,1,14152000,-1.126098760088233
LightGBM-ext,Climatology,1,14153500,-2.0687942248903584
LightGBM-ext,Climatology,1,14154500,-1.793119043674626
LightGBM-ext,Climatology,1,14159500,-0.940704646236594
LightGBM-ext,Climatology,1,14161500,-0.987855631836191
LightGBM-ext,Climatology,1,14179000,-1.037585133600222
LightGBM-ext,Climatology,1,14185000,-1.205225468707657
LightGBM-ext,Climatology,1,14210000,-1.2415441510720062
LightGBM-ext,Climatology,1,14211499,-1.177266030592268
LightGBM-ext,Climatology,1,14211500,-1.39814751406589
LightGBM-ext,Climatology,1,14320934,-1.4268408410614755
LightGBM-ext,Climatology,1,255534081324000,-1.184173201540141
LightGBM-ext,Climatology,3,01073319,-0.3402442052257022
LightGBM-ext,Climatology,3,01104415,-0.2083562230238789
LightGBM-ext,Climatology,3,01104455,-0.4804551475604313
LightGBM-ext,Climatology,3,01104475,-0.5136217586933502
LightGBM-ext,Climatology,3,01129500,-0.34365087078732026
LightGBM-ext,Climatology,3,01400500,-0.4242979403836158
LightGBM-ext,Climatology,3,01408029,-0.25547998485903634
LightGBM-ext,Climatology,3,01425000,-0.4934104831741002
LightGBM-ext,Climatology,3,01426500,-0.3769803161276475
LightGBM-ext,Climatology,3,01427207,-0.3426157445380049
LightGBM-ext,Climatology,3,01428500,-0.5730692363712404
LightGBM-ext,Climatology,3,01463500,-0.546801202894194
LightGBM-ext,Climatology,3,01480617,-0.3454670135672844
LightGBM-ext,Climatology,3,01540500,-0.703975889135851
LightGBM-ext,Climatology,3,01542500,-0.5522708073028688
LightGBM-ext,Climatology,3,01549700,-0.5789107256689434
LightGBM-ext,Climatology,3,02110701,-0.506710260499307
LightGBM-ext,Climatology,3,02176930,-0.4467337753845717
LightGBM-ext,Climatology,3,02266300,-0.5542476453649321
LightGBM-ext,Climatology,3,02330450,-0.3101706930586383
LightGBM-ext,Climatology,3,02334430,-1.240305402226459
LightGBM-ext,Climatology,3,02334885,-0.46343274933681466
LightGBM-ext,Climatology,3,02336120,-0.4127264489950111
LightGBM-ext,Climatology,3,02336300,-0.4324312515089397
LightGBM-ext,Climatology,3,02336728,-2.1178237730752114
LightGBM-ext,Climatology,3,02397000,-0.5297488558249275
LightGBM-ext,Climatology,3,02455980,-0.282451987538735
LightGBM-ext,Climatology,3,02458450,-0.45039986381293295
LightGBM-ext,Climatology,3,02474560,-1.0938531831393585
LightGBM-ext,Climatology,3,03007800,-0.4750792467686302
LightGBM-ext,Climatology,3,03034000,-0.4592646508450007
LightGBM-ext,Climatology,3,03036000,-0.5823139889948803
LightGBM-ext,Climatology,3,03047000,-0.576040222903166
LightGBM-ext,Climatology,3,03077500,-0.700570519689046
LightGBM-ext,Climatology,3,03105500,-0.7008055605402215
LightGBM-ext,Climatology,3,03106000,-0.5017678127656588
LightGBM-ext,Climatology,3,03301900,-0.44081844107367174
LightGBM-ext,Climatology,3,03353200,-0.4067792794720997
LightGBM-ext,Climatology,3,03456991,-0.39913066292230703
LightGBM-ext,Climatology,3,04027000,-0.553300054152051
LightGBM-ext,Climatology,3,04043238,-0.2758532488248735
LightGBM-ext,Climatology,3,04043244,-0.23875520432413921
LightGBM-ext,Climatology,3,04067500,-0.5492665114655366
LightGBM-ext,Climatology,3,04077630,-0.33201722724411087
LightGBM-ext,Climatology,3,04124200,-0.4377099024662169
LightGBM-ext,Climatology,3,04125460,-0.2746345334778093
LightGBM-ext,Climatology,3,04137005,-0.5798133803262596
LightGBM-ext,Climatology,3,04176500,-0.6861188292864644
LightGBM-ext,Climatology,3,04208000,-0.4710321193012885
LightGBM-ext,Climatology,3,05054000,-0.9703483134125459
LightGBM-ext,Climatology,3,05057000,-0.6600067119870516
LightGBM-ext,Climatology,3,05289800,-0.47586248792039343
LightGBM-ext,Climatology,3,05331833,-0.3367587047417606
LightGBM-ext,Climatology,3,05370000,-0.4172382314972921
LightGBM-ext,Climatology,3,05382255,-0.26811895207496117
LightGBM-ext,Climatology,3,05382257,-0.08377033602862727
LightGBM-ext,Climatology,3,05406457,-0.1863214850170105
LightGBM-ext,Climatology,3,05458300,-0.6783491031525191
LightGBM-ext,Climatology,3,05517000,-0.6171747817981903
LightGBM-ext,Climatology,3,06036805,-0.33744744386203585
LightGBM-ext,Climatology,3,06036905,-0.35314281663242
LightGBM-ext,Climatology,3,06036940,-0.708689236937702
LightGBM-ext,Climatology,3,06041000,-0.6161571050608436
LightGBM-ext,Climatology,3,06623800,-0.028534699361506988
LightGBM-ext,Climatology,3,06894000,-0.5618431381402273
LightGBM-ext,Climatology,3,06934500,-0.7895334532688649
LightGBM-ext,Climatology,3,07106000,-0.004920679487627311
LightGBM-ext,Climatology,3,07178200,-0.8053809124671307
LightGBM-ext,Climatology,3,07194880,-0.1578028969809997
LightGBM-ext,Climatology,3,07332622,-0.5240531139056794
LightGBM-ext,Climatology,3,08048000,-0.5208875039730836
LightGBM-ext,Climatology,3,08052700,-0.3296300670032757
LightGBM-ext,Climatology,3,08065350,-0.8866866154120507
LightGBM-ext,Climatology,3,08070200,-0.7855158275146501
LightGBM-ext,Climatology,3,08123850,-0.3459211972537175
LightGBM-ext,Climatology,3,09136100,-0.7691777704551923
LightGBM-ext,Climatology,3,09144250,-0.739650336159891
LightGBM-ext,Climatology,3,09149500,-0.28684516509576996
LightGBM-ext,Climatology,3,09163500,-0.805558232878439
LightGBM-ext,Climatology,3,09180000,-0.7533486970176984
LightGBM-ext,Climatology,3,09261000,-0.45503173817022113
LightGBM-ext,Climatology,3,09302000,-0.787096640859728
LightGBM-ext,Climatology,3,09380000,-3.148490991569054
LightGBM-ext,Climatology,3,10129900,-0.4840051831004122
LightGBM-ext,Climatology,3,10301500,-0.48384357420920954
LightGBM-ext,Climatology,3,10351600,-0.7843515058337787
LightGBM-ext,Climatology,3,11262900,-0.16616209304890095
LightGBM-ext,Climatology,3,11467000,-0.49681495518445784
LightGBM-ext,Climatology,3,11507500,-0.6908955637889307
LightGBM-ext,Climatology,3,12056500,-0.3848745545665525
LightGBM-ext,Climatology,3,12115000,-0.2683888465903217
LightGBM-ext,Climatology,3,12117600,-0.37685890793238785
LightGBM-ext,Climatology,3,12210700,-0.32673823818520686
LightGBM-ext,Climatology,3,12212050,-0.42925671052138803
LightGBM-ext,Climatology,3,12213100,-0.48841847443078734
LightGBM-ext,Climatology,3,12363000,-0.5307674189864513
LightGBM-ext,Climatology,3,12398600,-1.0878293537421877
LightGBM-ext,Climatology,3,13018350,-0.21035730925399054
LightGBM-ext,Climatology,3,13154500,-0.4958833112571839
LightGBM-ext,Climatology,3,13317660,-0.580808422532204
LightGBM-ext,Climatology,3,13342500,-0.4613298825089308
LightGBM-ext,Climatology,3,14091500,0.05192377868295772
LightGBM-ext,Climatology,3,14150800,-0.6479799434991524
LightGBM-ext,Climatology,3,14151000,-1.7946035967960206
LightGBM-ext,Climatology,3,14152000,-0.7547252600700504
LightGBM-ext,Climatology,3,14153500,-1.6912849628291657
LightGBM-ext,Climatology,3,14154500,-1.0401541957180276
LightGBM-ext,Climatology,3,14159500,-0.6516320702794717
LightGBM-ext,Climatology,3,14161500,-0.5509815013133939
LightGBM-ext,Climatology,3,14179000,-0.6089626495108466
LightGBM-ext,Climatology,3,14185000,-0.5664132004419133
LightGBM-ext,Climatology,3,14210000,-0.8825083765453035
LightGBM-ext,Climatology,3,14211499,-0.40399569862011764
LightGBM-ext,Climatology,3,14211500,-0.48550892003388046
LightGBM-ext,Climatology,3,14320934,-0.7697748188382807
LightGBM-ext,Climatology,3,255534081324000,-0.17607971123977206
LightGBM-ext,Climatology,7,01073319,0.03993556462369163
LightGBM-ext,Climatology,7,01104415,-0.09829897307453894
LightGBM-ext,Climatology,7,01104455,-0.18185030625959175
LightGBM-ext,Climatology,7,01104475,-0.34503154186633056
LightGBM-ext,Climatology,7,01129500,-0.04440028705945709
LightGBM-ext,Climatology,7,01400500,-0.004342318084674446
LightGBM-ext,Climatology,7,01408029,0.001876215720238772
LightGBM-ext,Climatology,7,01425000,-0.0694150541748988
LightGBM-ext,Climatology,7,01426500,-0.13437415084036086
LightGBM-ext,Climatology,7,01427207,0.09734762472684855
LightGBM-ext,Climatology,7,01428500,0.06539619355715454
LightGBM-ext,Climatology,7,01463500,0.06182277423730542
LightGBM-ext,Climatology,7,01480617,-0.03368640109964183
LightGBM-ext,Climatology,7,01540500,-0.0427292655605811
LightGBM-ext,Climatology,7,01542500,-0.04045949873027821
LightGBM-ext,Climatology,7,01549700,-0.012949765888341513
LightGBM-ext,Climatology,7,02110701,0.033502296935875364
LightGBM-ext,Climatology,7,02176930,-0.0052127506907280186
LightGBM-ext,Climatology,7,02266300,-0.16598362476721928
LightGBM-ext,Climatology,7,02330450,0.059580050484514535
LightGBM-ext,Climatology,7,02334430,-1.0733858875374125
LightGBM-ext,Climatology,7,02334885,0.04232989840928392
LightGBM-ext,Climatology,7,02336120,0.07484142400608018
LightGBM-ext,Climatology,7,02336300,0.055940852678091346
LightGBM-ext,Climatology,7,02336728,-1.8009742402333417
LightGBM-ext,Climatology,7,02397000,-0.04186875627456477
LightGBM-ext,Climatology,7,02455980,0.06464332076928558
LightGBM-ext,Climatology,7,02458450,-0.062467042650675486
LightGBM-ext,Climatology,7,02474560,-0.3026600570279392
LightGBM-ext,Climatology,7,03007800,-0.007448212907720464
LightGBM-ext,Climatology,7,03034000,-0.04621361761937948
LightGBM-ext,Climatology,7,03036000,-0.08277058441348628
LightGBM-ext,Climatology,7,03047000,0.061275672187212304
LightGBM-ext,Climatology,7,03077500,-0.2781693611905831
LightGBM-ext,Climatology,7,03105500,-0.2272603398063877
LightGBM-ext,Climatology,7,03106000,0.06746202909429133
LightGBM-ext,Climatology,7,03301900,-0.11389505864169003
LightGBM-ext,Climatology,7,03353200,0.04499326108682178
LightGBM-ext,Climatology,7,03456991,0.045739813943355134
LightGBM-ext,Climatology,7,04027000,-0.16099705376203222
LightGBM-ext,Climatology,7,04043238,0.06783364160603056
LightGBM-ext,Climatology,7,04043244,0.08621147657203276
LightGBM-ext,Climatology,7,04067500,0.050390327588967
LightGBM-ext,Climatology,7,04077630,0.10328708219160054
LightGBM-ext,Climatology,7,04124200,-0.023313271316398154
LightGBM-ext,Climatology,7,04125460,0.06171618663494116
LightGBM-ext,Climatology,7,04137005,0.021585049929103706
LightGBM-ext,Climatology,7,04176500,-0.019030382937880175
LightGBM-ext,Climatology,7,04208000,0.012227291046280175
LightGBM-ext,Climatology,7,05054000,-0.24203228823616274
LightGBM-ext,Climatology,7,05057000,-0.052887374611617854
LightGBM-ext,Climatology,7,05289800,0.09499495011245385
LightGBM-ext,Climatology,7,05331833,-0.062465184309724586
LightGBM-ext,Climatology,7,05370000,-0.032481238491301356
LightGBM-ext,Climatology,7,05382255,0.06781554159991021
LightGBM-ext,Climatology,7,05382257,0.110615743442114
LightGBM-ext,Climatology,7,05406457,-0.04889996811406361
LightGBM-ext,Climatology,7,05458300,-0.12252730401951828
LightGBM-ext,Climatology,7,05517000,-0.062779247302724
LightGBM-ext,Climatology,7,06036805,-0.16835087358349798
LightGBM-ext,Climatology,7,06036905,-0.17456232394227156
LightGBM-ext,Climatology,7,06036940,-0.4897122636785083
LightGBM-ext,Climatology,7,06041000,-0.05664665161083926
LightGBM-ext,Climatology,7,06623800,0.22163544889410736
LightGBM-ext,Climatology,7,06894000,0.11683710949887649
LightGBM-ext,Climatology,7,06934500,-0.1890375616438036
LightGBM-ext,Climatology,7,07106000,0.044750741152455475
LightGBM-ext,Climatology,7,07178200,-0.14552067962972925
LightGBM-ext,Climatology,7,07194880,0.05654160419522669
LightGBM-ext,Climatology,7,07332622,-0.005165980964992212
LightGBM-ext,Climatology,7,08048000,0.13248879666996816
LightGBM-ext,Climatology,7,08052700,0.14875391589313702
LightGBM-ext,Climatology,7,08065350,-0.09782956507972074
LightGBM-ext,Climatology,7,08070200,-0.03724696738174371
LightGBM-ext,Climatology,7,08123850,0.07215682896655018
LightGBM-ext,Climatology,7,09136100,-0.5483677725807425
LightGBM-ext,Climatology,7,09144250,-0.5062380441415193
LightGBM-ext,Climatology,7,09149500,-0.1254657585660397
LightGBM-ext,Climatology,7,09163500,-0.4354072937063753
LightGBM-ext,Climatology,7,09180000,-0.43246873247808115
LightGBM-ext,Climatology,7,09261000,-0.045637110354518784
LightGBM-ext,Climatology,7,09302000,-0.5061433709199172
LightGBM-ext,Climatology,7,09380000,-2.99437194676847
LightGBM-ext,Climatology,7,10129900,-0.2184475341589338
LightGBM-ext,Climatology,7,10301500,-0.1352613985130271
LightGBM-ext,Climatology,7,10351600,-0.4316003806216584
LightGBM-ext,Climatology,7,11262900,0.1432114964198743
LightGBM-ext,Climatology,7,11467000,-0.06990280859317943
LightGBM-ext,Climatology,7,11507500,-0.09736080130836822
LightGBM-ext,Climatology,7,12056500,-0.19188977599625978
LightGBM-ext,Climatology,7,12115000,-0.06818951079288293
LightGBM-ext,Climatology,7,12117600,-0.18440725872400765
LightGBM-ext,Climatology,7,12210700,-0.11617219808755164
LightGBM-ext,Climatology,7,12212050,-0.1100156913059589
LightGBM-ext,Climatology,7,12213100,-0.2720317850230678
LightGBM-ext,Climatology,7,12363000,-0.3488836164850546
LightGBM-ext,Climatology,7,12398600,-0.6633294681136388
LightGBM-ext,Climatology,7,13018350,-0.03576410889932835
LightGBM-ext,Climatology,7,13154500,-0.13147602113007328
LightGBM-ext,Climatology,7,13317660,-0.3409931474279869
LightGBM-ext,Climatology,7,13342500,-0.07214568569051028
LightGBM-ext,Climatology,7,14091500,0.1293584435549966
LightGBM-ext,Climatology,7,14150800,-0.2706793478410494
LightGBM-ext,Climatology,7,14151000,-1.3522453855376684
LightGBM-ext,Climatology,7,14152000,-0.4445368740627771
LightGBM-ext,Climatology,7,14153500,-1.2558791065190487
LightGBM-ext,Climatology,7,14154500,-0.6200113272162364
LightGBM-ext,Climatology,7,14159500,-0.3489763805365754
LightGBM-ext,Climatology,7,14161500,-0.2647689855897035
LightGBM-ext,Climatology,7,14179000,-0.3942046718122951
LightGBM-ext,Climatology,7,14185000,-0.23172540184030566
LightGBM-ext,Climatology,7,14210000,-0.5161531684850147
LightGBM-ext,Climatology,7,14211499,-0.06582725615864327
LightGBM-ext,Climatology,7,14211500,-0.06777011632855356
LightGBM-ext,Climatology,7,14320934,-0.36373681198617214
LightGBM-ext,Climatology,7,255534081324000,0.13896989192740494
TR-fixedKappa,Persistence,1,01073319,-0.24687810867307247
TR-fixedKappa,Persistence,1,01104415,-0.2013849628586698
TR-fixedKappa,Persistence,1,01104455,-0.12108875725044366
TR-fixedKappa,Persistence,1,01104475,-0.16234523970653258
TR-fixedKappa,Persistence,1,01129500,-0.23538970895917566
TR-fixedKappa,Persistence,1,01400500,-0.329688370224799
TR-fixedKappa,Persistence,1,01408029,-0.32906517054310436
TR-fixedKappa,Persistence,1,01425000,0.013557776968040058
TR-fixedKappa,Persistence,1,01426500,-0.0663521487484885
TR-fixedKappa,Persistence,1,01427207,-0.2671590940280967
TR-fixedKappa,Persistence,1,01428500,-0.2686898129126215
TR-fixedKappa,Persistence,1,01463500,-0.23899943549725583
TR-fixedKappa,Persistence,1,01480617,-0.25386883790616277
TR-fixedKappa,Persistence,1,01540500,-0.1825348355213232
TR-fixedKappa,Persistence,1,01542500,-0.26888558982135835
TR-fixedKappa,Persistence,1,01549700,-0.2759727279318298
TR-fixedKappa,Persistence,1,02110701,-0.33747139575442653
TR-fixedKappa,Persistence,1,02176930,-0.21979616747201947
TR-fixedKappa,Persistence,1,02266300,-0.23930442957696418
TR-fixedKappa,Persistence,1,02330450,-0.18848314124164856
TR-fixedKappa,Persistence,1,02334430,0.09534511371496004
TR-fixedKappa,Persistence,1,02334885,-0.3319075243265235
TR-fixedKappa,Persistence,1,02336120,-0.32468860970864977
TR-fixedKappa,Persistence,1,02336300,-0.3284395406811109
TR-fixedKappa,Persistence,1,02336728,-0.021039444764847537
TR-fixedKappa,Persistence,1,02397000,-0.2188206012093296
TR-fixedKappa,Persistence,1,02455980,-0.2724172986176653
TR-fixedKappa,Persistence,1,02458450,-0.263863346568883
TR-fixedKappa,Persistence,1,02474560,-0.24778792948512518
TR-fixedKappa,Persistence,1,03007800,-0.3138083919777169
TR-fixedKappa,Persistence,1,03034000,-0.3158922762307267
TR-fixedKappa,Persistence,1,03036000,-0.011335236340700439
TR-fixedKappa,Persistence,1,03047000,-0.0685175173536392
TR-fixedKappa,Persistence,1,03077500,0.027229102728840937
TR-fixedKappa,Persistence,1,03105500,-0.2974774986331916
TR-fixedKappa,Persistence,1,03106000,-0.3588603142513386
TR-fixedKappa,Persistence,1,03301900,-0.2703482740025158
TR-fixedKappa,Persistence,1,03353200,-0.3514671138085226
TR-fixedKappa,Persistence,1,03456991,-0.23683803040600715
TR-fixedKappa,Persistence,1,04027000,-0.2816794825013349
TR-fixedKappa,Persistence,1,04043238,-0.17147015438213986
TR-fixedKappa,Persistence,1,04043244,-0.17475634900985926
TR-fixedKappa,Persistence,1,04067500,-0.18010332063869877
TR-fixedKappa,Persistence,1,04077630,-0.21589469067484712
TR-fixedKappa,Persistence,1,04124200,0.044557044464104356
TR-fixedKappa,Persistence,1,04125460,-0.22938600429331946
TR-fixedKappa,Persistence,1,04137005,-0.040204107075430096
TR-fixedKappa,Persistence,1,04176500,-0.21608031298970265
TR-fixedKappa,Persistence,1,04208000,-0.3278713612427959
TR-fixedKappa,Persistence,1,05054000,-0.08276100683594173
TR-fixedKappa,Persistence,1,05057000,-0.22756459814243601
TR-fixedKappa,Persistence,1,05289800,-0.15218159966482092
TR-fixedKappa,Persistence,1,05331833,-0.1547403747273095
TR-fixedKappa,Persistence,1,05370000,-0.0230428740774114
TR-fixedKappa,Persistence,1,05382255,-0.07590712239519004
TR-fixedKappa,Persistence,1,05382257,-0.12493584728805374
TR-fixedKappa,Persistence,1,05406457,-0.03597581586211629
TR-fixedKappa,Persistence,1,05458300,-0.2824531190768488
TR-fixedKappa,Persistence,1,05517000,-0.288092202025818
TR-fixedKappa,Persistence,1,06036805,-0.12428773830159912
TR-fixedKappa,Persistence,1,06036905,-0.1365888869132459
TR-fixedKappa,Persistence,1,06036940,-0.030946037644482116
TR-fixedKappa,Persistence,1,06041000,-0.11323534629166387
TR-fixedKappa,Persistence,1,06623800,-0.03867431819292899
TR-fixedKappa,Persistence,1,06894000,-0.3295954446557029
TR-fixedKappa,Persistence,1,06934500,-0.16617191617009858
TR-fixedKappa,Persistence,1,07106000,-0.1323595148667689
TR-fixedKappa,Persistence,1,07178200,-0.21981901018253047
TR-fixedKappa,Persistence,1,07194880,-0.10688937860655412
TR-fixedKappa,Persistence,1,07332622,-0.2611923328727791
TR-fixedKappa,Persistence,1,08048000,-0.17452064882099094
TR-fixedKappa,Persistence,1,08052700,-0.32212090431503193
TR-fixedKappa,Persistence,1,08065350,-0.2093561311219096
TR-fixedKappa,Persistence,1,08070200,-0.22106107490840832
TR-fixedKappa,Persistence,1,08123850,-0.32809323674422675
TR-fixedKappa,Persistence,1,09136100,-0.10270247235101737
TR-fixedKappa,Persistence,1,09144250,-0.11580431402638136
TR-fixedKappa,Persistence,1,09149500,-0.1390353950062032
TR-fixedKappa,Persistence,1,09163500,-0.15545042694681305
TR-fixedKappa,Persistence,1,09180000,-0.13535628515102904
TR-fixedKappa,Persistence,1,09261000,-0.14856059136764388
TR-fixedKappa,Persistence,1,09302000,-0.1052315518601663
TR-fixedKappa,Persistence,1,09380000,0.017365093420628697
TR-fixedKappa,Persistence,1,10129900,-0.07285925801515336
TR-fixedKappa,Persistence,1,10301500,-0.154298174886364
TR-fixedKappa,Persistence,1,10351600,-0.22820321273646638
TR-fixedKappa,Persistence,1,11262900,-0.17905403329416947
TR-fixedKappa,Persistence,1,11467000,-0.10072276420697474
TR-fixedKappa,Persistence,1,11507500,-0.2245993668034859
TR-fixedKappa,Persistence,1,12056500,-0.06022984050790692
TR-fixedKappa,Persistence,1,12115000,0.004869329353941909
TR-fixedKappa,Persistence,1,12117600,-0.0056009853271122845
TR-fixedKappa,Persistence,1,12210700,-0.0821860074429851
TR-fixedKappa,Persistence,1,12212050,-0.08029366229190504
TR-fixedKappa,Persistence,1,12213100,-0.16401008244818205
TR-fixedKappa,Persistence,1,12363000,-0.08910943061347532
TR-fixedKappa,Persistence,1,12398600,-0.022083697243184208
TR-fixedKappa,Persistence,1,13018350,-0.13577962865639415
TR-fixedKappa,Persistence,1,13154500,-0.03734041480174194
TR-fixedKappa,Persistence,1,13317660,-0.0811393875169559
TR-fixedKappa,Persistence,1,13342500,-0.07288491009604475
TR-fixedKappa,Persistence,1,14091500,-0.0768280003887542
TR-fixedKappa,Persistence,1,14150800,-0.16645039367227776
TR-fixedKappa,Persistence,1,14151000,-0.017343457808123408
TR-fixedKappa,Persistence,1,14152000,-0.02609378204208984
TR-fixedKappa,Persistence,1,14153500,-0.009628640925374965
TR-fixedKappa,Persistence,1,14154500,-0.18503813299459537
TR-fixedKappa,Persistence,1,14159500,0.014014689162043292
TR-fixedKappa,Persistence,1,14161500,-0.06258983423371217
TR-fixedKappa,Persistence,1,14179000,-0.06948652236920594
TR-fixedKappa,Persistence,1,14185000,-0.13780037011649882
TR-fixedKappa,Persistence,1,14210000,-0.0464733797762909
TR-fixedKappa,Persistence,1,14211499,-0.16869949644402482
TR-fixedKappa,Persistence,1,14211500,-0.20900800849606893
TR-fixedKappa,Persistence,1,14320934,-0.14014967143398188
TR-fixedKappa,Persistence,1,255534081324000,-0.21103651884459562
TR-fixedKappa,Persistence,3,01073319,-0.3987172536095158
TR-fixedKappa,Persistence,3,01104415,-0.39823034916201205
TR-fixedKappa,Persistence,3,01104455,-0.20204890391458497
TR-fixedKappa,Persistence,3,01104475,-0.2821333017913825
TR-fixedKappa,Persistence,3,01129500,-0.3898839626831567
TR-fixedKappa,Persistence,3,01400500,-0.4134357147854244
TR-fixedKappa,Persistence,3,01408029,-0.48625463221386056
TR-fixedKappa,Persistence,3,01425000,-0.008172711110869813
TR-fixedKappa,Persistence,3,01426500,-0.18705965959734638
TR-fixedKappa,Persistence,3,01427207,-0.391982249088785
TR-fixedKappa,Persistence,3,01428500,-0.39634440687174277
TR-fixedKappa,Persistence,3,01463500,-0.3610474342486041
TR-fixedKappa,Persistence,3,01480617,-0.41750540967172434
TR-fixedKappa,Persistence,3,01540500,-0.3644091591019625
TR-fixedKappa,Persistence,3,01542500,-0.39486947130965167
TR-fixedKappa,Persistence,3,01549700,-0.449755104040203
TR-fixedKappa,Persistence,3,02110701,-0.4890152077724146
TR-fixedKappa,Persistence,3,02176930,-0.41773848572246
TR-fixedKappa,Persistence,3,02266300,-0.3177430632259819
TR-fixedKappa,Persistence,3,02330450,-0.39353532134108793
TR-fixedKappa,Persistence,3,02334430,0.1217910520445149
TR-fixedKappa,Persistence,3,02334885,-0.4429272193029974
TR-fixedKappa,Persistence,3,02336120,-0.4559871824267212
TR-fixedKappa,Persistence,3,02336300,-0.4684887610716124
TR-fixedKappa,Persistence,3,02336728,0.19036789708427215
TR-fixedKappa,Persistence,3,02397000,-0.3501235342718241
TR-fixedKappa,Persistence,3,02455980,-0.3838541741187813
TR-fixedKappa,Persistence,3,02458450,-0.3688666867807613
TR-fixedKappa,Persistence,3,02474560,-0.31717204239005237
TR-fixedKappa,Persistence,3,03007800,-0.4461529325257756
TR-fixedKappa,Persistence,3,03034000,-0.4581823996622214
TR-fixedKappa,Persistence,3,03036000,-0.25357993630358255
TR-fixedKappa,Persistence,3,03047000,-0.37516126987876053
TR-fixedKappa,Persistence,3,03077500,-0.07454230991128474
TR-fixedKappa,Persistence,3,03105500,-0.4289331022268892
TR-fixedKappa,Persistence,3,03106000,-0.5213153914439188
TR-fixedKappa,Persistence,3,03301900,-0.4258903198976318
TR-fixedKappa,Persistence,3,03353200,-0.4863073066749626
TR-fixedKappa,Persistence,3,03456991,-0.377860704096344
TR-fixedKappa,Persistence,3,04027000,-0.3808972807050186
TR-fixedKappa,Persistence,3,04043238,-0.3220065419504279
TR-fixedKappa,Persistence,3,04043244,-0.30807100386630504
TR-fixedKappa,Persistence,3,04067500,-0.24471702341964896
TR-fixedKappa,Persistence,3,04077630,-0.36348025332178024
TR-fixedKappa,Persistence,3,04124200,-0.09945646161788768
TR-fixedKappa,Persistence,3,04125460,-0.31580174227355484
TR-fixedKappa,Persistence,3,04137005,-0.20625593689242128
TR-fixedKappa,Persistence,3,04176500,-0.3243766340305849
TR-fixedKappa,Persistence,3,04208000,-0.4405666949616944
TR-fixedKappa,Persistence,3,05054000,-0.23288212485250948
TR-fixedKappa,Persistence,3,05057000,-0.3159885302991503
TR-fixedKappa,Persistence,3,05289800,-0.2702370242848484
TR-fixedKappa,Persistence,3,05331833,-0.30569257434543395
TR-fixedKappa,Persistence,3,05370000,-0.1458608719580361
TR-fixedKappa,Persistence,3,05382255,-0.2240288714322647
TR-fixedKappa,Persistence,3,05382257,-0.43623449188463614
TR-fixedKappa,Persistence,3,05406457,-0.19143805673838177
TR-fixedKappa,Persistence,3,05458300,-0.3745471817617745
TR-fixedKappa,Persistence,3,05517000,-0.4064269245357861
TR-fixedKappa,Persistence,3,06036805,-0.2974204524821866
TR-fixedKappa,Persistence,3,06036905,-0.34670517951706104
TR-fixedKappa,Persistence,3,06036940,-0.14110201054372906
TR-fixedKappa,Persistence,3,06041000,-0.24338776004589824
TR-fixedKappa,Persistence,3,06623800,-0.18284202266255345
TR-fixedKappa,Persistence,3,06894000,-0.4493282518198256
TR-fixedKappa,Persistence,3,06934500,-0.2929721685737421
TR-fixedKappa,Persistence,3,07106000,-0.4099399807411743
TR-fixedKappa,Persistence,3,07178200,-0.26699961007977846
TR-fixedKappa,Persistence,3,07194880,-0.26247609340986156
TR-fixedKappa,Persistence,3,07332622,-0.43969713435277424
TR-fixedKappa,Persistence,3,08048000,-0.2381397358629045
TR-fixedKappa,Persistence,3,08052700,-0.5716793394382926
TR-fixedKappa,Persistence,3,08065350,-0.2998336721982171
TR-fixedKappa,Persistence,3,08070200,-0.3434506318764239
TR-fixedKappa,Persistence,3,08123850,-0.49308577309849344
TR-fixedKappa,Persistence,3,09136100,-0.243853452689905
TR-fixedKappa,Persistence,3,09144250,-0.2398413445913543
TR-fixedKappa,Persistence,3,09149500,-0.311942260132392
TR-fixedKappa,Persistence,3,09163500,-0.2975055730778493
TR-fixedKappa,Persistence,3,09180000,-0.3230170066511924
TR-fixedKappa,Persistence,3,09261000,-0.3138453393934555
TR-fixedKappa,Persistence,3,09302000,-0.2780515445670333
TR-fixedKappa,Persistence,3,09380000,0.027203866237043517
TR-fixedKappa,Persistence,3,10129900,-0.1843824329415391
TR-fixedKappa,Persistence,3,10301500,-0.32798097576340646
TR-fixedKappa,Persistence,3,10351600,-0.34431505040074684
TR-fixedKappa,Persistence,3,11262900,-0.3350783312639696
TR-fixedKappa,Persistence,3,11467000,-0.17907723604729242
TR-fixedKappa,Persistence,3,11507500,-0.296391247784088
TR-fixedKappa,Persistence,3,12056500,-0.10101781213850136
TR-fixedKappa,Persistence,3,12115000,-0.013740437968018493
TR-fixedKappa,Persistence,3,12117600,-0.05808465581262967
TR-fixedKappa,Persistence,3,12210700,-0.17575515068997838
TR-fixedKappa,Persistence,3,12212050,-0.15143956128851976
TR-fixedKappa,Persistence,3,12213100,-0.23360091031438768
TR-fixedKappa,Persistence,3,12363000,-0.13515485150296502
TR-fixedKappa,Persistence,3,12398600,-0.17411621389070986
TR-fixedKappa,Persistence,3,13018350,-0.31260595236718247
TR-fixedKappa,Persistence,3,13154500,-0.1755840189161071
TR-fixedKappa,Persistence,3,13317660,-0.17371150748950837
TR-fixedKappa,Persistence,3,13342500,-0.12283189732081357
TR-fixedKappa,Persistence,3,14091500,-0.13201803554286506
TR-fixedKappa,Persistence,3,14150800,-0.25644462242462995
TR-fixedKappa,Persistence,3,14151000,-0.06262129527810867
TR-fixedKappa,Persistence,3,14152000,-0.07475057485818315
TR-fixedKappa,Persistence,3,14153500,-0.11310188845251512
TR-fixedKappa,Persistence,3,14154500,-0.26205801726844924
TR-fixedKappa,Persistence,3,14159500,-0.03934855352989086
TR-fixedKappa,Persistence,3,14161500,-0.11986539453801803
TR-fixedKappa,Persistence,3,14179000,-0.11986248066966065
TR-fixedKappa,Persistence,3,14185000,-0.21386608572956645
TR-fixedKappa,Persistence,3,14210000,-0.18512579305476418
TR-fixedKappa,Persistence,3,14211499,-0.2426599679157737
TR-fixedKappa,Persistence,3,14211500,-0.29144028850791415
TR-fixedKappa,Persistence,3,14320934,-0.16762298178321222
TR-fixedKappa,Persistence,3,255534081324000,-0.4140892036285797
TR-fixedKappa,Persistence,7,01073319,-0.7904398606469529
TR-fixedKappa,Persistence,7,01104415,-0.5454434674017257
TR-fixedKappa,Persistence,7,01104455,-0.377606705435354
TR-fixedKappa,Persistence,7,01104475,-0.405469409672786
TR-fixedKappa,Persistence,7,01129500,-0.7103699899180524
TR-fixedKappa,Persistence,7,01400500,-0.7336565358939287
TR-fixedKappa,Persistence,7,01408029,-0.7131990684902658
TR-fixedKappa,Persistence,7,01425000,-0.10398753816994188
TR-fixedKappa,Persistence,7,01426500,-0.3085656441452549
TR-fixedKappa,Persistence,7,01427207,-0.658403528433585
TR-fixedKappa,Persistence,7,01428500,-0.7149648817008929
TR-fixedKappa,Persistence,7,01463500,-0.6314000283739216
TR-fixedKappa,Persistence,7,01480617,-0.6307049132652014
TR-fixedKappa,Persistence,7,01540500,-0.6992554522786636
TR-fixedKappa,Persistence,7,01542500,-0.7204715207362509
TR-fixedKappa,Persistence,7,01549700,-0.7887605813840382
TR-fixedKappa,Persistence,7,02110701,-0.7553573520536556
TR-fixedKappa,Persistence,7,02176930,-0.5984336820023932
TR-fixedKappa,Persistence,7,02266300,-0.47998656518677274
TR-fixedKappa,Persistence,7,02330450,-0.5894476854866406
TR-fixedKappa,Persistence,7,02334430,0.03714986060056097
TR-fixedKappa,Persistence,7,02334885,-0.6500686471966888
TR-fixedKappa,Persistence,7,02336120,-0.7021271263467614
TR-fixedKappa,Persistence,7,02336300,-0.7329201084631278
TR-fixedKappa,Persistence,7,02336728,0.46847119047788444
TR-fixedKappa,Persistence,7,02397000,-0.534398890168607
TR-fixedKappa,Persistence,7,02455980,-0.5572353586351906
TR-fixedKappa,Persistence,7,02458450,-0.5671984655982072
TR-fixedKappa,Persistence,7,02474560,-0.5922415411168038
TR-fixedKappa,Persistence,7,03007800,-0.7250897218575854
TR-fixedKappa,Persistence,7,03034000,-0.7480113596713553
TR-fixedKappa,Persistence,7,03036000,-0.5443139891126072
TR-fixedKappa,Persistence,7,03047000,-0.6334978241069065
TR-fixedKappa,Persistence,7,03077500,-0.3670644023201898
TR-fixedKappa,Persistence,7,03105500,-0.665606039622356
TR-fixedKappa,Persistence,7,03106000,-0.8633555460638243
TR-fixedKappa,Persistence,7,03301900,-0.5609670067464965
TR-fixedKappa,Persistence,7,03353200,-0.7981685546413746
TR-fixedKappa,Persistence,7,03456991,-0.605198978014095
TR-fixedKappa,Persistence,7,04027000,-0.7985311433827773
TR-fixedKappa,Persistence,7,04043238,-0.676903372133294
TR-fixedKappa,Persistence,7,04043244,-0.6309392439153128
TR-fixedKappa,Persistence,7,04067500,-0.6835046342277049
TR-fixedKappa,Persistence,7,04077630,-0.7991279623470289
TR-fixedKappa,Persistence,7,04124200,-0.43869264803880004
TR-fixedKappa,Persistence,7,04125460,-0.5772132945886694
TR-fixedKappa,Persistence,7,04137005,-0.5222680237419206
TR-fixedKappa,Persistence,7,04176500,-0.65577321492528
TR-fixedKappa,Persistence,7,04208000,-0.7746285421344998
TR-fixedKappa,Persistence,7,05054000,-0.6667316466446915
TR-fixedKappa,Persistence,7,05057000,-0.746880226800672
TR-fixedKappa,Persistence,7,05289800,-0.7551357769513984
TR-fixedKappa,Persistence,7,05331833,-0.6496875475708044
TR-fixedKappa,Persistence,7,05370000,-0.553420470459628
TR-fixedKappa,Persistence,7,05382255,-0.5538460011825981
TR-fixedKappa,Persistence,7,05382257,-0.6958174112390856
TR-fixedKappa,Persistence,7,05406457,-0.3261182135296017
TR-fixedKappa,Persistence,7,05458300,-0.8342347129686396
TR-fixedKappa,Persistence,7,05517000,-0.7478566861402163
TR-fixedKappa,Persistence,7,06036805,-0.5056562310952843
TR-fixedKappa,Persistence,7,06036905,-0.5647005342081655
TR-fixedKappa,Persistence,7,06036940,-0.2891854544127703
TR-fixedKappa,Persistence,7,06041000,-0.5147782412841886
TR-fixedKappa,Persistence,7,06623800,-0.47649051227490524
TR-fixedKappa,Persistence,7,06894000,-0.8137393626850251
TR-fixedKappa,Persistence,7,06934500,-0.6242275407618216
TR-fixedKappa,Persistence,7,07106000,-0.6884457518748823
TR-fixedKappa,Persistence,7,07178200,-0.5675671825383164
TR-fixedKappa,Persistence,7,07194880,-0.4283206471227847
TR-fixedKappa,Persistence,7,07332622,-0.855718308929875
TR-fixedKappa,Persistence,7,08048000,-0.538496848937716
TR-fixedKappa,Persistence,7,08052700,-1.0282260133154297
TR-fixedKappa,Persistence,7,08065350,-0.6099379403982259
TR-fixedKappa,Persistence,7,08070200,-0.6915914735098712
TR-fixedKappa,Persistence,7,08123850,-0.8722808754959752
TR-fixedKappa,Persistence,7,09136100,-0.40611920647785404
TR-fixedKappa,Persistence,7,09144250,-0.3990737849423074
TR-fixedKappa,Persistence,7,09149500,-0.47414614223099516
TR-fixedKappa,Persistence,7,09163500,-0.5694862438205659
TR-fixedKappa,Persistence,7,09180000,-0.59438516714506
TR-fixedKappa,Persistence,7,09261000,-0.6153835675348465
TR-fixedKappa,Persistence,7,09302000,-0.6055810031468505
TR-fixedKappa,Persistence,7,09380000,0.09672967817094058
TR-fixedKappa,Persistence,7,10129900,-0.3929431916092465
TR-fixedKappa,Persistence,7,10301500,-0.6339586453554593
TR-fixedKappa,Persistence,7,10351600,-0.5205116667242882
TR-fixedKappa,Persistence,7,11262900,-0.6174021244408616
TR-fixedKappa,Persistence,7,11467000,-0.3320055875283874
TR-fixedKappa,Persistence,7,11507500,-0.5815484216468771
TR-fixedKappa,Persistence,7,12056500,-0.21843909789354266
TR-fixedKappa,Persistence,7,12115000,-0.14525247058037227
TR-fixedKappa,Persistence,7,12117600,-0.1767154464134726
TR-fixedKappa,Persistence,7,12210700,-0.3435515218736356
TR-fixedKappa,Persistence,7,12212050,-0.28905192548584435
TR-fixedKappa,Persistence,7,12213100,-0.3459685330652291
TR-fixedKappa,Persistence,7,12363000,-0.3033979678952804
TR-fixedKappa,Persistence,7,12398600,-0.4730444852274238
TR-fixedKappa,Persistence,7,13018350,-0.5383189307478806
TR-fixedKappa,Persistence,7,13154500,-0.2603302035729168
TR-fixedKappa,Persistence,7,13317660,-0.4253098833399258
TR-fixedKappa,Persistence,7,13342500,-0.28368665706902374
TR-fixedKappa,Persistence,7,14091500,-0.20903775835034866
TR-fixedKappa,Persistence,7,14150800,-0.501571565379388
TR-fixedKappa,Persistence,7,14151000,-0.16209512490822786
TR-fixedKappa,Persistence,7,14152000,-0.19675697051662444
TR-fixedKappa,Persistence,7,14153500,-0.23773720176942403
TR-fixedKappa,Persistence,7,14154500,-0.46365739188251776
TR-fixedKappa,Persistence,7,14159500,-0.1703023089230209
TR-fixedKappa,Persistence,7,14161500,-0.30567861894207304
TR-fixedKappa,Persistence,7,14179000,-0.2601836724728972
TR-fixedKappa,Persistence,7,14185000,-0.4260888492989965
TR-fixedKappa,Persistence,7,14210000,-0.32983133739061876
TR-fixedKappa,Persistence,7,14211499,-0.522503009242755
TR-fixedKappa,Persistence,7,14211500,-0.5906393396652141
TR-fixedKappa,Persistence,7,14320934,-0.35126126742350494
TR-fixedKappa,Persistence,7,255534081324000,-0.7422063517734525
TR-fixedKappa,DampedPersistence,1,01073319,-0.21020236803173264
TR-fixedKappa,DampedPersistence,1,01104415,-0.13244238796415353
TR-fixedKappa,DampedPersistence,1,01104455,-0.08932651090356758
TR-fixedKappa,DampedPersistence,1,01104475,-0.1302461372712721
TR-fixedKappa,DampedPersistence,1,01129500,-0.1998026105130779
TR-fixedKappa,DampedPersistence,1,01400500,-0.2917998627764129
TR-fixedKappa,DampedPersistence,1,01408029,-0.2791803141916912
TR-fixedKappa,DampedPersistence,1,01425000,0.023804027429162378
TR-fixedKappa,DampedPersistence,1,01426500,-0.03517579348948929
TR-fixedKappa,DampedPersistence,1,01427207,-0.23102578897962178
TR-fixedKappa,DampedPersistence,1,01428500,-0.24011820479811807
TR-fixedKappa,DampedPersistence,1,01463500,-0.21571135279987025
TR-fixedKappa,DampedPersistence,1,01480617,-0.2086196354293467
TR-fixedKappa,DampedPersistence,1,01540500,-0.16003400364398868
TR-fixedKappa,DampedPersistence,1,01542500,-0.23574768495172072
TR-fixedKappa,DampedPersistence,1,01549700,-0.2442499396395702
TR-fixedKappa,DampedPersistence,1,02110701,-0.30215810328788273
TR-fixedKappa,DampedPersistence,1,02176930,-0.1832929799377998
TR-fixedKappa,DampedPersistence,1,02266300,-0.22362742060934349
TR-fixedKappa,DampedPersistence,1,02330450,-0.14883767751922072
TR-fixedKappa,DampedPersistence,1,02334430,0.08368961789416027
TR-fixedKappa,DampedPersistence,1,02334885,-0.3017629995645186
TR-fixedKappa,DampedPersistence,1,02336120,-0.28450021621794563
TR-fixedKappa,DampedPersistence,1,02336300,-0.2866940725681273
TR-fixedKappa,DampedPersistence,1,02336728,-0.09655951757532932
TR-fixedKappa,DampedPersistence,1,02397000,-0.19871155083179032
TR-fixedKappa,DampedPersistence,1,02455980,-0.22863850300801547
TR-fixedKappa,DampedPersistence,1,02458450,-0.22502799998606215
TR-fixedKappa,DampedPersistence,1,02474560,-0.234968917872309
TR-fixedKappa,DampedPersistence,1,03007800,-0.27741113193063793
TR-fixedKappa,DampedPersistence,1,03034000,-0.2764990229231311
TR-fixedKappa,DampedPersistence,1,03036000,0.011163218153277366
TR-fixedKappa,DampedPersistence,1,03047000,-0.04642490514834263
TR-fixedKappa,DampedPersistence,1,03077500,0.05129654181944826
TR-fixedKappa,DampedPersistence,1,03105500,-0.2656032383838923
TR-fixedKappa,DampedPersistence,1,03106000,-0.3189143046713484
TR-fixedKappa,DampedPersistence,1,03301900,-0.22390219445292225
TR-fixedKappa,DampedPersistence,1,03353200,-0.30378917397128147
TR-fixedKappa,DampedPersistence,1,03456991,-0.19992785362233367
TR-fixedKappa,DampedPersistence,1,04027000,-0.2403285515344723
TR-fixedKappa,DampedPersistence,1,04043238,-0.13076576982055155
TR-fixedKappa,DampedPersistence,1,04043244,-0.13130230639210083
TR-fixedKappa,DampedPersistence,1,04067500,-0.1476974801062106
TR-fixedKappa,DampedPersistence,1,04077630,-0.1786100915616814
TR-fixedKappa,DampedPersistence,1,04124200,0.08243913978197384
TR-fixedKappa,DampedPersistence,1,04125460,-0.2029519047551478
TR-fixedKappa,DampedPersistence,1,04137005,-0.012347873948474974
TR-fixedKappa,DampedPersistence,1,04176500,-0.19053489509567956
TR-fixedKappa,DampedPersistence,1,04208000,-0.29262205797691954
TR-fixedKappa,DampedPersistence,1,05054000,-0.03962171135130227
TR-fixedKappa,DampedPersistence,1,05057000,-0.19284174292832246
TR-fixedKappa,DampedPersistence,1,05289800,-0.11365639605534039
TR-fixedKappa,DampedPersistence,1,05331833,-0.11410936186275156
TR-fixedKappa,DampedPersistence,1,05370000,0.005216685720110081
TR-fixedKappa,DampedPersistence,1,05382255,-0.046542977998927815
TR-fixedKappa,DampedPersistence,1,05382257,-0.021039803571567317
TR-fixedKappa,DampedPersistence,1,05406457,0.0006204865269568982
TR-fixedKappa,DampedPersistence,1,05458300,-0.25341218887888817
TR-fixedKappa,DampedPersistence,1,05517000,-0.2609305903714765
TR-fixedKappa,DampedPersistence,1,06036805,-0.08273360592887613
TR-fixedKappa,DampedPersistence,1,06036905,-0.09457888055045705
TR-fixedKappa,DampedPersistence,1,06036940,-0.028320519697750735
TR-fixedKappa,DampedPersistence,1,06041000,-0.08939003721854111
TR-fixedKappa,DampedPersistence,1,06623800,0.001236948064719523
TR-fixedKappa,DampedPersistence,1,06894000,-0.2965663019946959
TR-fixedKappa,DampedPersistence,1,06934500,-0.12993997086314812
TR-fixedKappa,DampedPersistence,1,07106000,-0.05128403696967965
TR-fixedKappa,DampedPersistence,1,07178200,-0.19841834274793746
TR-fixedKappa,DampedPersistence,1,07194880,-0.062289035998548625
TR-fixedKappa,DampedPersistence,1,07332622,-0.2183756476972668
TR-fixedKappa,DampedPersistence,1,08048000,-0.15472128445283895
TR-fixedKappa,DampedPersistence,1,08052700,-0.25334623699007586
TR-fixedKappa,DampedPersistence,1,08065350,-0.19223881087031086
TR-fixedKappa,DampedPersistence,1,08070200,-0.20568308171442373
TR-fixedKappa,DampedPersistence,1,08123850,-0.2877923746323442
TR-fixedKappa,DampedPersistence,1,09136100,-0.07591104291752582
TR-fixedKappa,DampedPersistence,1,09144250,-0.09461104766864814
TR-fixedKappa,DampedPersistence,1,09149500,-0.09960011433587002
TR-fixedKappa,DampedPersistence,1,09163500,-0.1310722222595287
TR-fixedKappa,DampedPersistence,1,09180000,-0.10904752996506628
TR-fixedKappa,DampedPersistence,1,09261000,-0.12327789748998852
TR-fixedKappa,DampedPersistence,1,09302000,-0.07936495469571736
TR-fixedKappa,DampedPersistence,1,09380000,0.006577760955116696
TR-fixedKappa,DampedPersistence,1,10129900,-0.04894294070025851
TR-fixedKappa,DampedPersistence,1,10301500,-0.12240087844714098
TR-fixedKappa,DampedPersistence,1,10351600,-0.21169967745425777
TR-fixedKappa,DampedPersistence,1,11262900,-0.14279574453015909
TR-fixedKappa,DampedPersistence,1,11467000,-0.09074619682965779
TR-fixedKappa,DampedPersistence,1,11507500,-0.201994220061969
TR-fixedKappa,DampedPersistence,1,12056500,-0.04866049326812
TR-fixedKappa,DampedPersistence,1,12115000,0.013662861228618595
TR-fixedKappa,DampedPersistence,1,12117600,0.003959071986932239
TR-fixedKappa,DampedPersistence,1,12210700,-0.06042514687862832
TR-fixedKappa,DampedPersistence,1,12212050,-0.06742173834505372
TR-fixedKappa,DampedPersistence,1,12213100,-0.14053479094828292
TR-fixedKappa,DampedPersistence,1,12363000,-0.07351456283089003
TR-fixedKappa,DampedPersistence,1,12398600,0.012586260552220896
TR-fixedKappa,DampedPersistence,1,13018350,-0.0976973688332099
TR-fixedKappa,DampedPersistence,1,13154500,-0.02793549744231244
TR-fixedKappa,DampedPersistence,1,13317660,-0.053409243763808206
TR-fixedKappa,DampedPersistence,1,13342500,-0.06032455230480016
TR-fixedKappa,DampedPersistence,1,14091500,-0.049796044346306856
TR-fixedKappa,DampedPersistence,1,14150800,-0.14786268835313954
TR-fixedKappa,DampedPersistence,1,14151000,-0.011634242026146713
TR-fixedKappa,DampedPersistence,1,14152000,-0.017170494512694034
TR-fixedKappa,DampedPersistence,1,14153500,0.0034172197517848835
TR-fixedKappa,DampedPersistence,1,14154500,-0.17120076051754884
TR-fixedKappa,DampedPersistence,1,14159500,0.023126558859252466
TR-fixedKappa,DampedPersistence,1,14161500,-0.049053017573300106
TR-fixedKappa,DampedPersistence,1,14179000,-0.057280788097904156
TR-fixedKappa,DampedPersistence,1,14185000,-0.12069412903469467
TR-fixedKappa,DampedPersistence,1,14210000,-0.032254046187595975
TR-fixedKappa,DampedPersistence,1,14211499,-0.14503308681516358
TR-fixedKappa,DampedPersistence,1,14211500,-0.18484801011057272
TR-fixedKappa,DampedPersistence,1,14320934,-0.13275644353255794
TR-fixedKappa,DampedPersistence,1,255534081324000,-0.17451753078167798
TR-fixedKappa,DampedPersistence,3,01073319,-0.15384295434766537
TR-fixedKappa,DampedPersistence,3,01104415,-0.08304769343783391
TR-fixedKappa,DampedPersistence,3,01104455,-0.06368688908335374
TR-fixedKappa,DampedPersistence,3,01104475,-0.07836855691745548
TR-fixedKappa,DampedPersistence,3,01129500,-0.15427616019422263
TR-fixedKappa,DampedPersistence,3,01400500,-0.16584300343321878
TR-fixedKappa,DampedPersistence,3,01408029,-0.164654730122622
TR-fixedKappa,DampedPersistence,3,01425000,0.04628866808030818
TR-fixedKappa,DampedPersistence,3,01426500,-0.04859423326242163
TR-fixedKappa,DampedPersistence,3,01427207,-0.16883757518553333
TR-fixedKappa,DampedPersistence,3,01428500,-0.2066130994274793
TR-fixedKappa,DampedPersistence,3,01463500,-0.2136482071478376
TR-fixedKappa,DampedPersistence,3,01480617,-0.12996010486607745
TR-fixedKappa,DampedPersistence,3,01540500,-0.2041721595836974
TR-fixedKappa,DampedPersistence,3,01542500,-0.1548880754219586
TR-fixedKappa,DampedPersistence,3,01549700,-0.21933422514751255
TR-fixedKappa,DampedPersistence,3,02110701,-0.20845491950769657
TR-fixedKappa,DampedPersistence,3,02176930,-0.17406354845735383
TR-fixedKappa,DampedPersistence,3,02266300,-0.12802113510318414
TR-fixedKappa,DampedPersistence,3,02330450,-0.13337879146217757
TR-fixedKappa,DampedPersistence,3,02334430,0.04859662879275506
TR-fixedKappa,DampedPersistence,3,02334885,-0.2142389292866771
TR-fixedKappa,DampedPersistence,3,02336120,-0.17658301085817207
TR-fixedKappa,DampedPersistence,3,02336300,-0.17981687352014686
TR-fixedKappa,DampedPersistence,3,02336728,-0.03832508435402304
TR-fixedKappa,DampedPersistence,3,02397000,-0.21840797934263412
TR-fixedKappa,DampedPersistence,3,02455980,-0.12506637413127053
TR-fixedKappa,DampedPersistence,3,02458450,-0.13580743867076084
TR-fixedKappa,DampedPersistence,3,02474560,-0.1782489106488292
TR-fixedKappa,DampedPersistence,3,03007800,-0.196492948223004
TR-fixedKappa,DampedPersistence,3,03034000,-0.1907799461978592
TR-fixedKappa,DampedPersistence,3,03036000,-0.1329251167362634
TR-fixedKappa,DampedPersistence,3,03047000,-0.24406758106781123
TR-fixedKappa,DampedPersistence,3,03077500,0.034931780333666396
TR-fixedKappa,DampedPersistence,3,03105500,-0.2191100630391012
TR-fixedKappa,DampedPersistence,3,03106000,-0.23405520351396691
TR-fixedKappa,DampedPersistence,3,03301900,-0.13472771310026643
TR-fixedKappa,DampedPersistence,3,03353200,-0.1843617246730409
TR-fixedKappa,DampedPersistence,3,03456991,-0.15492226706966195
TR-fixedKappa,DampedPersistence,3,04027000,-0.13073179680746705
TR-fixedKappa,DampedPersistence,3,04043238,-0.07284678040507342
TR-fixedKappa,DampedPersistence,3,04043244,-0.06798050049883653
TR-fixedKappa,DampedPersistence,3,04067500,-0.07811848131459476
TR-fixedKappa,DampedPersistence,3,04077630,-0.12457466723609767
TR-fixedKappa,DampedPersistence,3,04124200,0.04515537894114935
TR-fixedKappa,DampedPersistence,3,04125460,-0.11890587426064347
TR-fixedKappa,DampedPersistence,3,04137005,-0.08131245908662776
TR-fixedKappa,DampedPersistence,3,04176500,-0.17392213768542053
TR-fixedKappa,DampedPersistence,3,04208000,-0.19291651734333404
TR-fixedKappa,DampedPersistence,3,05054000,-0.05584113990471573
TR-fixedKappa,DampedPersistence,3,05057000,-0.1159942476582081
TR-fixedKappa,DampedPersistence,3,05289800,-0.07689543396759668
TR-fixedKappa,DampedPersistence,3,05331833,-0.06623002590998883
TR-fixedKappa,DampedPersistence,3,05370000,-0.0006758517288594224
TR-fixedKappa,DampedPersistence,3,05382255,-0.04134169913808661
TR-fixedKappa,DampedPersistence,3,05382257,-0.03663069599804114
TR-fixedKappa,DampedPersistence,3,05406457,-0.021269762997071062
TR-fixedKappa,DampedPersistence,3,05458300,-0.1736571646617051
TR-fixedKappa,DampedPersistence,3,05517000,-0.16456292275423534
TR-fixedKappa,DampedPersistence,3,06036805,-0.08307336706432733
TR-fixedKappa,DampedPersistence,3,06036905,-0.07103530295958138
TR-fixedKappa,DampedPersistence,3,06036940,-0.05830202071666646
TR-fixedKappa,DampedPersistence,3,06041000,-0.11112236513696616
TR-fixedKappa,DampedPersistence,3,06623800,-0.003343376061170633
TR-fixedKappa,DampedPersistence,3,06894000,-0.23091223621074097
TR-fixedKappa,DampedPersistence,3,06934500,-0.14354365008592063
TR-fixedKappa,DampedPersistence,3,07106000,0.00410720800279285
TR-fixedKappa,DampedPersistence,3,07178200,-0.12015787952132717
TR-fixedKappa,DampedPersistence,3,07194880,-0.06270531169388804
TR-fixedKappa,DampedPersistence,3,07332622,-0.131945504062714
TR-fixedKappa,DampedPersistence,3,08048000,-0.09687910985882087
TR-fixedKappa,DampedPersistence,3,08052700,-0.13660490598965502
TR-fixedKappa,DampedPersistence,3,08065350,-0.1794111355226371
TR-fixedKappa,DampedPersistence,3,08070200,-0.1727435926264187
TR-fixedKappa,DampedPersistence,3,08123850,-0.12224553443705855
TR-fixedKappa,DampedPersistence,3,09136100,-0.10584946552352714
TR-fixedKappa,DampedPersistence,3,09144250,-0.11677303324368205
TR-fixedKappa,DampedPersistence,3,09149500,-0.10759638882740119
TR-fixedKappa,DampedPersistence,3,09163500,-0.16398714733967412
TR-fixedKappa,DampedPersistence,3,09180000,-0.15423388417307815
TR-fixedKappa,DampedPersistence,3,09261000,-0.15770830071512099
TR-fixedKappa,DampedPersistence,3,09302000,-0.1213057864321998
TR-fixedKappa,DampedPersistence,3,09380000,-0.021456893702767932
TR-fixedKappa,DampedPersistence,3,10129900,-0.052385891213641234
TR-fixedKappa,DampedPersistence,3,10301500,-0.09103525764426168
TR-fixedKappa,DampedPersistence,3,10351600,-0.1901721655308901
TR-fixedKappa,DampedPersistence,3,11262900,-0.10707250453583805
TR-fixedKappa,DampedPersistence,3,11467000,-0.08672296542421865
TR-fixedKappa,DampedPersistence,3,11507500,-0.15630880453240525
TR-fixedKappa,DampedPersistence,3,12056500,-0.040993907662794316
TR-fixedKappa,DampedPersistence,3,12115000,0.032213846311670236
TR-fixedKappa,DampedPersistence,3,12117600,-0.0020628814395976525
TR-fixedKappa,DampedPersistence,3,12210700,-0.050390713486799354
TR-fixedKappa,DampedPersistence,3,12212050,-0.05147129621760094
TR-fixedKappa,DampedPersistence,3,12213100,-0.09316510528550048
TR-fixedKappa,DampedPersistence,3,12363000,-0.04670564823403289
TR-fixedKappa,DampedPersistence,3,12398600,-0.04306084501810392
TR-fixedKappa,DampedPersistence,3,13018350,-0.08152834318943869
TR-fixedKappa,DampedPersistence,3,13154500,-0.12168336805852764
TR-fixedKappa,DampedPersistence,3,13317660,-0.05227568515025138
TR-fixedKappa,DampedPersistence,3,13342500,-0.033483461382861734
TR-fixedKappa,DampedPersistence,3,14091500,0.0015201850601479494
TR-fixedKappa,DampedPersistence,3,14150800,-0.12010906017059897
TR-fixedKappa,DampedPersistence,3,14151000,-0.0226441069095209
TR-fixedKappa,DampedPersistence,3,14152000,-0.025688007550799363
TR-fixedKappa,DampedPersistence,3,14153500,-0.05711651749100444
TR-fixedKappa,DampedPersistence,3,14154500,-0.1545696326265784
TR-fixedKappa,DampedPersistence,3,14159500,0.007514403199572861
TR-fixedKappa,DampedPersistence,3,14161500,-0.04143910319899924
TR-fixedKappa,DampedPersistence,3,14179000,-0.04358571414474621
TR-fixedKappa,DampedPersistence,3,14185000,-0.09947263995713373
TR-fixedKappa,DampedPersistence,3,14210000,-0.11520443986223261
TR-fixedKappa,DampedPersistence,3,14211499,-0.06966184549647991
TR-fixedKappa,DampedPersistence,3,14211500,-0.10837509348555341
TR-fixedKappa,DampedPersistence,3,14320934,-0.082372235955805
TR-fixedKappa,DampedPersistence,3,255534081324000,-0.1381744597960579
TR-fixedKappa,DampedPersistence,7,01073319,-0.10406326606900351
TR-fixedKappa,DampedPersistence,7,01104415,-0.056185091142730625
TR-fixedKappa,DampedPersistence,7,01104455,-0.054296568532525624
TR-fixedKappa,DampedPersistence,7,01104475,-0.07128941773042485
TR-fixedKappa,DampedPersistence,7,01129500,-0.1022492821582981
TR-fixedKappa,DampedPersistence,7,01400500,-0.05923080840126049
TR-fixedKappa,DampedPersistence,7,01408029,-0.07672418729601116
TR-fixedKappa,DampedPersistence,7,01425000,0.057382586064019914
TR-fixedKappa,DampedPersistence,7,01426500,-0.03657572961952704
TR-fixedKappa,DampedPersistence,7,01427207,-0.05948200957909666
TR-fixedKappa,DampedPersistence,7,01428500,-0.12060656741299836
TR-fixedKappa,DampedPersistence,7,01463500,-0.12360893721870636
TR-fixedKappa,DampedPersistence,7,01480617,-0.03276097802436606
TR-fixedKappa,DampedPersistence,7,01540500,-0.1489687555285628
TR-fixedKappa,DampedPersistence,7,01542500,-0.04676545947314503
TR-fixedKappa,DampedPersistence,7,01549700,-0.12287004624148246
TR-fixedKappa,DampedPersistence,7,02110701,-0.07531895726342475
TR-fixedKappa,DampedPersistence,7,02176930,-0.06948615629050403
TR-fixedKappa,DampedPersistence,7,02266300,-0.09007886218378824
TR-fixedKappa,DampedPersistence,7,02330450,-0.052033770062689166
TR-fixedKappa,DampedPersistence,7,02334430,-0.18494259815180158
TR-fixedKappa,DampedPersistence,7,02334885,-0.08506945132574861
TR-fixedKappa,DampedPersistence,7,02336120,-0.06271993435138334
TR-fixedKappa,DampedPersistence,7,02336300,-0.0764553245442885
TR-fixedKappa,DampedPersistence,7,02336728,-0.11567987005488511
TR-fixedKappa,DampedPersistence,7,02397000,-0.12254161760066196
TR-fixedKappa,DampedPersistence,7,02455980,-0.030547442112752732
TR-fixedKappa,DampedPersistence,7,02458450,-0.05796970837912796
TR-fixedKappa,DampedPersistence,7,02474560,-0.10726023945857754
TR-fixedKappa,DampedPersistence,7,03007800,-0.09304858164375274
TR-fixedKappa,DampedPersistence,7,03034000,-0.10908362221803714
TR-fixedKappa,DampedPersistence,7,03036000,-0.11291336757614534
TR-fixedKappa,DampedPersistence,7,03047000,-0.17507711592121766
TR-fixedKappa,DampedPersistence,7,03077500,0.0003507653736263272
TR-fixedKappa,DampedPersistence,7,03105500,-0.09220132657575597
TR-fixedKappa,DampedPersistence,7,03106000,-0.11443157048870978
TR-fixedKappa,DampedPersistence,7,03301900,-0.02750183403350759
TR-fixedKappa,DampedPersistence,7,03353200,-0.07024802183729228
TR-fixedKappa,DampedPersistence,7,03456991,-0.05963739888790598
TR-fixedKappa,DampedPersistence,7,04027000,-0.09791173693690425
TR-fixedKappa,DampedPersistence,7,04043238,-0.045451989751206456
TR-fixedKappa,DampedPersistence,7,04043244,-0.044262228497278455
TR-fixedKappa,DampedPersistence,7,04067500,-0.11327400853184266
TR-fixedKappa,DampedPersistence,7,04077630,-0.1003835692184567
TR-fixedKappa,DampedPersistence,7,04124200,-0.024502764877676664
TR-fixedKappa,DampedPersistence,7,04125460,-0.06236105460330488
TR-fixedKappa,DampedPersistence,7,04137005,-0.10201250234095993
TR-fixedKappa,DampedPersistence,7,04176500,-0.1301932318035599
TR-fixedKappa,DampedPersistence,7,04208000,-0.09217109316482341
TR-fixedKappa,DampedPersistence,7,05054000,-0.09937804062469313
TR-fixedKappa,DampedPersistence,7,05057000,-0.08841438992538375
TR-fixedKappa,DampedPersistence,7,05289800,-0.11717098186466846
TR-fixedKappa,DampedPersistence,7,05331833,-0.044379786679532796
TR-fixedKappa,DampedPersistence,7,05370000,-0.057399398325083784
TR-fixedKappa,DampedPersistence,7,05382255,-0.02010682705926059
TR-fixedKappa,DampedPersistence,7,05382257,-0.037301654428361086
TR-fixedKappa,DampedPersistence,7,05406457,-0.019982173587682617
TR-fixedKappa,DampedPersistence,7,05458300,-0.1696642734155045
TR-fixedKappa,DampedPersistence,7,05517000,-0.07840924963312057
TR-fixedKappa,DampedPersistence,7,06036805,-0.087493005610086
TR-fixedKappa,DampedPersistence,7,06036905,-0.05459804943712898
TR-fixedKappa,DampedPersistence,7,06036940,-0.11707108373142638
TR-fixedKappa,DampedPersistence,7,06041000,-0.06973851581346935
TR-fixedKappa,DampedPersistence,7,06623800,0.01681452094325786
TR-fixedKappa,DampedPersistence,7,06894000,-0.1299239938157295
TR-fixedKappa,DampedPersistence,7,06934500,-0.1432833605766597
TR-fixedKappa,DampedPersistence,7,07106000,0.018662408948301623
TR-fixedKappa,DampedPersistence,7,07178200,-0.0747792836912744
TR-fixedKappa,DampedPersistence,7,07194880,-0.002831867467683269
TR-fixedKappa,DampedPersistence,7,07332622,-0.0838276690484232
TR-fixedKappa,DampedPersistence,7,08048000,-0.08185924621261886
TR-fixedKappa,DampedPersistence,7,08052700,-0.050635060746757166
TR-fixedKappa,DampedPersistence,7,08065350,-0.15788483455063718
TR-fixedKappa,DampedPersistence,7,08070200,-0.10984001899301754
TR-fixedKappa,DampedPersistence,7,08123850,-0.023531639739530874
TR-fixedKappa,DampedPersistence,7,09136100,-0.10254481262659376
TR-fixedKappa,DampedPersistence,7,09144250,-0.08226561443337244
TR-fixedKappa,DampedPersistence,7,09149500,-0.054543380380166706
TR-fixedKappa,DampedPersistence,7,09163500,-0.12803281230277785
TR-fixedKappa,DampedPersistence,7,09180000,-0.12413047414614864
TR-fixedKappa,DampedPersistence,7,09261000,-0.11339600062206467
TR-fixedKappa,DampedPersistence,7,09302000,-0.1289738466125374
TR-fixedKappa,DampedPersistence,7,09380000,-0.08461435274304474
TR-fixedKappa,DampedPersistence,7,10129900,-0.037093440507514286
TR-fixedKappa,DampedPersistence,7,10301500,-0.03846065020744005
TR-fixedKappa,DampedPersistence,7,10351600,-0.12039496147001683
TR-fixedKappa,DampedPersistence,7,11262900,-0.07511767690059834
TR-fixedKappa,DampedPersistence,7,11467000,-0.04131555304480794
TR-fixedKappa,DampedPersistence,7,11507500,-0.10428824780697354
TR-fixedKappa,DampedPersistence,7,12056500,-0.026129681443433084
TR-fixedKappa,DampedPersistence,7,12115000,0.004165968483487048
TR-fixedKappa,DampedPersistence,7,12117600,-0.013993884832411152
TR-fixedKappa,DampedPersistence,7,12210700,-0.021329517687245225
TR-fixedKappa,DampedPersistence,7,12212050,-0.01306081102347778
TR-fixedKappa,DampedPersistence,7,12213100,-0.042367050254158434
TR-fixedKappa,DampedPersistence,7,12363000,-0.04753027888331285
TR-fixedKappa,DampedPersistence,7,12398600,-0.0703824045651611
TR-fixedKappa,DampedPersistence,7,13018350,-0.03299008083815114
TR-fixedKappa,DampedPersistence,7,13154500,-0.07549720794401804
TR-fixedKappa,DampedPersistence,7,13317660,-0.01096357400444592
TR-fixedKappa,DampedPersistence,7,13342500,-0.010715710941949341
TR-fixedKappa,DampedPersistence,7,14091500,0.012794961686688922
TR-fixedKappa,DampedPersistence,7,14150800,-0.11525187838858608
TR-fixedKappa,DampedPersistence,7,14151000,-0.025275594465385742
TR-fixedKappa,DampedPersistence,7,14152000,-0.026791038956192503
TR-fixedKappa,DampedPersistence,7,14153500,-0.0526718639316226
TR-fixedKappa,DampedPersistence,7,14154500,-0.1315863295307198
TR-fixedKappa,DampedPersistence,7,14159500,-0.004176501499426499
TR-fixedKappa,DampedPersistence,7,14161500,-0.05583793702743445
TR-fixedKappa,DampedPersistence,7,14179000,-0.07330545790062915
TR-fixedKappa,DampedPersistence,7,14185000,-0.08702282214596346
TR-fixedKappa,DampedPersistence,7,14210000,-0.08470911911187584
TR-fixedKappa,DampedPersistence,7,14211499,-0.06107369880081981
TR-fixedKappa,DampedPersistence,7,14211500,-0.08497461811092832
TR-fixedKappa,DampedPersistence,7,14320934,-0.08547671283910385
TR-fixedKappa,DampedPersistence,7,255534081324000,-0.11517724298076315
TR-fixedKappa,Climatology,1,01073319,-1.2430584793239574
TR-fixedKappa,Climatology,1,01104415,-0.8009476109451857
TR-fixedKappa,Climatology,1,01104455,-1.0256988320606246
TR-fixedKappa,Climatology,1,01104475,-1.1468559174315665
TR-fixedKappa,Climatology,1,01129500,-1.143413579510964
TR-fixedKappa,Climatology,1,01400500,-1.4893849502574315
TR-fixedKappa,Climatology,1,01408029,-1.2374322713368353
TR-fixedKappa,Climatology,1,01425000,-0.9585024397666859
TR-fixedKappa,Climatology,1,01426500,-0.8255599523949703
TR-fixedKappa,Climatology,1,01427207,-1.1955571786471741
TR-fixedKappa,Climatology,1,01428500,-1.520893573379071
TR-fixedKappa,Climatology,1,01463500,-1.4053988925510403
TR-fixedKappa,Climatology,1,01480617,-1.211034394622489
TR-fixedKappa,Climatology,1,01540500,-1.4659187771935944
TR-fixedKappa,Climatology,1,01542500,-1.4785224594011308
TR-fixedKappa,Climatology,1,01549700,-1.5797078070693482
TR-fixedKappa,Climatology,1,02110701,-1.570720819067534
TR-fixedKappa,Climatology,1,02176930,-1.324491991133705
TR-fixedKappa,Climatology,1,02266300,-1.4112349961232162
TR-fixedKappa,Climatology,1,02330450,-1.085299053452305
TR-fixedKappa,Climatology,1,02334430,-1.4263809101981577
TR-fixedKappa,Climatology,1,02334885,-1.5129422413327047
TR-fixedKappa,Climatology,1,02336120,-1.4461550656721656
TR-fixedKappa,Climatology,1,02336300,-1.4852616375702559
TR-fixedKappa,Climatology,1,02336728,-2.60313304550708
TR-fixedKappa,Climatology,1,02397000,-1.2375845646338612
TR-fixedKappa,Climatology,1,02455980,-1.055708830125503
TR-fixedKappa,Climatology,1,02458450,-1.2447397957847026
TR-fixedKappa,Climatology,1,02474560,-2.0173761472473064
TR-fixedKappa,Climatology,1,03007800,-1.5010449637652572
TR-fixedKappa,Climatology,1,03034000,-1.4856057999582428
TR-fixedKappa,Climatology,1,03036000,-1.1721101629463493
TR-fixedKappa,Climatology,1,03047000,-1.3249919916698687
TR-fixedKappa,Climatology,1,03077500,-1.114173365071034
TR-fixedKappa,Climatology,1,03105500,-1.6582913349131028
TR-fixedKappa,Climatology,1,03106000,-1.630782936047301
TR-fixedKappa,Climatology,1,03301900,-1.3302271661791676
TR-fixedKappa,Climatology,1,03353200,-1.493541151966885
TR-fixedKappa,Climatology,1,03456991,-1.2441847306915657
TR-fixedKappa,Climatology,1,04027000,-1.4783896827931509
TR-fixedKappa,Climatology,1,04043238,-0.9845511335698683
TR-fixedKappa,Climatology,1,04043244,-0.9010140788874066
TR-fixedKappa,Climatology,1,04067500,-1.3271274672104
TR-fixedKappa,Climatology,1,04077630,-1.1908758444314134
TR-fixedKappa,Climatology,1,04124200,-0.8223003700533023
TR-fixedKappa,Climatology,1,04125460,-1.0550376082159936
TR-fixedKappa,Climatology,1,04137005,-1.10406598822864
TR-fixedKappa,Climatology,1,04176500,-1.517319441099519
TR-fixedKappa,Climatology,1,04208000,-1.4601468696141167
TR-fixedKappa,Climatology,1,05054000,-1.64892524159571
TR-fixedKappa,Climatology,1,05057000,-1.6079574626857385
TR-fixedKappa,Climatology,1,05289800,-1.38883596146501
TR-fixedKappa,Climatology,1,05331833,-1.0236730407162065
TR-fixedKappa,Climatology,1,05370000,-0.9237334136818484
TR-fixedKappa,Climatology,1,05382255,-0.7793030560442977
TR-fixedKappa,Climatology,1,05382257,-0.6086428307883542
TR-fixedKappa,Climatology,1,05406457,-0.5663959857362765
TR-fixedKappa,Climatology,1,05458300,-1.705051807632831
TR-fixedKappa,Climatology,1,05517000,-1.6354854365475184
TR-fixedKappa,Climatology,1,06036805,-0.8599337638965706
TR-fixedKappa,Climatology,1,06036905,-1.0483895465702897
TR-fixedKappa,Climatology,1,06036940,-1.2016577155214774
TR-fixedKappa,Climatology,1,06041000,-1.2497619342556576
TR-fixedKappa,Climatology,1,06623800,-0.3546177096532437
TR-fixedKappa,Climatology,1,06894000,-1.613714921571523
TR-fixedKappa,Climatology,1,06934500,-1.4426666752263926
TR-fixedKappa,Climatology,1,07106000,-0.7036590947231818
TR-fixedKappa,Climatology,1,07178200,-1.7155950556625217
TR-fixedKappa,Climatology,1,07194880,-0.6940187361642765
TR-fixedKappa,Climatology,1,07332622,-1.5523026433383764
TR-fixedKappa,Climatology,1,08048000,-1.5508227284905405
TR-fixedKappa,Climatology,1,08052700,-1.5914182009687814
TR-fixedKappa,Climatology,1,08065350,-1.8814638231029333
TR-fixedKappa,Climatology,1,08070200,-1.7953272962517652
TR-fixedKappa,Climatology,1,08123850,-1.5562848489364853
TR-fixedKappa,Climatology,1,09136100,-1.2478532971013654
TR-fixedKappa,Climatology,1,09144250,-1.2491797883754705
TR-fixedKappa,Climatology,1,09149500,-0.7791976872175789
TR-fixedKappa,Climatology,1,09163500,-1.401633289715091
TR-fixedKappa,Climatology,1,09180000,-1.4288992646494982
TR-fixedKappa,Climatology,1,09261000,-1.1211161528345224
TR-fixedKappa,Climatology,1,09302000,-1.4050695231108614
TR-fixedKappa,Climatology,1,09380000,-3.415662148584855
TR-fixedKappa,Climatology,1,10129900,-0.978306097802784
TR-fixedKappa,Climatology,1,10301500,-1.255678352927322
TR-fixedKappa,Climatology,1,10351600,-1.5433297842782965
TR-fixedKappa,Climatology,1,11262900,-0.9533468221043636
TR-fixedKappa,Climatology,1,11467000,-1.098516208470876
TR-fixedKappa,Climatology,1,11507500,-1.548229901829377
TR-fixedKappa,Climatology,1,12056500,-0.6770050960215012
TR-fixedKappa,Climatology,1,12115000,-0.5489510928516355
TR-fixedKappa,Climatology,1,12117600,-0.6629758794512486
TR-fixedKappa,Climatology,1,12210700,-0.7990980797163934
TR-fixedKappa,Climatology,1,12212050,-0.9683534361818793
TR-fixedKappa,Climatology,1,12213100,-1.090357588519707
TR-fixedKappa,Climatology,1,12363000,-0.9628246040747366
TR-fixedKappa,Climatology,1,12398600,-1.480047822158416
TR-fixedKappa,Climatology,1,13018350,-0.8558069878412613
TR-fixedKappa,Climatology,1,13154500,-0.8369197999874177
TR-fixedKappa,Climatology,1,13317660,-0.9166294398074943
TR-fixedKappa,Climatology,1,13342500,-0.9421484406059453
TR-fixedKappa,Climatology,1,14091500,-0.2869344249657717
TR-fixedKappa,Climatology,1,14150800,-1.378245153759381
TR-fixedKappa,Climatology,1,14151000,-2.4175210635370608
TR-fixedKappa,Climatology,1,14152000,-1.1329972175521394
TR-fixedKappa,Climatology,1,14153500,-2.099484454494465
TR-fixedKappa,Climatology,1,14154500,-1.7815838282483374
TR-fixedKappa,Climatology,1,14159500,-0.952313814032829
TR-fixedKappa,Climatology,1,14161500,-0.9839082240123246
TR-fixedKappa,Climatology,1,14179000,-1.028905033366872
TR-fixedKappa,Climatology,1,14185000,-1.2021332676523415
TR-fixedKappa,Climatology,1,14210000,-1.2530420106604896
TR-fixedKappa,Climatology,1,14211499,-1.1640989300725062
TR-fixedKappa,Climatology,1,14211500,-1.3777656000759513
TR-fixedKappa,Climatology,1,14320934,-1.4398312500503818
TR-fixedKappa,Climatology,1,255534081324000,-1.129440162886326
TR-fixedKappa,Climatology,3,01073319,-0.3603288770234889
TR-fixedKappa,Climatology,3,01104415,-0.23853586752504885
TR-fixedKappa,Climatology,3,01104455,-0.4815980934056603
TR-fixedKappa,Climatology,3,01104475,-0.4800779071074035
TR-fixedKappa,Climatology,3,01129500,-0.40066072695753285
TR-fixedKappa,Climatology,3,01400500,-0.49424601837052107
TR-fixedKappa,Climatology,3,01408029,-0.3353138091644774
TR-fixedKappa,Climatology,3,01425000,-0.6356074978630356
TR-fixedKappa,Climatology,3,01426500,-0.4143520865572119
TR-fixedKappa,Climatology,3,01427207,-0.38951893990846265
TR-fixedKappa,Climatology,3,01428500,-0.5947368118675973
TR-fixedKappa,Climatology,3,01463500,-0.6046195527974327
TR-fixedKappa,Climatology,3,01480617,-0.37720620799564575
TR-fixedKappa,Climatology,3,01540500,-0.7541652701919093
TR-fixedKappa,Climatology,3,01542500,-0.5201465037555995
TR-fixedKappa,Climatology,3,01549700,-0.6190767753132504
TR-fixedKappa,Climatology,3,02110701,-0.5405104244519636
TR-fixedKappa,Climatology,3,02176930,-0.51569444573299
TR-fixedKappa,Climatology,3,02266300,-0.5691130090008008
TR-fixedKappa,Climatology,3,02330450,-0.38342733759693703
TR-fixedKappa,Climatology,3,02334430,-1.3233665514177795
TR-fixedKappa,Climatology,3,02334885,-0.5357825162630345
TR-fixedKappa,Climatology,3,02336120,-0.4755537630628339
TR-fixedKappa,Climatology,3,02336300,-0.4867122151000378
TR-fixedKappa,Climatology,3,02336728,-1.764921075812318
TR-fixedKappa,Climatology,3,02397000,-0.5742345863818681
TR-fixedKappa,Climatology,3,02455980,-0.3369310044855305
TR-fixedKappa,Climatology,3,02458450,-0.4832740617008926
TR-fixedKappa,Climatology,3,02474560,-1.0744722470792611
TR-fixedKappa,Climatology,3,03007800,-0.538374652675681
TR-fixedKappa,Climatology,3,03034000,-0.4873996823179705
TR-fixedKappa,Climatology,3,03036000,-0.7603284525094257
TR-fixedKappa,Climatology,3,03047000,-0.719431601128059
TR-fixedKappa,Climatology,3,03077500,-0.939494452993313
TR-fixedKappa,Climatology,3,03105500,-0.7074043149234772
TR-fixedKappa,Climatology,3,03106000,-0.5075701703461675
TR-fixedKappa,Climatology,3,03301900,-0.4785602183647204
TR-fixedKappa,Climatology,3,03353200,-0.41357894317565314
TR-fixedKappa,Climatology,3,03456991,-0.48487689076839846
TR-fixedKappa,Climatology,3,04027000,-0.5300374576450035
TR-fixedKappa,Climatology,3,04043238,-0.3312880484312051
TR-fixedKappa,Climatology,3,04043244,-0.2958245620068478
TR-fixedKappa,Climatology,3,04067500,-0.5750539786767992
TR-fixedKappa,Climatology,3,04077630,-0.3603513992521896
TR-fixedKappa,Climatology,3,04124200,-0.5946282900819801
TR-fixedKappa,Climatology,3,04125460,-0.32941355957201157
TR-fixedKappa,Climatology,3,04137005,-0.6956010214638042
TR-fixedKappa,Climatology,3,04176500,-0.7105905783730597
TR-fixedKappa,Climatology,3,04208000,-0.4894414735713086
TR-fixedKappa,Climatology,3,05054000,-1.1131934451082202
TR-fixedKappa,Climatology,3,05057000,-0.7102408855894653
TR-fixedKappa,Climatology,3,05289800,-0.6079186661278271
TR-fixedKappa,Climatology,3,05331833,-0.36419421559892995
TR-fixedKappa,Climatology,3,05370000,-0.48174528145189655
TR-fixedKappa,Climatology,3,05382255,-0.2829218371818809
TR-fixedKappa,Climatology,3,05382257,-0.15449965015663003
TR-fixedKappa,Climatology,3,05406457,-0.21188226952140488
TR-fixedKappa,Climatology,3,05458300,-0.6434010806722583
TR-fixedKappa,Climatology,3,05517000,-0.5956249526758193
TR-fixedKappa,Climatology,3,06036805,-0.3484933811449771
TR-fixedKappa,Climatology,3,06036905,-0.35743259426065443
TR-fixedKappa,Climatology,3,06036940,-0.5658898224041444
TR-fixedKappa,Climatology,3,06041000,-0.642901657080029
TR-fixedKappa,Climatology,3,06623800,-0.1162650321629527
TR-fixedKappa,Climatology,3,06894000,-0.636075331251863
TR-fixedKappa,Climatology,3,06934500,-0.8294929255833958
TR-fixedKappa,Climatology,3,07106000,-0.08833662390346886
TR-fixedKappa,Climatology,3,07178200,-0.8573426902243646
TR-fixedKappa,Climatology,3,07194880,-0.24678335945457452
TR-fixedKappa,Climatology,3,07332622,-0.5562119177839484
TR-fixedKappa,Climatology,3,08048000,-0.7277119382825821
TR-fixedKappa,Climatology,3,08052700,-0.4367436892685084
TR-fixedKappa,Climatology,3,08065350,-1.0111082077294573
TR-fixedKappa,Climatology,3,08070200,-0.8414883028138442
TR-fixedKappa,Climatology,3,08123850,-0.44189088462265813
TR-fixedKappa,Climatology,3,09136100,-0.7853080839962812
TR-fixedKappa,Climatology,3,09144250,-0.7527299091765114
TR-fixedKappa,Climatology,3,09149500,-0.3338518079680053
TR-fixedKappa,Climatology,3,09163500,-0.8213731845549317
TR-fixedKappa,Climatology,3,09180000,-0.8051975538517051
TR-fixedKappa,Climatology,3,09261000,-0.46126746154911547
TR-fixedKappa,Climatology,3,09302000,-0.8224314491951874
TR-fixedKappa,Climatology,3,09380000,-3.177371494598731
TR-fixedKappa,Climatology,3,10129900,-0.47555015804666567
TR-fixedKappa,Climatology,3,10301500,-0.5119227394468489
TR-fixedKappa,Climatology,3,10351600,-0.7772671404436999
TR-fixedKappa,Climatology,3,11262900,-0.2506490642173853
TR-fixedKappa,Climatology,3,11467000,-0.572740755456964
TR-fixedKappa,Climatology,3,11507500,-0.748235730092405
TR-fixedKappa,Climatology,3,12056500,-0.40259561034366265
TR-fixedKappa,Climatology,3,12115000,-0.29011429443745174
TR-fixedKappa,Climatology,3,12117600,-0.3803080895873061
TR-fixedKappa,Climatology,3,12210700,-0.3433954888300095
TR-fixedKappa,Climatology,3,12212050,-0.44519988239959685
TR-fixedKappa,Climatology,3,12213100,-0.5039135263410119
TR-fixedKappa,Climatology,3,12363000,-0.5684153858514177
TR-fixedKappa,Climatology,3,12398600,-1.1552661886053253
TR-fixedKappa,Climatology,3,13018350,-0.24524364005666888
TR-fixedKappa,Climatology,3,13154500,-0.5447223210961195
TR-fixedKappa,Climatology,3,13317660,-0.6038996702189199
TR-fixedKappa,Climatology,3,13342500,-0.484365857735813
TR-fixedKappa,Climatology,3,14091500,-0.036882075576892936
TR-fixedKappa,Climatology,3,14150800,-0.6972013464077742
TR-fixedKappa,Climatology,3,14151000,-1.8007471655225444
TR-fixedKappa,Climatology,3,14152000,-0.8115903304912702
TR-fixedKappa,Climatology,3,14153500,-1.8303320665586877
TR-fixedKappa,Climatology,3,14154500,-1.0688458804424197
TR-fixedKappa,Climatology,3,14159500,-0.6995497227017612
TR-fixedKappa,Climatology,3,14161500,-0.5648947357565709
TR-fixedKappa,Climatology,3,14179000,-0.6057495585269179
TR-fixedKappa,Climatology,3,14185000,-0.6114941533425282
TR-fixedKappa,Climatology,3,14210000,-0.9247172076614423
TR-fixedKappa,Climatology,3,14211499,-0.4252500026988568
TR-fixedKappa,Climatology,3,14211500,-0.5263347584020783
TR-fixedKappa,Climatology,3,14320934,-0.8316453101568841
TR-fixedKappa,Climatology,3,255534081324000,-0.22134048704220954
TR-fixedKappa,Climatology,7,01073319,-0.06032608573957843
TR-fixedKappa,Climatology,7,01104415,-0.1225821339497184
TR-fixedKappa,Climatology,7,01104455,-0.2826444271253752
TR-fixedKappa,Climatology,7,01104475,-0.2634811752448101
TR-fixedKappa,Climatology,7,01129500,-0.15160440370941553
TR-fixedKappa,Climatology,7,01400500,-0.09190718357870287
TR-fixedKappa,Climatology,7,01408029,-0.1350649649948341
TR-fixedKappa,Climatology,7,01425000,-0.41727054232515737
TR-fixedKappa,Climatology,7,01426500,-0.22609907143846253
TR-fixedKappa,Climatology,7,01427207,-0.024428173960236332
TR-fixedKappa,Climatology,7,01428500,-0.059686979316592836
TR-fixedKappa,Climatology,7,01463500,-0.09275343488406285
TR-fixedKappa,Climatology,7,01480617,-0.11763520189824561
TR-fixedKappa,Climatology,7,01540500,-0.198498810850392
TR-fixedKappa,Climatology,7,01542500,-0.08914247541844755
TR-fixedKappa,Climatology,7,01549700,-0.1609598287630969
TR-fixedKappa,Climatology,7,02110701,-0.12148666245421946
TR-fixedKappa,Climatology,7,02176930,-0.18979849022885675
TR-fixedKappa,Climatology,7,02266300,-0.2676918458705364
TR-fixedKappa,Climatology,7,02330450,-0.12374766519226066
TR-fixedKappa,Climatology,7,02334430,-1.3112976607081501
TR-fixedKappa,Climatology,7,02334885,-0.1281419768369303
TR-fixedKappa,Climatology,7,02336120,-0.12047603147251706
TR-fixedKappa,Climatology,7,02336300,-0.1306001224405775
TR-fixedKappa,Climatology,7,02336728,-1.0909430193520455
TR-fixedKappa,Climatology,7,02397000,-0.14149986152123728
TR-fixedKappa,Climatology,7,02455980,-0.07958226378874333
TR-fixedKappa,Climatology,7,02458450,-0.17070152889638224
TR-fixedKappa,Climatology,7,02474560,-0.35862734535094587
TR-fixedKappa,Climatology,7,03007800,-0.14624974718282413
TR-fixedKappa,Climatology,7,03034000,-0.15917891863587297
TR-fixedKappa,Climatology,7,03036000,-0.2820442156365701
TR-fixedKappa,Climatology,7,03047000,-0.08475813674306099
TR-fixedKappa,Climatology,7,03077500,-0.781209254174943
TR-fixedKappa,Climatology,7,03105500,-0.2720856339377882
TR-fixedKappa,Climatology,7,03106000,-0.07900471549293409
TR-fixedKappa,Climatology,7,03301900,-0.16459442942359193
TR-fixedKappa,Climatology,7,03353200,-0.0474365951379192
TR-fixedKappa,Climatology,7,03456991,-0.1406849426827923
TR-fixedKappa,Climatology,7,04027000,-0.17298263665692692
TR-fixedKappa,Climatology,7,04043238,-0.069979910741512
TR-fixedKappa,Climatology,7,04043244,-0.06352129360060332
TR-fixedKappa,Climatology,7,04067500,-0.058480105872042554
TR-fixedKappa,Climatology,7,04077630,-0.010767576752509944
TR-fixedKappa,Climatology,7,04124200,-0.27583990653712553
TR-fixedKappa,Climatology,7,04125460,-0.04300255045268475
TR-fixedKappa,Climatology,7,04137005,-0.15886867794824377
TR-fixedKappa,Climatology,7,04176500,-0.05646557256939122
TR-fixedKappa,Climatology,7,04208000,-0.09910455523035244
TR-fixedKappa,Climatology,7,05054000,-0.5326834853680871
TR-fixedKappa,Climatology,7,05057000,-0.22557061992139316
TR-fixedKappa,Climatology,7,05289800,-0.18588035515567247
TR-fixedKappa,Climatology,7,05331833,-0.10649347215590432
TR-fixedKappa,Climatology,7,05370000,-0.14412680485676055
TR-fixedKappa,Climatology,7,05382255,-0.012235105841879257
TR-fixedKappa,Climatology,7,05382257,-0.06371391244743485
TR-fixedKappa,Climatology,7,05406457,-0.07500114433850413
TR-fixedKappa,Climatology,7,05458300,-0.11914821281069621
TR-fixedKappa,Climatology,7,05517000,-0.1197167597277713
TR-fixedKappa,Climatology,7,06036805,-0.20132922288909083
TR-fixedKappa,Climatology,7,06036905,-0.15962140785660317
TR-fixedKappa,Climatology,7,06036940,-0.25629150702832115
TR-fixedKappa,Climatology,7,06041000,-0.13620571346136945
TR-fixedKappa,Climatology,7,06623800,-0.00683102784354872
TR-fixedKappa,Climatology,7,06894000,-0.059456043068788045
TR-fixedKappa,Climatology,7,06934500,-0.20207749929114005
TR-fixedKappa,Climatology,7,07106000,-0.0017170524136502774
TR-fixedKappa,Climatology,7,07178200,-0.29579045113790636
TR-fixedKappa,Climatology,7,07194880,-0.05755942917664569
TR-fixedKappa,Climatology,7,07332622,-0.14707736100578384
TR-fixedKappa,Climatology,7,08048000,-0.23976260843476016
TR-fixedKappa,Climatology,7,08052700,-0.05794364609109337
TR-fixedKappa,Climatology,7,08065350,-0.23445893798710493
TR-fixedKappa,Climatology,7,08070200,-0.18576149890478666
TR-fixedKappa,Climatology,7,08123850,-0.05976116615729454
TR-fixedKappa,Climatology,7,09136100,-0.5616783702614581
TR-fixedKappa,Climatology,7,09144250,-0.5306010256050409
TR-fixedKappa,Climatology,7,09149500,-0.17325761819810692
TR-fixedKappa,Climatology,7,09163500,-0.47231995600645615
TR-fixedKappa,Climatology,7,09180000,-0.4987869401492042
TR-fixedKappa,Climatology,7,09261000,-0.09005543948733075
TR-fixedKappa,Climatology,7,09302000,-0.5050156686440614
TR-fixedKappa,Climatology,7,09380000,-2.923914440465499
TR-fixedKappa,Climatology,7,10129900,-0.3021385807583734
TR-fixedKappa,Climatology,7,10301500,-0.17557297797017957
TR-fixedKappa,Climatology,7,10351600,-0.4190161796616705
TR-fixedKappa,Climatology,7,11262900,-0.07577623887964657
TR-fixedKappa,Climatology,7,11467000,-0.23120191610705088
TR-fixedKappa,Climatology,7,11507500,-0.17859635408664998
TR-fixedKappa,Climatology,7,12056500,-0.22244041206162746
TR-fixedKappa,Climatology,7,12115000,-0.1656888644068295
TR-fixedKappa,Climatology,7,12117600,-0.2120630896538087
TR-fixedKappa,Climatology,7,12210700,-0.13301993678471824
TR-fixedKappa,Climatology,7,12212050,-0.14452270379693788
TR-fixedKappa,Climatology,7,12213100,-0.2728168426124169
TR-fixedKappa,Climatology,7,12363000,-0.3685232469633394
TR-fixedKappa,Climatology,7,12398600,-0.7688694726487022
TR-fixedKappa,Climatology,7,13018350,-0.11386462032877143
TR-fixedKappa,Climatology,7,13154500,-0.2551208508555306
TR-fixedKappa,Climatology,7,13317660,-0.3604167036569039
TR-fixedKappa,Climatology,7,13342500,-0.20112442477969128
TR-fixedKappa,Climatology,7,14091500,0.003080974957193394
TR-fixedKappa,Climatology,7,14150800,-0.35095631480026057
TR-fixedKappa,Climatology,7,14151000,-1.2930330083976687
TR-fixedKappa,Climatology,7,14152000,-0.5368163046670319
TR-fixedKappa,Climatology,7,14153500,-1.4720722231095058
TR-fixedKappa,Climatology,7,14154500,-0.6483498209668179
TR-fixedKappa,Climatology,7,14159500,-0.4320678626230401
TR-fixedKappa,Climatology,7,14161500,-0.3259209733252215
TR-fixedKappa,Climatology,7,14179000,-0.4126679366095387
TR-fixedKappa,Climatology,7,14185000,-0.3269375412163924
TR-fixedKappa,Climatology,7,14210000,-0.5553278156971502
TR-fixedKappa,Climatology,7,14211499,-0.12481789246845376
TR-fixedKappa,Climatology,7,14211500,-0.15253027672845532
TR-fixedKappa,Climatology,7,14320934,-0.46144286398245393
TR-fixedKappa,Climatology,7,255534081324000,-0.031114415126964223
TR-noDynamicPrior,Persistence,1,01073319,-0.2497981812576875
TR-noDynamicPrior,Persistence,1,01104415,-0.21959951248038734
TR-noDynamicPrior,Persistence,1,01104455,-0.11956679891801247
TR-noDynamicPrior,Persistence,1,01104475,-0.15790619155925645
TR-noDynamicPrior,Persistence,1,01129500,-0.23610817879367474
TR-noDynamicPrior,Persistence,1,01400500,-0.3288605461976164
TR-noDynamicPrior,Persistence,1,01408029,-0.32640517806429814
TR-noDynamicPrior,Persistence,1,01425000,0.023034981194833937
TR-noDynamicPrior,Persistence,1,01426500,-0.0593247110524
TR-noDynamicPrior,Persistence,1,01427207,-0.2658291773677842
TR-noDynamicPrior,Persistence,1,01428500,-0.26999019422088033
TR-noDynamicPrior,Persistence,1,01463500,-0.23955367004634714
TR-noDynamicPrior,Persistence,1,01480617,-0.2426722466713861
TR-noDynamicPrior,Persistence,1,01540500,-0.19712175994767994
TR-noDynamicPrior,Persistence,1,01542500,-0.27362611066319287
TR-noDynamicPrior,Persistence,1,01549700,-0.2814821726172483
TR-noDynamicPrior,Persistence,1,02110701,-0.3382470334411728
TR-noDynamicPrior,Persistence,1,02176930,-0.2261911092367359
TR-noDynamicPrior,Persistence,1,02266300,-0.23126038368830726
TR-noDynamicPrior,Persistence,1,02330450,-0.19275611454707298
TR-noDynamicPrior,Persistence,1,02334430,0.11934322347340129
TR-noDynamicPrior,Persistence,1,02334885,-0.33210370621558827
TR-noDynamicPrior,Persistence,1,02336120,-0.32315496480837835
TR-noDynamicPrior,Persistence,1,02336300,-0.3306909815483393
TR-noDynamicPrior,Persistence,1,02336728,-0.01767572010152385
TR-noDynamicPrior,Persistence,1,02397000,-0.2243950585706438
TR-noDynamicPrior,Persistence,1,02455980,-0.26646719855673784
TR-noDynamicPrior,Persistence,1,02458450,-0.2649104529560963
TR-noDynamicPrior,Persistence,1,02474560,-0.2551624550963695
TR-noDynamicPrior,Persistence,1,03007800,-0.30899816535173497
TR-noDynamicPrior,Persistence,1,03034000,-0.3129329722536208
TR-noDynamicPrior,Persistence,1,03036000,0.0020922100699756196
TR-noDynamicPrior,Persistence,1,03047000,-0.0869973965366112
TR-noDynamicPrior,Persistence,1,03077500,0.04621542880605656
TR-noDynamicPrior,Persistence,1,03105500,-0.29777118031442484
TR-noDynamicPrior,Persistence,1,03106000,-0.36391708468283646
TR-noDynamicPrior,Persistence,1,03301900,-0.26988551785422
TR-noDynamicPrior,Persistence,1,03353200,-0.35815648837551683
TR-noDynamicPrior,Persistence,1,03456991,-0.2448504355144524
TR-noDynamicPrior,Persistence,1,04027000,-0.28584560256843616
TR-noDynamicPrior,Persistence,1,04043238,-0.17165519703926835
TR-noDynamicPrior,Persistence,1,04043244,-0.173499398515639
TR-noDynamicPrior,Persistence,1,04067500,-0.18153176598664217
TR-noDynamicPrior,Persistence,1,04077630,-0.21680308286020644
TR-noDynamicPrior,Persistence,1,04124200,0.0733012316110796
TR-noDynamicPrior,Persistence,1,04125460,-0.22955106568302452
TR-noDynamicPrior,Persistence,1,04137005,-0.03761771181088985
TR-noDynamicPrior,Persistence,1,04176500,-0.22182285370849802
TR-noDynamicPrior,Persistence,1,04208000,-0.335403823927643
TR-noDynamicPrior,Persistence,1,05054000,-0.08980816158955435
TR-noDynamicPrior,Persistence,1,05057000,-0.23314671481032667
TR-noDynamicPrior,Persistence,1,05289800,-0.14636557285074092
TR-noDynamicPrior,Persistence,1,05331833,-0.15432364400587462
TR-noDynamicPrior,Persistence,1,05370000,-0.027500124513471114
TR-noDynamicPrior,Persistence,1,05382255,-0.07535516877665582
TR-noDynamicPrior,Persistence,1,05382257,-0.13798647896053207
TR-noDynamicPrior,Persistence,1,05406457,-0.03247884103095511
TR-noDynamicPrior,Persistence,1,05458300,-0.28096918282876193
TR-noDynamicPrior,Persistence,1,05517000,-0.29824361012022704
TR-noDynamicPrior,Persistence,1,06036805,-0.1253668638401595
TR-noDynamicPrior,Persistence,1,06036905,-0.12880315161970235
TR-noDynamicPrior,Persistence,1,06036940,0.02132964475764121
TR-noDynamicPrior,Persistence,1,06041000,-0.11575286520511152
TR-noDynamicPrior,Persistence,1,06623800,-0.04303304471238312
TR-noDynamicPrior,Persistence,1,06894000,-0.3333042452274846
TR-noDynamicPrior,Persistence,1,06934500,-0.16295644086149597
TR-noDynamicPrior,Persistence,1,07106000,-0.13310752824899863
TR-noDynamicPrior,Persistence,1,07178200,-0.22395440822027934
TR-noDynamicPrior,Persistence,1,07194880,-0.11851504619667241
TR-noDynamicPrior,Persistence,1,07332622,-0.2603353888813431
TR-noDynamicPrior,Persistence,1,08048000,-0.17961645203338283
TR-noDynamicPrior,Persistence,1,08052700,-0.3320738832976833
TR-noDynamicPrior,Persistence,1,08065350,-0.21962388423123597
TR-noDynamicPrior,Persistence,1,08070200,-0.23831234636741017
TR-noDynamicPrior,Persistence,1,08123850,-0.3328829787678381
TR-noDynamicPrior,Persistence,1,09136100,-0.09367105415728316
TR-noDynamicPrior,Persistence,1,09144250,-0.10914811840775085
TR-noDynamicPrior,Persistence,1,09149500,-0.13284911620098072
TR-noDynamicPrior,Persistence,1,09163500,-0.15607561378080903
TR-noDynamicPrior,Persistence,1,09180000,-0.13864959746071848
TR-noDynamicPrior,Persistence,1,09261000,-0.14542633286522655
TR-noDynamicPrior,Persistence,1,09302000,-0.10147247694910755
TR-noDynamicPrior,Persistence,1,09380000,0.01161573816921968
TR-noDynamicPrior,Persistence,1,10129900,-0.07399632578707582
TR-noDynamicPrior,Persistence,1,10301500,-0.15184108669918328
TR-noDynamicPrior,Persistence,1,10351600,-0.22380231088113012
TR-noDynamicPrior,Persistence,1,11262900,-0.17049909207009617
TR-noDynamicPrior,Persistence,1,11467000,-0.11622090088065518
TR-noDynamicPrior,Persistence,1,11507500,-0.22786316287260122
TR-noDynamicPrior,Persistence,1,12056500,-0.056980634380244755
TR-noDynamicPrior,Persistence,1,12115000,0.010246864564389724
TR-noDynamicPrior,Persistence,1,12117600,-0.011280962099799174
TR-noDynamicPrior,Persistence,1,12210700,-0.08331538451360831
TR-noDynamicPrior,Persistence,1,12212050,-0.0780462235590671
TR-noDynamicPrior,Persistence,1,12213100,-0.1624287995410395
TR-noDynamicPrior,Persistence,1,12363000,-0.08785607240059712
TR-noDynamicPrior,Persistence,1,12398600,-0.019953158620912015
TR-noDynamicPrior,Persistence,1,13018350,-0.1327975832782221
TR-noDynamicPrior,Persistence,1,13154500,-0.04967632696100205
TR-noDynamicPrior,Persistence,1,13317660,-0.07462691148329012
TR-noDynamicPrior,Persistence,1,13342500,-0.07338130107695823
TR-noDynamicPrior,Persistence,1,14091500,-0.07197912982205518
TR-noDynamicPrior,Persistence,1,14150800,-0.16696520896278277
TR-noDynamicPrior,Persistence,1,14151000,-0.029680797318237695
TR-noDynamicPrior,Persistence,1,14152000,-0.024594011234633395
TR-noDynamicPrior,Persistence,1,14153500,-0.012042477291594467
TR-noDynamicPrior,Persistence,1,14154500,-0.19081687865391983
TR-noDynamicPrior,Persistence,1,14159500,0.021355912603960192
TR-noDynamicPrior,Persistence,1,14161500,-0.06107417984414587
TR-noDynamicPrior,Persistence,1,14179000,-0.07289157061211582
TR-noDynamicPrior,Persistence,1,14185000,-0.1417624161171273
TR-noDynamicPrior,Persistence,1,14210000,-0.04754770136793518
TR-noDynamicPrior,Persistence,1,14211499,-0.16867721888497267
TR-noDynamicPrior,Persistence,1,14211500,-0.21162312578556508
TR-noDynamicPrior,Persistence,1,14320934,-0.13675955690115543
TR-noDynamicPrior,Persistence,1,255534081324000,-0.21601418715703036
TR-noDynamicPrior,Persistence,3,01073319,-0.397150845484741
TR-noDynamicPrior,Persistence,3,01104415,-0.4026145770270224
TR-noDynamicPrior,Persistence,3,01104455,-0.21740800156109752
TR-noDynamicPrior,Persistence,3,01104475,-0.2696283568482585
TR-noDynamicPrior,Persistence,3,01129500,-0.3969158374600559
TR-noDynamicPrior,Persistence,3,01400500,-0.41574939026976576
TR-noDynamicPrior,Persistence,3,01408029,-0.4830372583992051
TR-noDynamicPrior,Persistence,3,01425000,-0.01107513323772047
TR-noDynamicPrior,Persistence,3,01426500,-0.16694985006378382
TR-noDynamicPrior,Persistence,3,01427207,-0.38759130802199193
TR-noDynamicPrior,Persistence,3,01428500,-0.39044607536968967
TR-noDynamicPrior,Persistence,3,01463500,-0.3623186485675949
TR-noDynamicPrior,Persistence,3,01480617,-0.4168733782618379
TR-noDynamicPrior,Persistence,3,01540500,-0.37705750923024905
TR-noDynamicPrior,Persistence,3,01542500,-0.3984817184435199
TR-noDynamicPrior,Persistence,3,01549700,-0.4501622344828242
TR-noDynamicPrior,Persistence,3,02110701,-0.49031790778177253
TR-noDynamicPrior,Persistence,3,02176930,-0.4297394690880718
TR-noDynamicPrior,Persistence,3,02266300,-0.3039262470801791
TR-noDynamicPrior,Persistence,3,02330450,-0.40506490147434815
TR-noDynamicPrior,Persistence,3,02334430,0.18224638450076058
TR-noDynamicPrior,Persistence,3,02334885,-0.4478219644488022
TR-noDynamicPrior,Persistence,3,02336120,-0.4533884277564526
TR-noDynamicPrior,Persistence,3,02336300,-0.4614934099783887
TR-noDynamicPrior,Persistence,3,02336728,0.20724346052656584
TR-noDynamicPrior,Persistence,3,02397000,-0.36122839842014764
TR-noDynamicPrior,Persistence,3,02455980,-0.3816890990510493
TR-noDynamicPrior,Persistence,3,02458450,-0.371055920501284
TR-noDynamicPrior,Persistence,3,02474560,-0.34381675841024006
TR-noDynamicPrior,Persistence,3,03007800,-0.44566413272876715
TR-noDynamicPrior,Persistence,3,03034000,-0.4630369064188484
TR-noDynamicPrior,Persistence,3,03036000,-0.26150083373314204
TR-noDynamicPrior,Persistence,3,03047000,-0.3831142893924768
TR-noDynamicPrior,Persistence,3,03077500,-0.06712820488998605
TR-noDynamicPrior,Persistence,3,03105500,-0.4362039228464958
TR-noDynamicPrior,Persistence,3,03106000,-0.5219057127865159
TR-noDynamicPrior,Persistence,3,03301900,-0.4221263002047728
TR-noDynamicPrior,Persistence,3,03353200,-0.4956671269243873
TR-noDynamicPrior,Persistence,3,03456991,-0.3841053048030161
TR-noDynamicPrior,Persistence,3,04027000,-0.3887519969771034
TR-noDynamicPrior,Persistence,3,04043238,-0.3190263078423454
TR-noDynamicPrior,Persistence,3,04043244,-0.30739119531453274
TR-noDynamicPrior,Persistence,3,04067500,-0.25034934552728405
TR-noDynamicPrior,Persistence,3,04077630,-0.37217602220260093
TR-noDynamicPrior,Persistence,3,04124200,-0.09165062397116053
TR-noDynamicPrior,Persistence,3,04125460,-0.3229079052287871
TR-noDynamicPrior,Persistence,3,04137005,-0.21332954840713303
TR-noDynamicPrior,Persistence,3,04176500,-0.3341177756438045
TR-noDynamicPrior,Persistence,3,04208000,-0.4402146717202051
TR-noDynamicPrior,Persistence,3,05054000,-0.24790285037481596
TR-noDynamicPrior,Persistence,3,05057000,-0.32632266561460876
TR-noDynamicPrior,Persistence,3,05289800,-0.25931788431789915
TR-noDynamicPrior,Persistence,3,05331833,-0.3057206174791156
TR-noDynamicPrior,Persistence,3,05370000,-0.1487387407226053
TR-noDynamicPrior,Persistence,3,05382255,-0.2282668204258349
TR-noDynamicPrior,Persistence,3,05382257,-0.4498323539894582
TR-noDynamicPrior,Persistence,3,05406457,-0.16422526469458365
TR-noDynamicPrior,Persistence,3,05458300,-0.3782146544126648
TR-noDynamicPrior,Persistence,3,05517000,-0.4205468249037234
TR-noDynamicPrior,Persistence,3,06036805,-0.3086677554869801
TR-noDynamicPrior,Persistence,3,06036905,-0.3518451347215419
TR-noDynamicPrior,Persistence,3,06036940,-0.023625358956484543
TR-noDynamicPrior,Persistence,3,06041000,-0.2401842607381568
TR-noDynamicPrior,Persistence,3,06623800,-0.19613391722162066
TR-noDynamicPrior,Persistence,3,06894000,-0.44918210124265734
TR-noDynamicPrior,Persistence,3,06934500,-0.2849426302244211
TR-noDynamicPrior,Persistence,3,07106000,-0.41128729112569307
TR-noDynamicPrior,Persistence,3,07178200,-0.2680826384848949
TR-noDynamicPrior,Persistence,3,07194880,-0.26825271930928607
TR-noDynamicPrior,Persistence,3,07332622,-0.43254519887060816
TR-noDynamicPrior,Persistence,3,08048000,-0.2405744522108919
TR-noDynamicPrior,Persistence,3,08052700,-0.5681180593165056
TR-noDynamicPrior,Persistence,3,08065350,-0.32312986700511703
TR-noDynamicPrior,Persistence,3,08070200,-0.3586785569098123
TR-noDynamicPrior,Persistence,3,08123850,-0.48951607348532544
TR-noDynamicPrior,Persistence,3,09136100,-0.2370038889142767
TR-noDynamicPrior,Persistence,3,09144250,-0.22674476949459588
TR-noDynamicPrior,Persistence,3,09149500,-0.2983855789223908
TR-noDynamicPrior,Persistence,3,09163500,-0.289412841853838
TR-noDynamicPrior,Persistence,3,09180000,-0.32062051727325835
TR-noDynamicPrior,Persistence,3,09261000,-0.3017919358445751
TR-noDynamicPrior,Persistence,3,09302000,-0.2670054119312273
TR-noDynamicPrior,Persistence,3,09380000,0.0015831579144245378
TR-noDynamicPrior,Persistence,3,10129900,-0.1818242117914166
TR-noDynamicPrior,Persistence,3,10301500,-0.3241230889703528
TR-noDynamicPrior,Persistence,3,10351600,-0.34366514298966266
TR-noDynamicPrior,Persistence,3,11262900,-0.32090603957127817
TR-noDynamicPrior,Persistence,3,11467000,-0.19517979441006872
TR-noDynamicPrior,Persistence,3,11507500,-0.29581523875074
TR-noDynamicPrior,Persistence,3,12056500,-0.09485679337565056
TR-noDynamicPrior,Persistence,3,12115000,-0.0236495672294067
TR-noDynamicPrior,Persistence,3,12117600,-0.06772271029126709
TR-noDynamicPrior,Persistence,3,12210700,-0.17551636133941062
TR-noDynamicPrior,Persistence,3,12212050,-0.15135977081018082
TR-noDynamicPrior,Persistence,3,12213100,-0.23819489692976048
TR-noDynamicPrior,Persistence,3,12363000,-0.13419322557302993
TR-noDynamicPrior,Persistence,3,12398600,-0.17058914946681902
TR-noDynamicPrior,Persistence,3,13018350,-0.30737657547518493
TR-noDynamicPrior,Persistence,3,13154500,-0.18650340491318618
TR-noDynamicPrior,Persistence,3,13317660,-0.17722352421263066
TR-noDynamicPrior,Persistence,3,13342500,-0.1330151097591753
TR-noDynamicPrior,Persistence,3,14091500,-0.12579208465889358
TR-noDynamicPrior,Persistence,3,14150800,-0.25073737127987417
TR-noDynamicPrior,Persistence,3,14151000,-0.07980264073413634
TR-noDynamicPrior,Persistence,3,14152000,-0.07184562650721527
TR-noDynamicPrior,Persistence,3,14153500,-0.12026257522127393
TR-noDynamicPrior,Persistence,3,14154500,-0.25782860568390364
TR-noDynamicPrior,Persistence,3,14159500,-0.03585146625659763
TR-noDynamicPrior,Persistence,3,14161500,-0.11402386151377875
TR-noDynamicPrior,Persistence,3,14179000,-0.12405050171666188
TR-noDynamicPrior,Persistence,3,14185000,-0.21387701586378616
TR-noDynamicPrior,Persistence,3,14210000,-0.19088307967560225
TR-noDynamicPrior,Persistence,3,14211499,-0.2502199018113951
TR-noDynamicPrior,Persistence,3,14211500,-0.2970790388289659
TR-noDynamicPrior,Persistence,3,14320934,-0.1732306785088844
TR-noDynamicPrior,Persistence,3,255534081324000,-0.41528724367707026
TR-noDynamicPrior,Persistence,7,01073319,-0.7925756718971515
TR-noDynamicPrior,Persistence,7,01104415,-0.5044463345549905
TR-noDynamicPrior,Persistence,7,01104455,-0.3977305525647463
TR-noDynamicPrior,Persistence,7,01104475,-0.35225295122794575
TR-noDynamicPrior,Persistence,7,01129500,-0.7093453519602002
TR-noDynamicPrior,Persistence,7,01400500,-0.7359067137971897
TR-noDynamicPrior,Persistence,7,01408029,-0.7056405003911697
TR-noDynamicPrior,Persistence,7,01425000,-0.10257297474681037
TR-noDynamicPrior,Persistence,7,01426500,-0.2692813531895404
TR-noDynamicPrior,Persistence,7,01427207,-0.6574049741168495
TR-noDynamicPrior,Persistence,7,01428500,-0.6926611942956948
TR-noDynamicPrior,Persistence,7,01463500,-0.6040003513323908
TR-noDynamicPrior,Persistence,7,01480617,-0.6216057949173621
TR-noDynamicPrior,Persistence,7,01540500,-0.6724763402973899
TR-noDynamicPrior,Persistence,7,01542500,-0.7206168845821352
TR-noDynamicPrior,Persistence,7,01549700,-0.7819442754256292
TR-noDynamicPrior,Persistence,7,02110701,-0.7542003682130676
TR-noDynamicPrior,Persistence,7,02176930,-0.6003186307314181
TR-noDynamicPrior,Persistence,7,02266300,-0.4337039960737843
TR-noDynamicPrior,Persistence,7,02330450,-0.5754605945779923
TR-noDynamicPrior,Persistence,7,02334430,0.25523623126516287
TR-noDynamicPrior,Persistence,7,02334885,-0.6599804183744618
TR-noDynamicPrior,Persistence,7,02336120,-0.6958685493379182
TR-noDynamicPrior,Persistence,7,02336300,-0.7187208957484454
TR-noDynamicPrior,Persistence,7,02336728,0.5186057007473657
TR-noDynamicPrior,Persistence,7,02397000,-0.5242753298857534
TR-noDynamicPrior,Persistence,7,02455980,-0.5512171843765661
TR-noDynamicPrior,Persistence,7,02458450,-0.5562495304942405
TR-noDynamicPrior,Persistence,7,02474560,-0.6024399395373474
TR-noDynamicPrior,Persistence,7,03007800,-0.7224320336623653
TR-noDynamicPrior,Persistence,7,03034000,-0.7514341594802736
TR-noDynamicPrior,Persistence,7,03036000,-0.5476918052026292
TR-noDynamicPrior,Persistence,7,03047000,-0.6235971402059575
TR-noDynamicPrior,Persistence,7,03077500,-0.3599606945800343
TR-noDynamicPrior,Persistence,7,03105500,-0.6831286871169375
TR-noDynamicPrior,Persistence,7,03106000,-0.8537762581214157
TR-noDynamicPrior,Persistence,7,03301900,-0.5510420982997015
TR-noDynamicPrior,Persistence,7,03353200,-0.8000514561496117
TR-noDynamicPrior,Persistence,7,03456991,-0.6069644269295837
TR-noDynamicPrior,Persistence,7,04027000,-0.7934356332895853
TR-noDynamicPrior,Persistence,7,04043238,-0.6847174823797197
TR-noDynamicPrior,Persistence,7,04043244,-0.6396674486745806
TR-noDynamicPrior,Persistence,7,04067500,-0.6697400756288676
TR-noDynamicPrior,Persistence,7,04077630,-0.8167716640860383
TR-noDynamicPrior,Persistence,7,04124200,-0.40217615678484775
TR-noDynamicPrior,Persistence,7,04125460,-0.5877113193750947
TR-noDynamicPrior,Persistence,7,04137005,-0.49291466897625247
TR-noDynamicPrior,Persistence,7,04176500,-0.6287601308191964
TR-noDynamicPrior,Persistence,7,04208000,-0.7654958268611822
TR-noDynamicPrior,Persistence,7,05054000,-0.655114500362441
TR-noDynamicPrior,Persistence,7,05057000,-0.7393375721388358
TR-noDynamicPrior,Persistence,7,05289800,-0.7308121381945512
TR-noDynamicPrior,Persistence,7,05331833,-0.6513712683944055
TR-noDynamicPrior,Persistence,7,05370000,-0.5505426916730793
TR-noDynamicPrior,Persistence,7,05382255,-0.5642631298850185
TR-noDynamicPrior,Persistence,7,05382257,-0.6875792940475911
TR-noDynamicPrior,Persistence,7,05406457,-0.2901729285629173
TR-noDynamicPrior,Persistence,7,05458300,-0.8276742725493138
TR-noDynamicPrior,Persistence,7,05517000,-0.7471020239785817
TR-noDynamicPrior,Persistence,7,06036805,-0.502588683767575
TR-noDynamicPrior,Persistence,7,06036905,-0.5722285020759543
TR-noDynamicPrior,Persistence,7,06036940,-0.160674291423216
TR-noDynamicPrior,Persistence,7,06041000,-0.5002675420427216
TR-noDynamicPrior,Persistence,7,06623800,-0.4916904152569853
TR-noDynamicPrior,Persistence,7,06894000,-0.7975645128747617
TR-noDynamicPrior,Persistence,7,06934500,-0.5660835758701417
TR-noDynamicPrior,Persistence,7,07106000,-0.6867147132590259
TR-noDynamicPrior,Persistence,7,07178200,-0.5569086768317022
TR-noDynamicPrior,Persistence,7,07194880,-0.42739524893362013
TR-noDynamicPrior,Persistence,7,07332622,-0.8450095619141575
TR-noDynamicPrior,Persistence,7,08048000,-0.5329469247318956
TR-noDynamicPrior,Persistence,7,08052700,-1.025494457690625
TR-noDynamicPrior,Persistence,7,08065350,-0.5934898829973028
TR-noDynamicPrior,Persistence,7,08070200,-0.693408503011046
TR-noDynamicPrior,Persistence,7,08123850,-0.8712332258040845
TR-noDynamicPrior,Persistence,7,09136100,-0.38331133361073233
TR-noDynamicPrior,Persistence,7,09144250,-0.38836180574893997
TR-noDynamicPrior,Persistence,7,09149500,-0.4592812125887793
TR-noDynamicPrior,Persistence,7,09163500,-0.5617240015849096
TR-noDynamicPrior,Persistence,7,09180000,-0.6072665212727411
TR-noDynamicPrior,Persistence,7,09261000,-0.598523321004989
TR-noDynamicPrior,Persistence,7,09302000,-0.5993028627381713
TR-noDynamicPrior,Persistence,7,09380000,0.08450018896604694
TR-noDynamicPrior,Persistence,7,10129900,-0.3864382687313739
TR-noDynamicPrior,Persistence,7,10301500,-0.6351296197670506
TR-noDynamicPrior,Persistence,7,10351600,-0.5326958933870065
TR-noDynamicPrior,Persistence,7,11262900,-0.6110201304722656
TR-noDynamicPrior,Persistence,7,11467000,-0.35166938434833805
TR-noDynamicPrior,Persistence,7,11507500,-0.5712846069830109
TR-noDynamicPrior,Persistence,7,12056500,-0.20734232620539195
TR-noDynamicPrior,Persistence,7,12115000,-0.15407672837946196
TR-noDynamicPrior,Persistence,7,12117600,-0.18775399184165864
TR-noDynamicPrior,Persistence,7,12210700,-0.344717209316026
TR-noDynamicPrior,Persistence,7,12212050,-0.2966413073129055
TR-noDynamicPrior,Persistence,7,12213100,-0.3460279356709939
TR-noDynamicPrior,Persistence,7,12363000,-0.30070376108725405
TR-noDynamicPrior,Persistence,7,12398600,-0.46742781686829593
TR-noDynamicPrior,Persistence,7,13018350,-0.538223567070961
TR-noDynamicPrior,Persistence,7,13154500,-0.2743436600249891
TR-noDynamicPrior,Persistence,7,13317660,-0.4269913337214162
TR-noDynamicPrior,Persistence,7,13342500,-0.27958160000653187
TR-noDynamicPrior,Persistence,7,14091500,-0.18897649425199625
TR-noDynamicPrior,Persistence,7,14150800,-0.49503013731908574
TR-noDynamicPrior,Persistence,7,14151000,-0.19124635994688255
TR-noDynamicPrior,Persistence,7,14152000,-0.1991345072285533
TR-noDynamicPrior,Persistence,7,14153500,-0.2574037327819191
TR-noDynamicPrior,Persistence,7,14154500,-0.4669855261941036
TR-noDynamicPrior,Persistence,7,14159500,-0.17532863158380407
TR-noDynamicPrior,Persistence,7,14161500,-0.3076459787310477
TR-noDynamicPrior,Persistence,7,14179000,-0.24164147910228007
TR-noDynamicPrior,Persistence,7,14185000,-0.42394382486982485
TR-noDynamicPrior,Persistence,7,14210000,-0.33672448217082396
TR-noDynamicPrior,Persistence,7,14211499,-0.5364448931051491
TR-noDynamicPrior,Persistence,7,14211500,-0.591287988136028
TR-noDynamicPrior,Persistence,7,14320934,-0.3502736351614224
TR-noDynamicPrior,Persistence,7,255534081324000,-0.7398837122184556
TR-noDynamicPrior,DampedPersistence,1,01073319,-0.21312244061634766
TR-noDynamicPrior,DampedPersistence,1,01104415,-0.15065693758587106
TR-noDynamicPrior,DampedPersistence,1,01104455,-0.0878045525711364
TR-noDynamicPrior,DampedPersistence,1,01104475,-0.12580708912399596
TR-noDynamicPrior,DampedPersistence,1,01129500,-0.20052108034757699
TR-noDynamicPrior,DampedPersistence,1,01400500,-0.2909720387492303
TR-noDynamicPrior,DampedPersistence,1,01408029,-0.276520321712885
TR-noDynamicPrior,DampedPersistence,1,01425000,0.033281231655956256
TR-noDynamicPrior,DampedPersistence,1,01426500,-0.028148355793400803
TR-noDynamicPrior,DampedPersistence,1,01427207,-0.22969587231930932
TR-noDynamicPrior,DampedPersistence,1,01428500,-0.2414185861063769
TR-noDynamicPrior,DampedPersistence,1,01463500,-0.21626558734896156
TR-noDynamicPrior,DampedPersistence,1,01480617,-0.19742304419457002
TR-noDynamicPrior,DampedPersistence,1,01540500,-0.1746209280703454
TR-noDynamicPrior,DampedPersistence,1,01542500,-0.24048820579355523
TR-noDynamicPrior,DampedPersistence,1,01549700,-0.24975938432498868
TR-noDynamicPrior,DampedPersistence,1,02110701,-0.302933740974629
TR-noDynamicPrior,DampedPersistence,1,02176930,-0.18968792170251625
TR-noDynamicPrior,DampedPersistence,1,02266300,-0.21558337472068656
TR-noDynamicPrior,DampedPersistence,1,02330450,-0.15311065082464514
TR-noDynamicPrior,DampedPersistence,1,02334430,0.10768772765260151
TR-noDynamicPrior,DampedPersistence,1,02334885,-0.30195918145358336
TR-noDynamicPrior,DampedPersistence,1,02336120,-0.2829665713176742
TR-noDynamicPrior,DampedPersistence,1,02336300,-0.2889455134353557
TR-noDynamicPrior,DampedPersistence,1,02336728,-0.09319579291200564
TR-noDynamicPrior,DampedPersistence,1,02397000,-0.2042860081931045
TR-noDynamicPrior,DampedPersistence,1,02455980,-0.22268840294708803
TR-noDynamicPrior,DampedPersistence,1,02458450,-0.22607510637327544
TR-noDynamicPrior,DampedPersistence,1,02474560,-0.2423434434835533
TR-noDynamicPrior,DampedPersistence,1,03007800,-0.27260090530465597
TR-noDynamicPrior,DampedPersistence,1,03034000,-0.27353971894602525
TR-noDynamicPrior,DampedPersistence,1,03036000,0.024590664563953424
TR-noDynamicPrior,DampedPersistence,1,03047000,-0.06490478433131464
TR-noDynamicPrior,DampedPersistence,1,03077500,0.07028286789666388
TR-noDynamicPrior,DampedPersistence,1,03105500,-0.26589692006512555
TR-noDynamicPrior,DampedPersistence,1,03106000,-0.3239710751028463
TR-noDynamicPrior,DampedPersistence,1,03301900,-0.22343943830462643
TR-noDynamicPrior,DampedPersistence,1,03353200,-0.3104785485382757
TR-noDynamicPrior,DampedPersistence,1,03456991,-0.20794025873077893
TR-noDynamicPrior,DampedPersistence,1,04027000,-0.24449467160157357
TR-noDynamicPrior,DampedPersistence,1,04043238,-0.13095081247768003
TR-noDynamicPrior,DampedPersistence,1,04043244,-0.13004535589788058
TR-noDynamicPrior,DampedPersistence,1,04067500,-0.14912592545415398
TR-noDynamicPrior,DampedPersistence,1,04077630,-0.1795184837470407
TR-noDynamicPrior,DampedPersistence,1,04124200,0.11118332692894908
TR-noDynamicPrior,DampedPersistence,1,04125460,-0.20311696614485286
TR-noDynamicPrior,DampedPersistence,1,04137005,-0.009761478683934732
TR-noDynamicPrior,DampedPersistence,1,04176500,-0.19627743581447493
TR-noDynamicPrior,DampedPersistence,1,04208000,-0.3001545206617666
TR-noDynamicPrior,DampedPersistence,1,05054000,-0.046668866104914886
TR-noDynamicPrior,DampedPersistence,1,05057000,-0.19842385959621311
TR-noDynamicPrior,DampedPersistence,1,05289800,-0.10784036924126039
TR-noDynamicPrior,DampedPersistence,1,05331833,-0.11369263114131667
TR-noDynamicPrior,DampedPersistence,1,05370000,0.0007594352840503693
TR-noDynamicPrior,DampedPersistence,1,05382255,-0.0459910243803936
TR-noDynamicPrior,DampedPersistence,1,05382257,-0.03409043524404565
TR-noDynamicPrior,DampedPersistence,1,05406457,0.00411746135811808
TR-noDynamicPrior,DampedPersistence,1,05458300,-0.2519282526308013
TR-noDynamicPrior,DampedPersistence,1,05517000,-0.27108199846588554
TR-noDynamicPrior,DampedPersistence,1,06036805,-0.08381273146743651
TR-noDynamicPrior,DampedPersistence,1,06036905,-0.0867931452569135
TR-noDynamicPrior,DampedPersistence,1,06036940,0.02395516270437259
TR-noDynamicPrior,DampedPersistence,1,06041000,-0.09190755613198875
TR-noDynamicPrior,DampedPersistence,1,06623800,-0.003121778454734603
TR-noDynamicPrior,DampedPersistence,1,06894000,-0.3002751025664776
TR-noDynamicPrior,DampedPersistence,1,06934500,-0.1267244955545455
TR-noDynamicPrior,DampedPersistence,1,07106000,-0.05203205035190939
TR-noDynamicPrior,DampedPersistence,1,07178200,-0.20255374078568633
TR-noDynamicPrior,DampedPersistence,1,07194880,-0.07391470358866692
TR-noDynamicPrior,DampedPersistence,1,07332622,-0.21751870370583082
TR-noDynamicPrior,DampedPersistence,1,08048000,-0.15981708766523084
TR-noDynamicPrior,DampedPersistence,1,08052700,-0.2632992159727272
TR-noDynamicPrior,DampedPersistence,1,08065350,-0.20250656397963723
TR-noDynamicPrior,DampedPersistence,1,08070200,-0.22293435317342558
TR-noDynamicPrior,DampedPersistence,1,08123850,-0.29258211665595557
TR-noDynamicPrior,DampedPersistence,1,09136100,-0.06687962472379161
TR-noDynamicPrior,DampedPersistence,1,09144250,-0.08795485205001763
TR-noDynamicPrior,DampedPersistence,1,09149500,-0.09341383553064753
TR-noDynamicPrior,DampedPersistence,1,09163500,-0.13169740909352468
TR-noDynamicPrior,DampedPersistence,1,09180000,-0.11234084227475571
TR-noDynamicPrior,DampedPersistence,1,09261000,-0.12014363898757119
TR-noDynamicPrior,DampedPersistence,1,09302000,-0.0756058797846586
TR-noDynamicPrior,DampedPersistence,1,09380000,0.0008284057037076797
TR-noDynamicPrior,DampedPersistence,1,10129900,-0.05008000847218097
TR-noDynamicPrior,DampedPersistence,1,10301500,-0.11994379025996027
TR-noDynamicPrior,DampedPersistence,1,10351600,-0.20729877559892151
TR-noDynamicPrior,DampedPersistence,1,11262900,-0.1342408033060858
TR-noDynamicPrior,DampedPersistence,1,11467000,-0.10624433350333823
TR-noDynamicPrior,DampedPersistence,1,11507500,-0.2052580161310843
TR-noDynamicPrior,DampedPersistence,1,12056500,-0.045411287140457834
TR-noDynamicPrior,DampedPersistence,1,12115000,0.01904039643906641
TR-noDynamicPrior,DampedPersistence,1,12117600,-0.0017209047857546511
TR-noDynamicPrior,DampedPersistence,1,12210700,-0.06155452394925154
TR-noDynamicPrior,DampedPersistence,1,12212050,-0.06517429961221577
TR-noDynamicPrior,DampedPersistence,1,12213100,-0.13895350804114037
TR-noDynamicPrior,DampedPersistence,1,12363000,-0.07226120461801183
TR-noDynamicPrior,DampedPersistence,1,12398600,0.01471679917449309
TR-noDynamicPrior,DampedPersistence,1,13018350,-0.09471532345503786
TR-noDynamicPrior,DampedPersistence,1,13154500,-0.04027140960157255
TR-noDynamicPrior,DampedPersistence,1,13317660,-0.046896767730142425
TR-noDynamicPrior,DampedPersistence,1,13342500,-0.060820943285713636
TR-noDynamicPrior,DampedPersistence,1,14091500,-0.04494717377960783
TR-noDynamicPrior,DampedPersistence,1,14150800,-0.14837750364364455
TR-noDynamicPrior,DampedPersistence,1,14151000,-0.023971581536261
TR-noDynamicPrior,DampedPersistence,1,14152000,-0.015670723705237588
TR-noDynamicPrior,DampedPersistence,1,14153500,0.0010033833855653818
TR-noDynamicPrior,DampedPersistence,1,14154500,-0.1769795061768733
TR-noDynamicPrior,DampedPersistence,1,14159500,0.030467782301169366
TR-noDynamicPrior,DampedPersistence,1,14161500,-0.047537363183733805
TR-noDynamicPrior,DampedPersistence,1,14179000,-0.06068583634081404
TR-noDynamicPrior,DampedPersistence,1,14185000,-0.12465617503532317
TR-noDynamicPrior,DampedPersistence,1,14210000,-0.03332836777924025
TR-noDynamicPrior,DampedPersistence,1,14211499,-0.14501080925611143
TR-noDynamicPrior,DampedPersistence,1,14211500,-0.18746312740006887
TR-noDynamicPrior,DampedPersistence,1,14320934,-0.1293663289997315
TR-noDynamicPrior,DampedPersistence,1,255534081324000,-0.1794951990941127
TR-noDynamicPrior,DampedPersistence,3,01073319,-0.15227654622289055
TR-noDynamicPrior,DampedPersistence,3,01104415,-0.08743192130284427
TR-noDynamicPrior,DampedPersistence,3,01104455,-0.07904598672986629
TR-noDynamicPrior,DampedPersistence,3,01104475,-0.06586361197433144
TR-noDynamicPrior,DampedPersistence,3,01129500,-0.16130803497112178
TR-noDynamicPrior,DampedPersistence,3,01400500,-0.16815667891756014
TR-noDynamicPrior,DampedPersistence,3,01408029,-0.16143735630796652
TR-noDynamicPrior,DampedPersistence,3,01425000,0.043386245953457525
TR-noDynamicPrior,DampedPersistence,3,01426500,-0.028484423728859065
TR-noDynamicPrior,DampedPersistence,3,01427207,-0.16444663411874028
TR-noDynamicPrior,DampedPersistence,3,01428500,-0.2007147679254262
TR-noDynamicPrior,DampedPersistence,3,01463500,-0.2149194214668284
TR-noDynamicPrior,DampedPersistence,3,01480617,-0.12932807345619102
TR-noDynamicPrior,DampedPersistence,3,01540500,-0.21682050971198397
TR-noDynamicPrior,DampedPersistence,3,01542500,-0.1585003225558268
TR-noDynamicPrior,DampedPersistence,3,01549700,-0.21974135559013375
TR-noDynamicPrior,DampedPersistence,3,02110701,-0.20975761951705452
TR-noDynamicPrior,DampedPersistence,3,02176930,-0.18606453182296567
TR-noDynamicPrior,DampedPersistence,3,02266300,-0.11420431895738137
TR-noDynamicPrior,DampedPersistence,3,02330450,-0.1449083715954378
TR-noDynamicPrior,DampedPersistence,3,02334430,0.10905196124900074
TR-noDynamicPrior,DampedPersistence,3,02334885,-0.21913367443248188
TR-noDynamicPrior,DampedPersistence,3,02336120,-0.17398425618790347
TR-noDynamicPrior,DampedPersistence,3,02336300,-0.17282152242692317
TR-noDynamicPrior,DampedPersistence,3,02336728,-0.02144952091172936
TR-noDynamicPrior,DampedPersistence,3,02397000,-0.22951284349095769
TR-noDynamicPrior,DampedPersistence,3,02455980,-0.12290129906353853
TR-noDynamicPrior,DampedPersistence,3,02458450,-0.13799667239128355
TR-noDynamicPrior,DampedPersistence,3,02474560,-0.2048936266690169
TR-noDynamicPrior,DampedPersistence,3,03007800,-0.19600414842599556
TR-noDynamicPrior,DampedPersistence,3,03034000,-0.19563445295448623
TR-noDynamicPrior,DampedPersistence,3,03036000,-0.14084601416582287
TR-noDynamicPrior,DampedPersistence,3,03047000,-0.25202060058152753
TR-noDynamicPrior,DampedPersistence,3,03077500,0.042345885354965085
TR-noDynamicPrior,DampedPersistence,3,03105500,-0.2263808836587078
TR-noDynamicPrior,DampedPersistence,3,03106000,-0.23464552485656398
TR-noDynamicPrior,DampedPersistence,3,03301900,-0.13096369340740743
TR-noDynamicPrior,DampedPersistence,3,03353200,-0.19372154492246563
TR-noDynamicPrior,DampedPersistence,3,03456991,-0.16116686777633404
TR-noDynamicPrior,DampedPersistence,3,04027000,-0.13858651307955183
TR-noDynamicPrior,DampedPersistence,3,04043238,-0.06986654629699096
TR-noDynamicPrior,DampedPersistence,3,04043244,-0.06730069194706423
TR-noDynamicPrior,DampedPersistence,3,04067500,-0.08375080342222985
TR-noDynamicPrior,DampedPersistence,3,04077630,-0.13327043611691836
TR-noDynamicPrior,DampedPersistence,3,04124200,0.0529612165878765
TR-noDynamicPrior,DampedPersistence,3,04125460,-0.12601203721587573
TR-noDynamicPrior,DampedPersistence,3,04137005,-0.08838607060133952
TR-noDynamicPrior,DampedPersistence,3,04176500,-0.18366327929864013
TR-noDynamicPrior,DampedPersistence,3,04208000,-0.19256449410184473
TR-noDynamicPrior,DampedPersistence,3,05054000,-0.07086186542702222
TR-noDynamicPrior,DampedPersistence,3,05057000,-0.12632838297366655
TR-noDynamicPrior,DampedPersistence,3,05289800,-0.06597629400064742
TR-noDynamicPrior,DampedPersistence,3,05331833,-0.06625806904367049
TR-noDynamicPrior,DampedPersistence,3,05370000,-0.0035537204934286137
TR-noDynamicPrior,DampedPersistence,3,05382255,-0.045579648131656825
TR-noDynamicPrior,DampedPersistence,3,05382257,-0.0502285581028632
TR-noDynamicPrior,DampedPersistence,3,05406457,0.005943029046727055
TR-noDynamicPrior,DampedPersistence,3,05458300,-0.1773246373125954
TR-noDynamicPrior,DampedPersistence,3,05517000,-0.17868282312217265
TR-noDynamicPrior,DampedPersistence,3,06036805,-0.09432067006912082
TR-noDynamicPrior,DampedPersistence,3,06036905,-0.07617525816406223
TR-noDynamicPrior,DampedPersistence,3,06036940,0.05917463087057806
TR-noDynamicPrior,DampedPersistence,3,06041000,-0.10791886582922472
TR-noDynamicPrior,DampedPersistence,3,06623800,-0.01663527062023784
TR-noDynamicPrior,DampedPersistence,3,06894000,-0.2307660856335727
TR-noDynamicPrior,DampedPersistence,3,06934500,-0.13551411173659966
TR-noDynamicPrior,DampedPersistence,3,07106000,0.0027598976182741097
TR-noDynamicPrior,DampedPersistence,3,07178200,-0.1212409079264436
TR-noDynamicPrior,DampedPersistence,3,07194880,-0.06848193759331256
TR-noDynamicPrior,DampedPersistence,3,07332622,-0.12479356858054791
TR-noDynamicPrior,DampedPersistence,3,08048000,-0.09931382620680829
TR-noDynamicPrior,DampedPersistence,3,08052700,-0.133043625867868
TR-noDynamicPrior,DampedPersistence,3,08065350,-0.20270733032953703
TR-noDynamicPrior,DampedPersistence,3,08070200,-0.18797151765980713
TR-noDynamicPrior,DampedPersistence,3,08123850,-0.11867583482389055
TR-noDynamicPrior,DampedPersistence,3,09136100,-0.09899990174789886
TR-noDynamicPrior,DampedPersistence,3,09144250,-0.10367645814692361
TR-noDynamicPrior,DampedPersistence,3,09149500,-0.09403970761739999
TR-noDynamicPrior,DampedPersistence,3,09163500,-0.1558944161156628
TR-noDynamicPrior,DampedPersistence,3,09180000,-0.15183739479514413
TR-noDynamicPrior,DampedPersistence,3,09261000,-0.14565489716624058
TR-noDynamicPrior,DampedPersistence,3,09302000,-0.1102596537963938
TR-noDynamicPrior,DampedPersistence,3,09380000,-0.04707760202538691
TR-noDynamicPrior,DampedPersistence,3,10129900,-0.049827670063518736
TR-noDynamicPrior,DampedPersistence,3,10301500,-0.08717737085120802
TR-noDynamicPrior,DampedPersistence,3,10351600,-0.18952225811980594
TR-noDynamicPrior,DampedPersistence,3,11262900,-0.09290021284314665
TR-noDynamicPrior,DampedPersistence,3,11467000,-0.10282552378699494
TR-noDynamicPrior,DampedPersistence,3,11507500,-0.15573279549905727
TR-noDynamicPrior,DampedPersistence,3,12056500,-0.034832888899943515
TR-noDynamicPrior,DampedPersistence,3,12115000,0.02230471705028203
TR-noDynamicPrior,DampedPersistence,3,12117600,-0.011700935918235067
TR-noDynamicPrior,DampedPersistence,3,12210700,-0.050151924136231596
TR-noDynamicPrior,DampedPersistence,3,12212050,-0.05139150573926199
TR-noDynamicPrior,DampedPersistence,3,12213100,-0.09775909190087329
TR-noDynamicPrior,DampedPersistence,3,12363000,-0.0457440223040978
TR-noDynamicPrior,DampedPersistence,3,12398600,-0.039533780594213086
TR-noDynamicPrior,DampedPersistence,3,13018350,-0.07629896629744115
TR-noDynamicPrior,DampedPersistence,3,13154500,-0.13260275405560673
TR-noDynamicPrior,DampedPersistence,3,13317660,-0.055787701873373674
TR-noDynamicPrior,DampedPersistence,3,13342500,-0.04366667382122347
TR-noDynamicPrior,DampedPersistence,3,14091500,0.007746135944119437
TR-noDynamicPrior,DampedPersistence,3,14150800,-0.11440180902584318
TR-noDynamicPrior,DampedPersistence,3,14151000,-0.039825452365548575
TR-noDynamicPrior,DampedPersistence,3,14152000,-0.02278305919983148
TR-noDynamicPrior,DampedPersistence,3,14153500,-0.06427720425976324
TR-noDynamicPrior,DampedPersistence,3,14154500,-0.15034022104203282
TR-noDynamicPrior,DampedPersistence,3,14159500,0.011011490472866092
TR-noDynamicPrior,DampedPersistence,3,14161500,-0.03559757017475995
TR-noDynamicPrior,DampedPersistence,3,14179000,-0.047773735191747435
TR-noDynamicPrior,DampedPersistence,3,14185000,-0.09948357009135345
TR-noDynamicPrior,DampedPersistence,3,14210000,-0.12096172648307069
TR-noDynamicPrior,DampedPersistence,3,14211499,-0.07722177939210129
TR-noDynamicPrior,DampedPersistence,3,14211500,-0.11401384380660518
TR-noDynamicPrior,DampedPersistence,3,14320934,-0.08797993268147719
TR-noDynamicPrior,DampedPersistence,3,255534081324000,-0.13937249984454847
TR-noDynamicPrior,DampedPersistence,7,01073319,-0.10619907731920208
TR-noDynamicPrior,DampedPersistence,7,01104415,-0.015187958295995507
TR-noDynamicPrior,DampedPersistence,7,01104455,-0.07442041566191793
TR-noDynamicPrior,DampedPersistence,7,01104475,-0.01807295928558461
TR-noDynamicPrior,DampedPersistence,7,01129500,-0.10122464420044586
TR-noDynamicPrior,DampedPersistence,7,01400500,-0.06148098630452159
TR-noDynamicPrior,DampedPersistence,7,01408029,-0.069165619196915
TR-noDynamicPrior,DampedPersistence,7,01425000,0.05879714948715142
TR-noDynamicPrior,DampedPersistence,7,01426500,0.002708561336187465
TR-noDynamicPrior,DampedPersistence,7,01427207,-0.058483455262361206
TR-noDynamicPrior,DampedPersistence,7,01428500,-0.0983028800078003
TR-noDynamicPrior,DampedPersistence,7,01463500,-0.09620926017717557
TR-noDynamicPrior,DampedPersistence,7,01480617,-0.023661859676526786
TR-noDynamicPrior,DampedPersistence,7,01540500,-0.12218964354728912
TR-noDynamicPrior,DampedPersistence,7,01542500,-0.046910823319029404
TR-noDynamicPrior,DampedPersistence,7,01549700,-0.11605374028307347
TR-noDynamicPrior,DampedPersistence,7,02110701,-0.0741619734228367
TR-noDynamicPrior,DampedPersistence,7,02176930,-0.07137110501952892
TR-noDynamicPrior,DampedPersistence,7,02266300,-0.0437962930707998
TR-noDynamicPrior,DampedPersistence,7,02330450,-0.03804667915404081
TR-noDynamicPrior,DampedPersistence,7,02334430,0.03314377251280032
TR-noDynamicPrior,DampedPersistence,7,02334885,-0.09498122250352159
TR-noDynamicPrior,DampedPersistence,7,02336120,-0.0564613573425401
TR-noDynamicPrior,DampedPersistence,7,02336300,-0.06225611182960611
TR-noDynamicPrior,DampedPersistence,7,02336728,-0.06554535978540388
TR-noDynamicPrior,DampedPersistence,7,02397000,-0.1124180573178084
TR-noDynamicPrior,DampedPersistence,7,02455980,-0.024529267854128234
TR-noDynamicPrior,DampedPersistence,7,02458450,-0.0470207732751613
TR-noDynamicPrior,DampedPersistence,7,02474560,-0.11745863787912114
TR-noDynamicPrior,DampedPersistence,7,03007800,-0.09039089344853268
TR-noDynamicPrior,DampedPersistence,7,03034000,-0.11250642202695538
TR-noDynamicPrior,DampedPersistence,7,03036000,-0.11629118366616731
TR-noDynamicPrior,DampedPersistence,7,03047000,-0.16517643202026866
TR-noDynamicPrior,DampedPersistence,7,03077500,0.007454473113781779
TR-noDynamicPrior,DampedPersistence,7,03105500,-0.10972397407033752
TR-noDynamicPrior,DampedPersistence,7,03106000,-0.10485228254630119
TR-noDynamicPrior,DampedPersistence,7,03301900,-0.017576925586712644
TR-noDynamicPrior,DampedPersistence,7,03353200,-0.0721309233455294
TR-noDynamicPrior,DampedPersistence,7,03456991,-0.06140284780339478
TR-noDynamicPrior,DampedPersistence,7,04027000,-0.09281622684371227
TR-noDynamicPrior,DampedPersistence,7,04043238,-0.05326609999763221
TR-noDynamicPrior,DampedPersistence,7,04043244,-0.05299043325654629
TR-noDynamicPrior,DampedPersistence,7,04067500,-0.09950944993300537
TR-noDynamicPrior,DampedPersistence,7,04077630,-0.11802727095746612
TR-noDynamicPrior,DampedPersistence,7,04124200,0.012013726376275624
TR-noDynamicPrior,DampedPersistence,7,04125460,-0.07285907938973013
TR-noDynamicPrior,DampedPersistence,7,04137005,-0.0726591475752918
TR-noDynamicPrior,DampedPersistence,7,04176500,-0.1031801476974763
TR-noDynamicPrior,DampedPersistence,7,04208000,-0.08303837789150581
TR-noDynamicPrior,DampedPersistence,7,05054000,-0.08776089434244261
TR-noDynamicPrior,DampedPersistence,7,05057000,-0.08087173526354752
TR-noDynamicPrior,DampedPersistence,7,05289800,-0.09284734310782117
TR-noDynamicPrior,DampedPersistence,7,05331833,-0.04606350750313393
TR-noDynamicPrior,DampedPersistence,7,05370000,-0.05452161953853518
TR-noDynamicPrior,DampedPersistence,7,05382255,-0.030523955761680988
TR-noDynamicPrior,DampedPersistence,7,05382257,-0.02906353723686661
TR-noDynamicPrior,DampedPersistence,7,05406457,0.01596311137900175
TR-noDynamicPrior,DampedPersistence,7,05458300,-0.1631038329961787
TR-noDynamicPrior,DampedPersistence,7,05517000,-0.07765458747148601
TR-noDynamicPrior,DampedPersistence,7,06036805,-0.08442545828237669
TR-noDynamicPrior,DampedPersistence,7,06036905,-0.06212601730491785
TR-noDynamicPrior,DampedPersistence,7,06036940,0.011440079258127955
TR-noDynamicPrior,DampedPersistence,7,06041000,-0.055227816572002375
TR-noDynamicPrior,DampedPersistence,7,06623800,0.0016146179611777889
TR-noDynamicPrior,DampedPersistence,7,06894000,-0.1137491440054661
TR-noDynamicPrior,DampedPersistence,7,06934500,-0.08513939568497975
TR-noDynamicPrior,DampedPersistence,7,07106000,0.020393447564158063
TR-noDynamicPrior,DampedPersistence,7,07178200,-0.0641207779846602
TR-noDynamicPrior,DampedPersistence,7,07194880,-0.0019064692785186743
TR-noDynamicPrior,DampedPersistence,7,07332622,-0.07311892203270576
TR-noDynamicPrior,DampedPersistence,7,08048000,-0.07630932200679852
TR-noDynamicPrior,DampedPersistence,7,08052700,-0.04790350512195252
TR-noDynamicPrior,DampedPersistence,7,08065350,-0.14143677714971403
TR-noDynamicPrior,DampedPersistence,7,08070200,-0.11165704849419233
TR-noDynamicPrior,DampedPersistence,7,08123850,-0.022483990047640123
TR-noDynamicPrior,DampedPersistence,7,09136100,-0.07973693975947205
TR-noDynamicPrior,DampedPersistence,7,09144250,-0.07155363524000502
TR-noDynamicPrior,DampedPersistence,7,09149500,-0.03967845073795084
TR-noDynamicPrior,DampedPersistence,7,09163500,-0.12027057006712161
TR-noDynamicPrior,DampedPersistence,7,09180000,-0.13701182827382974
TR-noDynamicPrior,DampedPersistence,7,09261000,-0.09653575409220716
TR-noDynamicPrior,DampedPersistence,7,09302000,-0.12269570620385828
TR-noDynamicPrior,DampedPersistence,7,09380000,-0.09684384194793838
TR-noDynamicPrior,DampedPersistence,7,10129900,-0.030588517629641654
TR-noDynamicPrior,DampedPersistence,7,10301500,-0.03963162461903136
TR-noDynamicPrior,DampedPersistence,7,10351600,-0.13257918813273517
TR-noDynamicPrior,DampedPersistence,7,11262900,-0.06873568293200227
TR-noDynamicPrior,DampedPersistence,7,11467000,-0.060979349864758614
TR-noDynamicPrior,DampedPersistence,7,11507500,-0.09402443314310727
TR-noDynamicPrior,DampedPersistence,7,12056500,-0.015032909755282375
TR-noDynamicPrior,DampedPersistence,7,12115000,-0.004658289315602637
TR-noDynamicPrior,DampedPersistence,7,12117600,-0.025032430260597205
TR-noDynamicPrior,DampedPersistence,7,12210700,-0.022495205129635654
TR-noDynamicPrior,DampedPersistence,7,12212050,-0.02065019285053893
TR-noDynamicPrior,DampedPersistence,7,12213100,-0.04242645285992319
TR-noDynamicPrior,DampedPersistence,7,12363000,-0.044836072075286504
TR-noDynamicPrior,DampedPersistence,7,12398600,-0.06476573620603321
TR-noDynamicPrior,DampedPersistence,7,13018350,-0.03289471716123149
TR-noDynamicPrior,DampedPersistence,7,13154500,-0.08951066439609034
TR-noDynamicPrior,DampedPersistence,7,13317660,-0.012645024385936288
TR-noDynamicPrior,DampedPersistence,7,13342500,-0.006610653879457473
TR-noDynamicPrior,DampedPersistence,7,14091500,0.032856225785041326
TR-noDynamicPrior,DampedPersistence,7,14150800,-0.10871045032828386
TR-noDynamicPrior,DampedPersistence,7,14151000,-0.05442682950404043
TR-noDynamicPrior,DampedPersistence,7,14152000,-0.029168575668121366
TR-noDynamicPrior,DampedPersistence,7,14153500,-0.07233839494411765
TR-noDynamicPrior,DampedPersistence,7,14154500,-0.13491446384230565
TR-noDynamicPrior,DampedPersistence,7,14159500,-0.009202824160209677
TR-noDynamicPrior,DampedPersistence,7,14161500,-0.05780529681640911
TR-noDynamicPrior,DampedPersistence,7,14179000,-0.05476326453001201
TR-noDynamicPrior,DampedPersistence,7,14185000,-0.08487779771679183
TR-noDynamicPrior,DampedPersistence,7,14210000,-0.09160226389208104
TR-noDynamicPrior,DampedPersistence,7,14211499,-0.07501558266321395
TR-noDynamicPrior,DampedPersistence,7,14211500,-0.08562326658174224
TR-noDynamicPrior,DampedPersistence,7,14320934,-0.08448908057702131
TR-noDynamicPrior,DampedPersistence,7,255534081324000,-0.11285460342576625
TR-noDynamicPrior,Climatology,1,01073319,-1.2459785519085724
TR-noDynamicPrior,Climatology,1,01104415,-0.8191621605669033
TR-noDynamicPrior,Climatology,1,01104455,-1.0241768737281933
TR-noDynamicPrior,Climatology,1,01104475,-1.1424168692842902
TR-noDynamicPrior,Climatology,1,01129500,-1.1441320493454632
TR-noDynamicPrior,Climatology,1,01400500,-1.4885571262302488
TR-noDynamicPrior,Climatology,1,01408029,-1.234772278858029
TR-noDynamicPrior,Climatology,1,01425000,-0.949025235539892
TR-noDynamicPrior,Climatology,1,01426500,-0.8185325146988818
TR-noDynamicPrior,Climatology,1,01427207,-1.1942272619868617
TR-noDynamicPrior,Climatology,1,01428500,-1.5221939546873298
TR-noDynamicPrior,Climatology,1,01463500,-1.4059531271001315
TR-noDynamicPrior,Climatology,1,01480617,-1.1998378033877124
TR-noDynamicPrior,Climatology,1,01540500,-1.4805057016199512
TR-noDynamicPrior,Climatology,1,01542500,-1.4832629802429653
TR-noDynamicPrior,Climatology,1,01549700,-1.585217251754767
TR-noDynamicPrior,Climatology,1,02110701,-1.57149645675428
TR-noDynamicPrior,Climatology,1,02176930,-1.3308869328984214
TR-noDynamicPrior,Climatology,1,02266300,-1.4031909502345592
TR-noDynamicPrior,Climatology,1,02330450,-1.0895720267577294
TR-noDynamicPrior,Climatology,1,02334430,-1.4023828004397165
TR-noDynamicPrior,Climatology,1,02334885,-1.5131384232217695
TR-noDynamicPrior,Climatology,1,02336120,-1.444621420771894
TR-noDynamicPrior,Climatology,1,02336300,-1.4875130784374844
TR-noDynamicPrior,Climatology,1,02336728,-2.5997693208437562
TR-noDynamicPrior,Climatology,1,02397000,-1.2431590219951754
TR-noDynamicPrior,Climatology,1,02455980,-1.0497587300645757
TR-noDynamicPrior,Climatology,1,02458450,-1.2457869021719161
TR-noDynamicPrior,Climatology,1,02474560,-2.0247506728585503
TR-noDynamicPrior,Climatology,1,03007800,-1.4962347371392752
TR-noDynamicPrior,Climatology,1,03034000,-1.482646495981137
TR-noDynamicPrior,Climatology,1,03036000,-1.1586827165356732
TR-noDynamicPrior,Climatology,1,03047000,-1.3434718708528406
TR-noDynamicPrior,Climatology,1,03077500,-1.0951870389938183
TR-noDynamicPrior,Climatology,1,03105500,-1.658585016594336
TR-noDynamicPrior,Climatology,1,03106000,-1.6358397064787988
TR-noDynamicPrior,Climatology,1,03301900,-1.3297644100308719
TR-noDynamicPrior,Climatology,1,03353200,-1.5002305265338793
TR-noDynamicPrior,Climatology,1,03456991,-1.252197135800011
TR-noDynamicPrior,Climatology,1,04027000,-1.4825558028602521
TR-noDynamicPrior,Climatology,1,04043238,-0.9847361762269968
TR-noDynamicPrior,Climatology,1,04043244,-0.8997571283931863
TR-noDynamicPrior,Climatology,1,04067500,-1.3285559125583435
TR-noDynamicPrior,Climatology,1,04077630,-1.1917842366167726
TR-noDynamicPrior,Climatology,1,04124200,-0.7935561829063271
TR-noDynamicPrior,Climatology,1,04125460,-1.0552026696056989
TR-noDynamicPrior,Climatology,1,04137005,-1.1014795929641
TR-noDynamicPrior,Climatology,1,04176500,-1.5230619818183144
TR-noDynamicPrior,Climatology,1,04208000,-1.4676793322989639
TR-noDynamicPrior,Climatology,1,05054000,-1.6559723963493227
TR-noDynamicPrior,Climatology,1,05057000,-1.6135395793536291
TR-noDynamicPrior,Climatology,1,05289800,-1.38301993465093
TR-noDynamicPrior,Climatology,1,05331833,-1.0232563099947716
TR-noDynamicPrior,Climatology,1,05370000,-0.9281906641179081
TR-noDynamicPrior,Climatology,1,05382255,-0.7787511024257635
TR-noDynamicPrior,Climatology,1,05382257,-0.6216934624608326
TR-noDynamicPrior,Climatology,1,05406457,-0.5628990109051153
TR-noDynamicPrior,Climatology,1,05458300,-1.703567871384744
TR-noDynamicPrior,Climatology,1,05517000,-1.6456368446419276
TR-noDynamicPrior,Climatology,1,06036805,-0.861012889435131
TR-noDynamicPrior,Climatology,1,06036905,-1.0406038112767462
TR-noDynamicPrior,Climatology,1,06036940,-1.149382033119354
TR-noDynamicPrior,Climatology,1,06041000,-1.252279453169105
TR-noDynamicPrior,Climatology,1,06623800,-0.3589764361726978
TR-noDynamicPrior,Climatology,1,06894000,-1.6174237221433048
TR-noDynamicPrior,Climatology,1,06934500,-1.43945119991779
TR-noDynamicPrior,Climatology,1,07106000,-0.7044071081054115
TR-noDynamicPrior,Climatology,1,07178200,-1.7197304537002707
TR-noDynamicPrior,Climatology,1,07194880,-0.7056444037543947
TR-noDynamicPrior,Climatology,1,07332622,-1.5514456993469405
TR-noDynamicPrior,Climatology,1,08048000,-1.5559185317029323
TR-noDynamicPrior,Climatology,1,08052700,-1.6013711799514327
TR-noDynamicPrior,Climatology,1,08065350,-1.8917315762122597
TR-noDynamicPrior,Climatology,1,08070200,-1.812578567710767
TR-noDynamicPrior,Climatology,1,08123850,-1.5610745909600965
TR-noDynamicPrior,Climatology,1,09136100,-1.2388218789076313
TR-noDynamicPrior,Climatology,1,09144250,-1.24252359275684
TR-noDynamicPrior,Climatology,1,09149500,-0.7730114084123564
TR-noDynamicPrior,Climatology,1,09163500,-1.402258476549087
TR-noDynamicPrior,Climatology,1,09180000,-1.4321925769591877
TR-noDynamicPrior,Climatology,1,09261000,-1.1179818943321052
TR-noDynamicPrior,Climatology,1,09302000,-1.4013104481998027
TR-noDynamicPrior,Climatology,1,09380000,-3.4214115038362642
TR-noDynamicPrior,Climatology,1,10129900,-0.9794431655747065
TR-noDynamicPrior,Climatology,1,10301500,-1.2532212647401413
TR-noDynamicPrior,Climatology,1,10351600,-1.5389288824229603
TR-noDynamicPrior,Climatology,1,11262900,-0.9447918808802903
TR-noDynamicPrior,Climatology,1,11467000,-1.1140143451445563
TR-noDynamicPrior,Climatology,1,11507500,-1.5514936978984921
TR-noDynamicPrior,Climatology,1,12056500,-0.6737558898938389
TR-noDynamicPrior,Climatology,1,12115000,-0.5435735576411876
TR-noDynamicPrior,Climatology,1,12117600,-0.6686558562239354
TR-noDynamicPrior,Climatology,1,12210700,-0.8002274567870166
TR-noDynamicPrior,Climatology,1,12212050,-0.9661059974490414
TR-noDynamicPrior,Climatology,1,12213100,-1.0887763056125643
TR-noDynamicPrior,Climatology,1,12363000,-0.9615712458618584
TR-noDynamicPrior,Climatology,1,12398600,-1.4779172835361436
TR-noDynamicPrior,Climatology,1,13018350,-0.8528249424630893
TR-noDynamicPrior,Climatology,1,13154500,-0.8492557121466778
TR-noDynamicPrior,Climatology,1,13317660,-0.9101169637738286
TR-noDynamicPrior,Climatology,1,13342500,-0.9426448315868587
TR-noDynamicPrior,Climatology,1,14091500,-0.2820855543990727
TR-noDynamicPrior,Climatology,1,14150800,-1.378759969049886
TR-noDynamicPrior,Climatology,1,14151000,-2.429858403047175
TR-noDynamicPrior,Climatology,1,14152000,-1.131497446744683
TR-noDynamicPrior,Climatology,1,14153500,-2.1018982908606842
TR-noDynamicPrior,Climatology,1,14154500,-1.7873625739076617
TR-noDynamicPrior,Climatology,1,14159500,-0.9449725905909121
TR-noDynamicPrior,Climatology,1,14161500,-0.9823925696227582
TR-noDynamicPrior,Climatology,1,14179000,-1.0323100816097817
TR-noDynamicPrior,Climatology,1,14185000,-1.20609531365297
TR-noDynamicPrior,Climatology,1,14210000,-1.254116332252134
TR-noDynamicPrior,Climatology,1,14211499,-1.164076652513454
TR-noDynamicPrior,Climatology,1,14211500,-1.3803807173654474
TR-noDynamicPrior,Climatology,1,14320934,-1.4364411355175555
TR-noDynamicPrior,Climatology,1,255534081324000,-1.134417831198761
TR-noDynamicPrior,Climatology,3,01073319,-0.3587624688987141
TR-noDynamicPrior,Climatology,3,01104415,-0.2429200953900592
TR-noDynamicPrior,Climatology,3,01104455,-0.49695719105217284
TR-noDynamicPrior,Climatology,3,01104475,-0.46757296216427946
TR-noDynamicPrior,Climatology,3,01129500,-0.407692601734432
TR-noDynamicPrior,Climatology,3,01400500,-0.4965596938548624
TR-noDynamicPrior,Climatology,3,01408029,-0.3320964353498219
TR-noDynamicPrior,Climatology,3,01425000,-0.6385099199898863
TR-noDynamicPrior,Climatology,3,01426500,-0.39424227702364933
TR-noDynamicPrior,Climatology,3,01427207,-0.3851279988416696
TR-noDynamicPrior,Climatology,3,01428500,-0.5888384803655442
TR-noDynamicPrior,Climatology,3,01463500,-0.6058907671164235
TR-noDynamicPrior,Climatology,3,01480617,-0.3765741765857593
TR-noDynamicPrior,Climatology,3,01540500,-0.7668136203201958
TR-noDynamicPrior,Climatology,3,01542500,-0.5237587508894677
TR-noDynamicPrior,Climatology,3,01549700,-0.6194839057558716
TR-noDynamicPrior,Climatology,3,02110701,-0.5418131244613216
TR-noDynamicPrior,Climatology,3,02176930,-0.5276954290986018
TR-noDynamicPrior,Climatology,3,02266300,-0.555296192854998
TR-noDynamicPrior,Climatology,3,02330450,-0.39495691773019725
TR-noDynamicPrior,Climatology,3,02334430,-1.2629112189615337
TR-noDynamicPrior,Climatology,3,02334885,-0.5406772614088393
TR-noDynamicPrior,Climatology,3,02336120,-0.4729550083925653
TR-noDynamicPrior,Climatology,3,02336300,-0.4797168640068141
TR-noDynamicPrior,Climatology,3,02336728,-1.7480455123700243
TR-noDynamicPrior,Climatology,3,02397000,-0.5853394505301917
TR-noDynamicPrior,Climatology,3,02455980,-0.3347659294177985
TR-noDynamicPrior,Climatology,3,02458450,-0.4854632954214153
TR-noDynamicPrior,Climatology,3,02474560,-1.1011169630994488
TR-noDynamicPrior,Climatology,3,03007800,-0.5378858528786725
TR-noDynamicPrior,Climatology,3,03034000,-0.4922541890745975
TR-noDynamicPrior,Climatology,3,03036000,-0.7682493499389852
TR-noDynamicPrior,Climatology,3,03047000,-0.7273846206417753
TR-noDynamicPrior,Climatology,3,03077500,-0.9320803479720143
TR-noDynamicPrior,Climatology,3,03105500,-0.7146751355430838
TR-noDynamicPrior,Climatology,3,03106000,-0.5081604916887645
TR-noDynamicPrior,Climatology,3,03301900,-0.4747961986718614
TR-noDynamicPrior,Climatology,3,03353200,-0.42293876342507786
TR-noDynamicPrior,Climatology,3,03456991,-0.49112149147507056
TR-noDynamicPrior,Climatology,3,04027000,-0.5378921739170883
TR-noDynamicPrior,Climatology,3,04043238,-0.3283078143231226
TR-noDynamicPrior,Climatology,3,04043244,-0.2951447534550755
TR-noDynamicPrior,Climatology,3,04067500,-0.5806863007844343
TR-noDynamicPrior,Climatology,3,04077630,-0.3690471681330103
TR-noDynamicPrior,Climatology,3,04124200,-0.586822452435253
TR-noDynamicPrior,Climatology,3,04125460,-0.3365197225272438
TR-noDynamicPrior,Climatology,3,04137005,-0.702674632978516
TR-noDynamicPrior,Climatology,3,04176500,-0.7203317199862793
TR-noDynamicPrior,Climatology,3,04208000,-0.4890894503298193
TR-noDynamicPrior,Climatology,3,05054000,-1.1282141706305266
TR-noDynamicPrior,Climatology,3,05057000,-0.7205750209049238
TR-noDynamicPrior,Climatology,3,05289800,-0.5969995261608778
TR-noDynamicPrior,Climatology,3,05331833,-0.3642222587326116
TR-noDynamicPrior,Climatology,3,05370000,-0.48462315021646574
TR-noDynamicPrior,Climatology,3,05382255,-0.2871597861754511
TR-noDynamicPrior,Climatology,3,05382257,-0.1680975122614521
TR-noDynamicPrior,Climatology,3,05406457,-0.18466947747760676
TR-noDynamicPrior,Climatology,3,05458300,-0.6470685533231486
TR-noDynamicPrior,Climatology,3,05517000,-0.6097448530437566
TR-noDynamicPrior,Climatology,3,06036805,-0.35974068414977056
TR-noDynamicPrior,Climatology,3,06036905,-0.3625725494651353
TR-noDynamicPrior,Climatology,3,06036940,-0.4484131708168999
TR-noDynamicPrior,Climatology,3,06041000,-0.6396981577722876
TR-noDynamicPrior,Climatology,3,06623800,-0.1295569267220199
TR-noDynamicPrior,Climatology,3,06894000,-0.6359291806746947
TR-noDynamicPrior,Climatology,3,06934500,-0.8214633872340749
TR-noDynamicPrior,Climatology,3,07106000,-0.0896839342879876
TR-noDynamicPrior,Climatology,3,07178200,-0.858425718629481
TR-noDynamicPrior,Climatology,3,07194880,-0.25255998535399904
TR-noDynamicPrior,Climatology,3,07332622,-0.5490599823017823
TR-noDynamicPrior,Climatology,3,08048000,-0.7301466546305695
TR-noDynamicPrior,Climatology,3,08052700,-0.43318240914672135
TR-noDynamicPrior,Climatology,3,08065350,-1.0344044025363572
TR-noDynamicPrior,Climatology,3,08070200,-0.8567162278472327
TR-noDynamicPrior,Climatology,3,08123850,-0.43832118500949013
TR-noDynamicPrior,Climatology,3,09136100,-0.7784585202206529
TR-noDynamicPrior,Climatology,3,09144250,-0.739633334079753
TR-noDynamicPrior,Climatology,3,09149500,-0.3202951267580041
TR-noDynamicPrior,Climatology,3,09163500,-0.8132804533309204
TR-noDynamicPrior,Climatology,3,09180000,-0.8028010644737711
TR-noDynamicPrior,Climatology,3,09261000,-0.44921405800023506
TR-noDynamicPrior,Climatology,3,09302000,-0.8113853165593814
TR-noDynamicPrior,Climatology,3,09380000,-3.20299220292135
TR-noDynamicPrior,Climatology,3,10129900,-0.4729919368965432
TR-noDynamicPrior,Climatology,3,10301500,-0.5080648526537952
TR-noDynamicPrior,Climatology,3,10351600,-0.7766172330326158
TR-noDynamicPrior,Climatology,3,11262900,-0.2364767725246939
TR-noDynamicPrior,Climatology,3,11467000,-0.5888433138197403
TR-noDynamicPrior,Climatology,3,11507500,-0.747659721059057
TR-noDynamicPrior,Climatology,3,12056500,-0.39643459158081185
TR-noDynamicPrior,Climatology,3,12115000,-0.30002342369883994
TR-noDynamicPrior,Climatology,3,12117600,-0.3899461440659435
TR-noDynamicPrior,Climatology,3,12210700,-0.3431566994794417
TR-noDynamicPrior,Climatology,3,12212050,-0.4451200919212579
TR-noDynamicPrior,Climatology,3,12213100,-0.5085075129563847
TR-noDynamicPrior,Climatology,3,12363000,-0.5674537599214826
TR-noDynamicPrior,Climatology,3,12398600,-1.1517391241814345
TR-noDynamicPrior,Climatology,3,13018350,-0.24001426316467134
TR-noDynamicPrior,Climatology,3,13154500,-0.5556417070931986
TR-noDynamicPrior,Climatology,3,13317660,-0.6074116869420422
TR-noDynamicPrior,Climatology,3,13342500,-0.4945490701741747
TR-noDynamicPrior,Climatology,3,14091500,-0.03065612469292145
TR-noDynamicPrior,Climatology,3,14150800,-0.6914940952630184
TR-noDynamicPrior,Climatology,3,14151000,-1.817928510978572
TR-noDynamicPrior,Climatology,3,14152000,-0.8086853821403023
TR-noDynamicPrior,Climatology,3,14153500,-1.8374927533274463
TR-noDynamicPrior,Climatology,3,14154500,-1.064616468857874
TR-noDynamicPrior,Climatology,3,14159500,-0.696052635428468
TR-noDynamicPrior,Climatology,3,14161500,-0.5590532027323316
TR-noDynamicPrior,Climatology,3,14179000,-0.6099375795739191
TR-noDynamicPrior,Climatology,3,14185000,-0.6115050834767479
TR-noDynamicPrior,Climatology,3,14210000,-0.9304744942822804
TR-noDynamicPrior,Climatology,3,14211499,-0.4328099365944782
TR-noDynamicPrior,Climatology,3,14211500,-0.5319735087231301
TR-noDynamicPrior,Climatology,3,14320934,-0.8372530068825563
TR-noDynamicPrior,Climatology,3,255534081324000,-0.2225385270907001
TR-noDynamicPrior,Climatology,7,01073319,-0.062461896989777
TR-noDynamicPrior,Climatology,7,01104415,-0.08158500110298328
TR-noDynamicPrior,Climatology,7,01104455,-0.3027682742547675
TR-noDynamicPrior,Climatology,7,01104475,-0.21026471679996983
TR-noDynamicPrior,Climatology,7,01129500,-0.1505797657515633
TR-noDynamicPrior,Climatology,7,01400500,-0.09415736148196396
TR-noDynamicPrior,Climatology,7,01408029,-0.12750639689573795
TR-noDynamicPrior,Climatology,7,01425000,-0.41585597890202586
TR-noDynamicPrior,Climatology,7,01426500,-0.18681478048274802
TR-noDynamicPrior,Climatology,7,01427207,-0.023429619643500876
TR-noDynamicPrior,Climatology,7,01428500,-0.03738329191139478
TR-noDynamicPrior,Climatology,7,01463500,-0.06535375784253206
TR-noDynamicPrior,Climatology,7,01480617,-0.10853608355040634
TR-noDynamicPrior,Climatology,7,01540500,-0.1717196988691183
TR-noDynamicPrior,Climatology,7,01542500,-0.08928783926433193
TR-noDynamicPrior,Climatology,7,01549700,-0.1541435228046879
TR-noDynamicPrior,Climatology,7,02110701,-0.12032967861363142
TR-noDynamicPrior,Climatology,7,02176930,-0.19168343895788165
TR-noDynamicPrior,Climatology,7,02266300,-0.22140927675754796
TR-noDynamicPrior,Climatology,7,02330450,-0.1097605742836123
TR-noDynamicPrior,Climatology,7,02334430,-1.093211290043548
TR-noDynamicPrior,Climatology,7,02334885,-0.13805374801470327
TR-noDynamicPrior,Climatology,7,02336120,-0.11421745446367382
TR-noDynamicPrior,Climatology,7,02336300,-0.11640090972589512
TR-noDynamicPrior,Climatology,7,02336728,-1.0408085090825643
TR-noDynamicPrior,Climatology,7,02397000,-0.13137630123838373
TR-noDynamicPrior,Climatology,7,02455980,-0.07356408953011884
TR-noDynamicPrior,Climatology,7,02458450,-0.15975259379241558
TR-noDynamicPrior,Climatology,7,02474560,-0.36882574377148947
TR-noDynamicPrior,Climatology,7,03007800,-0.14359205898760408
TR-noDynamicPrior,Climatology,7,03034000,-0.1626017184447912
TR-noDynamicPrior,Climatology,7,03036000,-0.2854220317265921
TR-noDynamicPrior,Climatology,7,03047000,-0.07485745284211198
TR-noDynamicPrior,Climatology,7,03077500,-0.7741055464347876
TR-noDynamicPrior,Climatology,7,03105500,-0.2896082814323697
TR-noDynamicPrior,Climatology,7,03106000,-0.0694254275505255
TR-noDynamicPrior,Climatology,7,03301900,-0.15466952097679698
TR-noDynamicPrior,Climatology,7,03353200,-0.04931949664615631
TR-noDynamicPrior,Climatology,7,03456991,-0.1424503915982811
TR-noDynamicPrior,Climatology,7,04027000,-0.16788712656373495
TR-noDynamicPrior,Climatology,7,04043238,-0.07779402098793775
TR-noDynamicPrior,Climatology,7,04043244,-0.07224949835987116
TR-noDynamicPrior,Climatology,7,04067500,-0.04471554727320526
TR-noDynamicPrior,Climatology,7,04077630,-0.028411278491519365
TR-noDynamicPrior,Climatology,7,04124200,-0.23932341528317325
TR-noDynamicPrior,Climatology,7,04125460,-0.053500575239110004
TR-noDynamicPrior,Climatology,7,04137005,-0.12951532318257564
TR-noDynamicPrior,Climatology,7,04176500,-0.029452488463307613
TR-noDynamicPrior,Climatology,7,04208000,-0.08997183995703484
TR-noDynamicPrior,Climatology,7,05054000,-0.5210663390858365
TR-noDynamicPrior,Climatology,7,05057000,-0.21802796525955692
TR-noDynamicPrior,Climatology,7,05289800,-0.16155671639882518
TR-noDynamicPrior,Climatology,7,05331833,-0.10817719297950545
TR-noDynamicPrior,Climatology,7,05370000,-0.14124902607021195
TR-noDynamicPrior,Climatology,7,05382255,-0.022652234544299654
TR-noDynamicPrior,Climatology,7,05382257,-0.055475795255940374
TR-noDynamicPrior,Climatology,7,05406457,-0.03905585937181977
TR-noDynamicPrior,Climatology,7,05458300,-0.11258777239137041
TR-noDynamicPrior,Climatology,7,05517000,-0.11896209756613674
TR-noDynamicPrior,Climatology,7,06036805,-0.19826167556138152
TR-noDynamicPrior,Climatology,7,06036905,-0.16714937572439204
TR-noDynamicPrior,Climatology,7,06036940,-0.1277803440387668
TR-noDynamicPrior,Climatology,7,06041000,-0.12169501421990248
TR-noDynamicPrior,Climatology,7,06623800,-0.02203093082562879
TR-noDynamicPrior,Climatology,7,06894000,-0.04328119325852464
TR-noDynamicPrior,Climatology,7,06934500,-0.1439335343994601
TR-noDynamicPrior,Climatology,7,07106000,1.398620220616209e-05
TR-noDynamicPrior,Climatology,7,07178200,-0.28513194543129217
TR-noDynamicPrior,Climatology,7,07194880,-0.0566340309874811
TR-noDynamicPrior,Climatology,7,07332622,-0.1363686139900664
TR-noDynamicPrior,Climatology,7,08048000,-0.23421268422893982
TR-noDynamicPrior,Climatology,7,08052700,-0.05521209046628872
TR-noDynamicPrior,Climatology,7,08065350,-0.2180108805861818
TR-noDynamicPrior,Climatology,7,08070200,-0.18757852840596145
TR-noDynamicPrior,Climatology,7,08123850,-0.05871351646540379
TR-noDynamicPrior,Climatology,7,09136100,-0.5388704973943363
TR-noDynamicPrior,Climatology,7,09144250,-0.5198890464116734
TR-noDynamicPrior,Climatology,7,09149500,-0.15839268855589106
TR-noDynamicPrior,Climatology,7,09163500,-0.4645577137707999
TR-noDynamicPrior,Climatology,7,09180000,-0.5116682942768853
TR-noDynamicPrior,Climatology,7,09261000,-0.07319519295747323
TR-noDynamicPrior,Climatology,7,09302000,-0.4987375282353823
TR-noDynamicPrior,Climatology,7,09380000,-2.9361439296703926
TR-noDynamicPrior,Climatology,7,10129900,-0.2956336578805008
TR-noDynamicPrior,Climatology,7,10301500,-0.17674395238177087
TR-noDynamicPrior,Climatology,7,10351600,-0.43120040632438883
TR-noDynamicPrior,Climatology,7,11262900,-0.0693942449110505
TR-noDynamicPrior,Climatology,7,11467000,-0.25086571292700155
TR-noDynamicPrior,Climatology,7,11507500,-0.1683325394227837
TR-noDynamicPrior,Climatology,7,12056500,-0.21134364037347675
TR-noDynamicPrior,Climatology,7,12115000,-0.1745131222059192
TR-noDynamicPrior,Climatology,7,12117600,-0.22310163508199476
TR-noDynamicPrior,Climatology,7,12210700,-0.13418562422710867
TR-noDynamicPrior,Climatology,7,12212050,-0.15211208562399903
TR-noDynamicPrior,Climatology,7,12213100,-0.27287624521818166
TR-noDynamicPrior,Climatology,7,12363000,-0.36582904015531303
TR-noDynamicPrior,Climatology,7,12398600,-0.7632528042895743
TR-noDynamicPrior,Climatology,7,13018350,-0.11376925665185178
TR-noDynamicPrior,Climatology,7,13154500,-0.2691343073076029
TR-noDynamicPrior,Climatology,7,13317660,-0.3620981540383943
TR-noDynamicPrior,Climatology,7,13342500,-0.1970193677171994
TR-noDynamicPrior,Climatology,7,14091500,0.0231422390555458
TR-noDynamicPrior,Climatology,7,14150800,-0.34441488673995835
TR-noDynamicPrior,Climatology,7,14151000,-1.3221842434363233
TR-noDynamicPrior,Climatology,7,14152000,-0.5391938413789608
TR-noDynamicPrior,Climatology,7,14153500,-1.4917387541220006
TR-noDynamicPrior,Climatology,7,14154500,-0.6516779552784038
TR-noDynamicPrior,Climatology,7,14159500,-0.43709418528382327
TR-noDynamicPrior,Climatology,7,14161500,-0.3278883331141962
TR-noDynamicPrior,Climatology,7,14179000,-0.3941257432389216
TR-noDynamicPrior,Climatology,7,14185000,-0.32479251678722076
TR-noDynamicPrior,Climatology,7,14210000,-0.5622209604773554
TR-noDynamicPrior,Climatology,7,14211499,-0.1387597763308479
TR-noDynamicPrior,Climatology,7,14211500,-0.15317892519926923
TR-noDynamicPrior,Climatology,7,14320934,-0.4604552317203714
TR-noDynamicPrior,Climatology,7,255534081324000,-0.028791775571967326
TR-noMoE,Persistence,1,01073319,-0.23634757677256946
TR-noMoE,Persistence,1,01104415,-0.1993563526799672
TR-noMoE,Persistence,1,01104455,-0.11571935320766935
TR-noMoE,Persistence,1,01104475,-0.1523382598702463
TR-noMoE,Persistence,1,01129500,-0.2264056253604203
TR-noMoE,Persistence,1,01400500,-0.32141611218803
TR-noMoE,Persistence,1,01408029,-0.3236075980169203
TR-noMoE,Persistence,1,01425000,0.025914446161631577
TR-noMoE,Persistence,1,01426500,-0.052957828719042865
TR-noMoE,Persistence,1,01427207,-0.2640354387749597
TR-noMoE,Persistence,1,01428500,-0.26853499864078767
TR-noMoE,Persistence,1,01463500,-0.2332093457340001
TR-noMoE,Persistence,1,01480617,-0.253785066375934
TR-noMoE,Persistence,1,01540500,-0.18393946712379794
TR-noMoE,Persistence,1,01542500,-0.26237289259155994
TR-noMoE,Persistence,1,01549700,-0.27031044516510994
TR-noMoE,Persistence,1,02110701,-0.33235965791879474
TR-noMoE,Persistence,1,02176930,-0.21458996689176524
TR-noMoE,Persistence,1,02266300,-0.23063276408271782
TR-noMoE,Persistence,1,02330450,-0.18474581513472266
TR-noMoE,Persistence,1,02334430,0.1053007834288365
TR-noMoE,Persistence,1,02334885,-0.3251089684769426
TR-noMoE,Persistence,1,02336120,-0.3202020722479745
TR-noMoE,Persistence,1,02336300,-0.32863100721363936
TR-noMoE,Persistence,1,02336728,0.0005032261992222731
TR-noMoE,Persistence,1,02397000,-0.21178404014416047
TR-noMoE,Persistence,1,02455980,-0.26705735581180645
TR-noMoE,Persistence,1,02458450,-0.2613914274501139
TR-noMoE,Persistence,1,02474560,-0.23589949108541974
TR-noMoE,Persistence,1,03007800,-0.29830997667017567
TR-noMoE,Persistence,1,03034000,-0.30897244114057243
TR-noMoE,Persistence,1,03036000,0.030998811582976682
TR-noMoE,Persistence,1,03047000,-0.04143612403219166
TR-noMoE,Persistence,1,03077500,0.05077633649411917
TR-noMoE,Persistence,1,03105500,-0.2808809175411453
TR-noMoE,Persistence,1,03106000,-0.3513116119459986
TR-noMoE,Persistence,1,03301900,-0.26073424754436636
TR-noMoE,Persistence,1,03353200,-0.34620452180269
TR-noMoE,Persistence,1,03456991,-0.24228603882577604
TR-noMoE,Persistence,1,04027000,-0.2758814949453662
TR-noMoE,Persistence,1,04043238,-0.1681188719234209
TR-noMoE,Persistence,1,04043244,-0.17186477224579333
TR-noMoE,Persistence,1,04067500,-0.17772880249179146
TR-noMoE,Persistence,1,04077630,-0.20658558063666854
TR-noMoE,Persistence,1,04124200,0.09070084138233842
TR-noMoE,Persistence,1,04125460,-0.22828340152408777
TR-noMoE,Persistence,1,04137005,-0.0257929206957892
TR-noMoE,Persistence,1,04176500,-0.21713047129360735
TR-noMoE,Persistence,1,04208000,-0.32972050102677
TR-noMoE,Persistence,1,05054000,-0.08323303716909392
TR-noMoE,Persistence,1,05057000,-0.22232383799015432
TR-noMoE,Persistence,1,05289800,-0.14952087935321956
TR-noMoE,Persistence,1,05331833,-0.14724211692791112
TR-noMoE,Persistence,1,05370000,-0.01100123416497778
TR-noMoE,Persistence,1,05382255,-0.06958403104108357
TR-noMoE,Persistence,1,05382257,-0.11976669410992846
TR-noMoE,Persistence,1,05406457,-0.025257478214145257
TR-noMoE,Persistence,1,05458300,-0.2718267066144844
TR-noMoE,Persistence,1,05517000,-0.28103228270678793
TR-noMoE,Persistence,1,06036805,-0.1219158831631506
TR-noMoE,Persistence,1,06036905,-0.12893258977457034
TR-noMoE,Persistence,1,06036940,-0.03952854468773248
TR-noMoE,Persistence,1,06041000,-0.11537828225729468
TR-noMoE,Persistence,1,06623800,-0.03229341109115946
TR-noMoE,Persistence,1,06894000,-0.3138906906820781
TR-noMoE,Persistence,1,06934500,-0.14696565406743928
TR-noMoE,Persistence,1,07106000,-0.12415278519205297
TR-noMoE,Persistence,1,07178200,-0.21851322790895988
TR-noMoE,Persistence,1,07194880,-0.10666172546990749
TR-noMoE,Persistence,1,07332622,-0.2543228247898417
TR-noMoE,Persistence,1,08048000,-0.1700530437977782
TR-noMoE,Persistence,1,08052700,-0.3120037890595022
TR-noMoE,Persistence,1,08065350,-0.2057403021933421
TR-noMoE,Persistence,1,08070200,-0.21030638926370893
TR-noMoE,Persistence,1,08123850,-0.31797045075109853
TR-noMoE,Persistence,1,09136100,-0.08820020712408783
TR-noMoE,Persistence,1,09144250,-0.10446094765232039
TR-noMoE,Persistence,1,09149500,-0.12644394001758685
TR-noMoE,Persistence,1,09163500,-0.1487714890494959
TR-noMoE,Persistence,1,09180000,-0.12638399369395925
TR-noMoE,Persistence,1,09261000,-0.13691910387546347
TR-noMoE,Persistence,1,09302000,-0.09635289839387473
TR-noMoE,Persistence,1,09380000,0.017241207278050563
TR-noMoE,Persistence,1,10129900,-0.07086858565659893
TR-noMoE,Persistence,1,10301500,-0.14280012468323433
TR-noMoE,Persistence,1,10351600,-0.2249026950589299
TR-noMoE,Persistence,1,11262900,-0.17432643737596765
TR-noMoE,Persistence,1,11467000,-0.09294861377741875
TR-noMoE,Persistence,1,11507500,-0.21357814635511418
TR-noMoE,Persistence,1,12056500,-0.05170627645122966
TR-noMoE,Persistence,1,12115000,0.030871510976038463
TR-noMoE,Persistence,1,12117600,-0.009402228512276067
TR-noMoE,Persistence,1,12210700,-0.07765328187335696
TR-noMoE,Persistence,1,12212050,-0.07562698738310858
TR-noMoE,Persistence,1,12213100,-0.15957338784028374
TR-noMoE,Persistence,1,12363000,-0.08260022281745877
TR-noMoE,Persistence,1,12398600,0.008439478559755242
TR-noMoE,Persistence,1,13018350,-0.13263492185020398
TR-noMoE,Persistence,1,13154500,-0.04148750279655167
TR-noMoE,Persistence,1,13317660,-0.06569133221600262
TR-noMoE,Persistence,1,13342500,-0.06582920675488946
TR-noMoE,Persistence,1,14091500,-0.06085012404515383
TR-noMoE,Persistence,1,14150800,-0.15560162492982166
TR-noMoE,Persistence,1,14151000,-0.007099299896330624
TR-noMoE,Persistence,1,14152000,-0.019800488576787234
TR-noMoE,Persistence,1,14153500,0.013862402576412247
TR-noMoE,Persistence,1,14154500,-0.18045737493978897
TR-noMoE,Persistence,1,14159500,0.03728592139782272
TR-noMoE,Persistence,1,14161500,-0.05811021618579271
TR-noMoE,Persistence,1,14179000,-0.055136852111116796
TR-noMoE,Persistence,1,14185000,-0.13006210222400028
TR-noMoE,Persistence,1,14210000,-0.00783578934562057
TR-noMoE,Persistence,1,14211499,-0.15588186898722478
TR-noMoE,Persistence,1,14211500,-0.1961618514984026
TR-noMoE,Persistence,1,14320934,-0.12031253753155657
TR-noMoE,Persistence,1,255534081324000,-0.19641975164795855
TR-noMoE,Persistence,3,01073319,-0.39484277150481506
TR-noMoE,Persistence,3,01104415,-0.3893243940045221
TR-noMoE,Persistence,3,01104455,-0.20547762956062976
TR-noMoE,Persistence,3,01104475,-0.2661807382299388
TR-noMoE,Persistence,3,01129500,-0.38541861134438227
TR-noMoE,Persistence,3,01400500,-0.4074367595806354
TR-noMoE,Persistence,3,01408029,-0.46232032143076207
TR-noMoE,Persistence,3,01425000,0.007661801900467169
TR-noMoE,Persistence,3,01426500,-0.16336003321455062
TR-noMoE,Persistence,3,01427207,-0.3927822300928341
TR-noMoE,Persistence,3,01428500,-0.39778035578639903
TR-noMoE,Persistence,3,01463500,-0.3582581556863975
TR-noMoE,Persistence,3,01480617,-0.4322744848138984
TR-noMoE,Persistence,3,01540500,-0.3740728484554725
TR-noMoE,Persistence,3,01542500,-0.40793742008840983
TR-noMoE,Persistence,3,01549700,-0.4340257209467764
TR-noMoE,Persistence,3,02110701,-0.48681580924965706
TR-noMoE,Persistence,3,02176930,-0.42231220755346754
TR-noMoE,Persistence,3,02266300,-0.33182125156970876
TR-noMoE,Persistence,3,02330450,-0.39893579586681316
TR-noMoE,Persistence,3,02334430,0.1116867261441416
TR-noMoE,Persistence,3,02334885,-0.4439526096567761
TR-noMoE,Persistence,3,02336120,-0.4532208608133599
TR-noMoE,Persistence,3,02336300,-0.4632943688036806
TR-noMoE,Persistence,3,02336728,0.22618548966457075
TR-noMoE,Persistence,3,02397000,-0.36046223562715496
TR-noMoE,Persistence,3,02455980,-0.38051702730517456
TR-noMoE,Persistence,3,02458450,-0.3620386692609743
TR-noMoE,Persistence,3,02474560,-0.319451853041673
TR-noMoE,Persistence,3,03007800,-0.4294762148165796
TR-noMoE,Persistence,3,03034000,-0.44956115857428514
TR-noMoE,Persistence,3,03036000,-0.2447797487052602
TR-noMoE,Persistence,3,03047000,-0.37096596068680676
TR-noMoE,Persistence,3,03077500,-0.04880319311087433
TR-noMoE,Persistence,3,03105500,-0.4189329624838283
TR-noMoE,Persistence,3,03106000,-0.5160719882862432
TR-noMoE,Persistence,3,03301900,-0.42090320668260084
TR-noMoE,Persistence,3,03353200,-0.4798193172005245
TR-noMoE,Persistence,3,03456991,-0.38042926680997025
TR-noMoE,Persistence,3,04027000,-0.3853267002358223
TR-noMoE,Persistence,3,04043238,-0.3170359673993439
TR-noMoE,Persistence,3,04043244,-0.30400726969259906
TR-noMoE,Persistence,3,04067500,-0.2622067763586635
TR-noMoE,Persistence,3,04077630,-0.36024144578687456
TR-noMoE,Persistence,3,04124200,-0.09628092835292867
TR-noMoE,Persistence,3,04125460,-0.313740462053703
TR-noMoE,Persistence,3,04137005,-0.21335512207774043
TR-noMoE,Persistence,3,04176500,-0.32859472911398524
TR-noMoE,Persistence,3,04208000,-0.43358575228961693
TR-noMoE,Persistence,3,05054000,-0.2428026866557983
TR-noMoE,Persistence,3,05057000,-0.31456029068003777
TR-noMoE,Persistence,3,05289800,-0.27018393075092106
TR-noMoE,Persistence,3,05331833,-0.30422394243906314
TR-noMoE,Persistence,3,05370000,-0.1365345168893607
TR-noMoE,Persistence,3,05382255,-0.22180476439064578
TR-noMoE,Persistence,3,05382257,-0.4363439914320577
TR-noMoE,Persistence,3,05406457,-0.15900535588696196
TR-noMoE,Persistence,3,05458300,-0.36356029638668974
TR-noMoE,Persistence,3,05517000,-0.4117797069119533
TR-noMoE,Persistence,3,06036805,-0.29164444020102764
TR-noMoE,Persistence,3,06036905,-0.34420935157056753
TR-noMoE,Persistence,3,06036940,-0.13096088170102504
TR-noMoE,Persistence,3,06041000,-0.2575018593621854
TR-noMoE,Persistence,3,06623800,-0.17965916969198914
TR-noMoE,Persistence,3,06894000,-0.44109350823039706
TR-noMoE,Persistence,3,06934500,-0.29716547864077103
TR-noMoE,Persistence,3,07106000,-0.3795218420450379
TR-noMoE,Persistence,3,07178200,-0.26461195978730756
TR-noMoE,Persistence,3,07194880,-0.24383109486207966
TR-noMoE,Persistence,3,07332622,-0.42244327282512995
TR-noMoE,Persistence,3,08048000,-0.2309362339497647
TR-noMoE,Persistence,3,08052700,-0.5516587845143119
TR-noMoE,Persistence,3,08065350,-0.3035529882479855
TR-noMoE,Persistence,3,08070200,-0.3384919678869611
TR-noMoE,Persistence,3,08123850,-0.48481416775675523
TR-noMoE,Persistence,3,09136100,-0.22820591722218064
TR-noMoE,Persistence,3,09144250,-0.22638483807969734
TR-noMoE,Persistence,3,09149500,-0.2950896608363016
TR-noMoE,Persistence,3,09163500,-0.27563335492816154
TR-noMoE,Persistence,3,09180000,-0.3088298345250393
TR-noMoE,Persistence,3,09261000,-0.29405703869522326
TR-noMoE,Persistence,3,09302000,-0.2474629558988528
TR-noMoE,Persistence,3,09380000,-0.006521119667556752
TR-noMoE,Persistence,3,10129900,-0.17741360400891515
TR-noMoE,Persistence,3,10301500,-0.3151563008820035
TR-noMoE,Persistence,3,10351600,-0.3452251639403352
TR-noMoE,Persistence,3,11262900,-0.32533463263523443
TR-noMoE,Persistence,3,11467000,-0.1790481831137648
TR-noMoE,Persistence,3,11507500,-0.2897083426233955
TR-noMoE,Persistence,3,12056500,-0.09843677263843653
TR-noMoE,Persistence,3,12115000,-0.0007792326403764926
TR-noMoE,Persistence,3,12117600,-0.06604259667654844
TR-noMoE,Persistence,3,12210700,-0.1657165466369812
TR-noMoE,Persistence,3,12212050,-0.15647022644230302
TR-noMoE,Persistence,3,12213100,-0.23839653816346051
TR-noMoE,Persistence,3,12363000,-0.11927630847612392
TR-noMoE,Persistence,3,12398600,-0.16404287867988876
TR-noMoE,Persistence,3,13018350,-0.29289941668714836
TR-noMoE,Persistence,3,13154500,-0.17628683042276794
TR-noMoE,Persistence,3,13317660,-0.17300682300718928
TR-noMoE,Persistence,3,13342500,-0.12172098470156134
TR-noMoE,Persistence,3,14091500,-0.11952192474133705
TR-noMoE,Persistence,3,14150800,-0.25142039983436426
TR-noMoE,Persistence,3,14151000,-0.0530390648189083
TR-noMoE,Persistence,3,14152000,-0.07156077468719113
TR-noMoE,Persistence,3,14153500,-0.10960731668870471
TR-noMoE,Persistence,3,14154500,-0.2591927637163607
TR-noMoE,Persistence,3,14159500,-0.034218585197862694
TR-noMoE,Persistence,3,14161500,-0.112847786218927
TR-noMoE,Persistence,3,14179000,-0.11986804768947479
TR-noMoE,Persistence,3,14185000,-0.21114871386907907
TR-noMoE,Persistence,3,14210000,-0.17614954528818805
TR-noMoE,Persistence,3,14211499,-0.24556156428205456
TR-noMoE,Persistence,3,14211500,-0.28769232396925415
TR-noMoE,Persistence,3,14320934,-0.16254627830618285
TR-noMoE,Persistence,3,255534081324000,-0.40856034765567695
TR-noMoE,Persistence,7,01073319,-0.7981963754020811
TR-noMoE,Persistence,7,01104415,-0.5589840237229977
TR-noMoE,Persistence,7,01104455,-0.3752904139093116
TR-noMoE,Persistence,7,01104475,-0.3881199328768825
TR-noMoE,Persistence,7,01129500,-0.7140814696951066
TR-noMoE,Persistence,7,01400500,-0.737505551698002
TR-noMoE,Persistence,7,01408029,-0.7027042063106936
TR-noMoE,Persistence,7,01425000,-0.09060964792570192
TR-noMoE,Persistence,7,01426500,-0.29220565747983507
TR-noMoE,Persistence,7,01427207,-0.6651349107969644
TR-noMoE,Persistence,7,01428500,-0.7163373245695679
TR-noMoE,Persistence,7,01463500,-0.6299863567951876
TR-noMoE,Persistence,7,01480617,-0.632059134498749
TR-noMoE,Persistence,7,01540500,-0.6944092476861927
TR-noMoE,Persistence,7,01542500,-0.7367564090169978
TR-noMoE,Persistence,7,01549700,-0.7691941872087891
TR-noMoE,Persistence,7,02110701,-0.750048677428989
TR-noMoE,Persistence,7,02176930,-0.5850898185166993
TR-noMoE,Persistence,7,02266300,-0.4816233722609988
TR-noMoE,Persistence,7,02330450,-0.5799292278382182
TR-noMoE,Persistence,7,02334430,0.024735975431153134
TR-noMoE,Persistence,7,02334885,-0.6443602472421963
TR-noMoE,Persistence,7,02336120,-0.6863108867179006
TR-noMoE,Persistence,7,02336300,-0.714080110144145
TR-noMoE,Persistence,7,02336728,0.5725745253195706
TR-noMoE,Persistence,7,02397000,-0.5294228833181351
TR-noMoE,Persistence,7,02455980,-0.5435957809698575
TR-noMoE,Persistence,7,02458450,-0.5487007128292405
TR-noMoE,Persistence,7,02474560,-0.5881516082547074
TR-noMoE,Persistence,7,03007800,-0.7085263423259387
TR-noMoE,Persistence,7,03034000,-0.741544520100196
TR-noMoE,Persistence,7,03036000,-0.5533937649884308
TR-noMoE,Persistence,7,03047000,-0.6422491313631467
TR-noMoE,Persistence,7,03077500,-0.3571229155549025
TR-noMoE,Persistence,7,03105500,-0.6658743496184658
TR-noMoE,Persistence,7,03106000,-0.855575645426637
TR-noMoE,Persistence,7,03301900,-0.5695939595103869
TR-noMoE,Persistence,7,03353200,-0.7926406122687122
TR-noMoE,Persistence,7,03456991,-0.6003458654372618
TR-noMoE,Persistence,7,04027000,-0.8023958802323459
TR-noMoE,Persistence,7,04043238,-0.6805683173134383
TR-noMoE,Persistence,7,04043244,-0.6265738347130307
TR-noMoE,Persistence,7,04067500,-0.6972730578894708
TR-noMoE,Persistence,7,04077630,-0.7939236929600229
TR-noMoE,Persistence,7,04124200,-0.45604464878570083
TR-noMoE,Persistence,7,04125460,-0.5807023851625359
TR-noMoE,Persistence,7,04137005,-0.5367069695236721
TR-noMoE,Persistence,7,04176500,-0.6553180781948853
TR-noMoE,Persistence,7,04208000,-0.7740251381664849
TR-noMoE,Persistence,7,05054000,-0.6661159197299702
TR-noMoE,Persistence,7,05057000,-0.7309419241489254
TR-noMoE,Persistence,7,05289800,-0.7566147755143264
TR-noMoE,Persistence,7,05331833,-0.6447297952289
TR-noMoE,Persistence,7,05370000,-0.5428407137670195
TR-noMoE,Persistence,7,05382255,-0.5467320351756733
TR-noMoE,Persistence,7,05382257,-0.6913096365741476
TR-noMoE,Persistence,7,05406457,-0.30965061733332866
TR-noMoE,Persistence,7,05458300,-0.8184012833775496
TR-noMoE,Persistence,7,05517000,-0.7377652418541523
TR-noMoE,Persistence,7,06036805,-0.5010570930179923
TR-noMoE,Persistence,7,06036905,-0.5653383128331346
TR-noMoE,Persistence,7,06036940,-0.2788348457213963
TR-noMoE,Persistence,7,06041000,-0.5338383887630984
TR-noMoE,Persistence,7,06623800,-0.48493612779152906
TR-noMoE,Persistence,7,06894000,-0.8050725172148918
TR-noMoE,Persistence,7,06934500,-0.622491390001811
TR-noMoE,Persistence,7,07106000,-0.6797821402670983
TR-noMoE,Persistence,7,07178200,-0.5613414257450433
TR-noMoE,Persistence,7,07194880,-0.43680739650453515
TR-noMoE,Persistence,7,07332622,-0.8303177371925758
TR-noMoE,Persistence,7,08048000,-0.5266781973445291
TR-noMoE,Persistence,7,08052700,-1.0160230660082354
TR-noMoE,Persistence,7,08065350,-0.5983530329478994
TR-noMoE,Persistence,7,08070200,-0.6778479156863204
TR-noMoE,Persistence,7,08123850,-0.8688879637857636
TR-noMoE,Persistence,7,09136100,-0.4078593296207873
TR-noMoE,Persistence,7,09144250,-0.3942953962043225
TR-noMoE,Persistence,7,09149500,-0.4671288867122301
TR-noMoE,Persistence,7,09163500,-0.5583439908362982
TR-noMoE,Persistence,7,09180000,-0.5864923827624577
TR-noMoE,Persistence,7,09261000,-0.5990694819605478
TR-noMoE,Persistence,7,09302000,-0.5777808617124665
TR-noMoE,Persistence,7,09380000,0.02642899169364543
TR-noMoE,Persistence,7,10129900,-0.3935515257088582
TR-noMoE,Persistence,7,10301500,-0.6387536237246276
TR-noMoE,Persistence,7,10351600,-0.5262452443576722
TR-noMoE,Persistence,7,11262900,-0.602166660623005
TR-noMoE,Persistence,7,11467000,-0.32270028729022093
TR-noMoE,Persistence,7,11507500,-0.5773640496504551
TR-noMoE,Persistence,7,12056500,-0.21479979370500413
TR-noMoE,Persistence,7,12115000,-0.15176180340195922
TR-noMoE,Persistence,7,12117600,-0.1852566780505699
TR-noMoE,Persistence,7,12210700,-0.35083784122419925
TR-noMoE,Persistence,7,12212050,-0.3054805983125317
TR-noMoE,Persistence,7,12213100,-0.34845214594927576
TR-noMoE,Persistence,7,12363000,-0.28982845869525975
TR-noMoE,Persistence,7,12398600,-0.46474944013272756
TR-noMoE,Persistence,7,13018350,-0.5328457136230575
TR-noMoE,Persistence,7,13154500,-0.25169375676395667
TR-noMoE,Persistence,7,13317660,-0.417444325822077
TR-noMoE,Persistence,7,13342500,-0.2824001898900481
TR-noMoE,Persistence,7,14091500,-0.211306903343349
TR-noMoE,Persistence,7,14150800,-0.48000551342310604
TR-noMoE,Persistence,7,14151000,-0.14467217724430448
TR-noMoE,Persistence,7,14152000,-0.20998461407508773
TR-noMoE,Persistence,7,14153500,-0.23173766845212818
TR-noMoE,Persistence,7,14154500,-0.4544724303453491
TR-noMoE,Persistence,7,14159500,-0.17311254954015332
TR-noMoE,Persistence,7,14161500,-0.30312640348245967
TR-noMoE,Persistence,7,14179000,-0.24517662293573061
TR-noMoE,Persistence,7,14185000,-0.4057710821124465
TR-noMoE,Persistence,7,14210000,-0.32570258226000903
TR-noMoE,Persistence,7,14211499,-0.5210020274585538
TR-noMoE,Persistence,7,14211500,-0.5815098007753143
TR-noMoE,Persistence,7,14320934,-0.32465956307045163
TR-noMoE,Persistence,7,255534081324000,-0.7410832590715581
TR-noMoE,DampedPersistence,1,01073319,-0.19967183613122963
TR-noMoE,DampedPersistence,1,01104415,-0.13041377778545094
TR-noMoE,DampedPersistence,1,01104455,-0.08395710686079327
TR-noMoE,DampedPersistence,1,01104475,-0.12023915743498581
TR-noMoE,DampedPersistence,1,01129500,-0.19081852691432255
TR-noMoE,DampedPersistence,1,01400500,-0.2835276047396439
TR-noMoE,DampedPersistence,1,01408029,-0.27372274166550714
TR-noMoE,DampedPersistence,1,01425000,0.036160696622753896
TR-noMoE,DampedPersistence,1,01426500,-0.021781473460043665
TR-noMoE,DampedPersistence,1,01427207,-0.22790213372648482
TR-noMoE,DampedPersistence,1,01428500,-0.23996339052628424
TR-noMoE,DampedPersistence,1,01463500,-0.2099212630366145
TR-noMoE,DampedPersistence,1,01480617,-0.20853586389911793
TR-noMoE,DampedPersistence,1,01540500,-0.1614386352464634
TR-noMoE,DampedPersistence,1,01542500,-0.2292349877219223
TR-noMoE,DampedPersistence,1,01549700,-0.23858765687285033
TR-noMoE,DampedPersistence,1,02110701,-0.29704636545225094
TR-noMoE,DampedPersistence,1,02176930,-0.17808677935754558
TR-noMoE,DampedPersistence,1,02266300,-0.21495575511509712
TR-noMoE,DampedPersistence,1,02330450,-0.14510035141229483
TR-noMoE,DampedPersistence,1,02334430,0.09364528760803673
TR-noMoE,DampedPersistence,1,02334885,-0.2949644437149377
TR-noMoE,DampedPersistence,1,02336120,-0.28001367875727035
TR-noMoE,DampedPersistence,1,02336300,-0.28688553910065573
TR-noMoE,DampedPersistence,1,02336728,-0.07501684661125951
TR-noMoE,DampedPersistence,1,02397000,-0.19167498976662117
TR-noMoE,DampedPersistence,1,02455980,-0.22327856020215664
TR-noMoE,DampedPersistence,1,02458450,-0.22255608086729306
TR-noMoE,DampedPersistence,1,02474560,-0.22308047947260357
TR-noMoE,DampedPersistence,1,03007800,-0.2619127166230967
TR-noMoE,DampedPersistence,1,03034000,-0.26957918783297685
TR-noMoE,DampedPersistence,1,03036000,0.053497266076954486
TR-noMoE,DampedPersistence,1,03047000,-0.019343511826895088
TR-noMoE,DampedPersistence,1,03077500,0.07484377558472649
TR-noMoE,DampedPersistence,1,03105500,-0.249006657291846
TR-noMoE,DampedPersistence,1,03106000,-0.3113656023660084
TR-noMoE,DampedPersistence,1,03301900,-0.2142881679947728
TR-noMoE,DampedPersistence,1,03353200,-0.2985265819654489
TR-noMoE,DampedPersistence,1,03456991,-0.20537586204210256
TR-noMoE,DampedPersistence,1,04027000,-0.23453056397850358
TR-noMoE,DampedPersistence,1,04043238,-0.12741448736183258
TR-noMoE,DampedPersistence,1,04043244,-0.1284107296280349
TR-noMoE,DampedPersistence,1,04067500,-0.14532296195930328
TR-noMoE,DampedPersistence,1,04077630,-0.1693009815235028
TR-noMoE,DampedPersistence,1,04124200,0.1285829367002079
TR-noMoE,DampedPersistence,1,04125460,-0.2018493019859161
TR-noMoE,DampedPersistence,1,04137005,0.00206331243116592
TR-noMoE,DampedPersistence,1,04176500,-0.19158505339958426
TR-noMoE,DampedPersistence,1,04208000,-0.2944711977608936
TR-noMoE,DampedPersistence,1,05054000,-0.040093741684454454
TR-noMoE,DampedPersistence,1,05057000,-0.18760098277604076
TR-noMoE,DampedPersistence,1,05289800,-0.11099567574373903
TR-noMoE,DampedPersistence,1,05331833,-0.10661110406335317
TR-noMoE,DampedPersistence,1,05370000,0.017258325632543703
TR-noMoE,DampedPersistence,1,05382255,-0.040219886644821345
TR-noMoE,DampedPersistence,1,05382257,-0.015870650393442043
TR-noMoE,DampedPersistence,1,05406457,0.01133882417492793
TR-noMoE,DampedPersistence,1,05458300,-0.24278577641652377
TR-noMoE,DampedPersistence,1,05517000,-0.25387067105244643
TR-noMoE,DampedPersistence,1,06036805,-0.08036175079042762
TR-noMoE,DampedPersistence,1,06036905,-0.0869225834117815
TR-noMoE,DampedPersistence,1,06036940,-0.0369030267410011
TR-noMoE,DampedPersistence,1,06041000,-0.09153297318417192
TR-noMoE,DampedPersistence,1,06623800,0.0076178551664890515
TR-noMoE,DampedPersistence,1,06894000,-0.2808615480210711
TR-noMoE,DampedPersistence,1,06934500,-0.11073370876048882
TR-noMoE,DampedPersistence,1,07106000,-0.04307730729496373
TR-noMoE,DampedPersistence,1,07178200,-0.19711256047436687
TR-noMoE,DampedPersistence,1,07194880,-0.06206138286190199
TR-noMoE,DampedPersistence,1,07332622,-0.2115061396143294
TR-noMoE,DampedPersistence,1,08048000,-0.1502536794296262
TR-noMoE,DampedPersistence,1,08052700,-0.24322912173454614
TR-noMoE,DampedPersistence,1,08065350,-0.18862298194174337
TR-noMoE,DampedPersistence,1,08070200,-0.19492839606972434
TR-noMoE,DampedPersistence,1,08123850,-0.277669588639216
TR-noMoE,DampedPersistence,1,09136100,-0.06140877769059627
TR-noMoE,DampedPersistence,1,09144250,-0.08326768129458717
TR-noMoE,DampedPersistence,1,09149500,-0.08700865934725366
TR-noMoE,DampedPersistence,1,09163500,-0.12439328436221153
TR-noMoE,DampedPersistence,1,09180000,-0.10007523850799649
TR-noMoE,DampedPersistence,1,09261000,-0.1116364099978081
TR-noMoE,DampedPersistence,1,09302000,-0.07048630122942579
TR-noMoE,DampedPersistence,1,09380000,0.0064538748125385625
TR-noMoE,DampedPersistence,1,10129900,-0.04695226834170407
TR-noMoE,DampedPersistence,1,10301500,-0.11090282824401132
TR-noMoE,DampedPersistence,1,10351600,-0.2083991597767213
TR-noMoE,DampedPersistence,1,11262900,-0.13806814861195726
TR-noMoE,DampedPersistence,1,11467000,-0.0829720464001018
TR-noMoE,DampedPersistence,1,11507500,-0.19097299961359726
TR-noMoE,DampedPersistence,1,12056500,-0.04013692921144274
TR-noMoE,DampedPersistence,1,12115000,0.03966504285071515
TR-noMoE,DampedPersistence,1,12117600,0.00015782880176845593
TR-noMoE,DampedPersistence,1,12210700,-0.055892421309000184
TR-noMoE,DampedPersistence,1,12212050,-0.06275506343625725
TR-noMoE,DampedPersistence,1,12213100,-0.1360980963403846
TR-noMoE,DampedPersistence,1,12363000,-0.06700535503487348
TR-noMoE,DampedPersistence,1,12398600,0.04310943635516035
TR-noMoE,DampedPersistence,1,13018350,-0.09455266202701973
TR-noMoE,DampedPersistence,1,13154500,-0.03208258543712217
TR-noMoE,DampedPersistence,1,13317660,-0.03796118846285493
TR-noMoE,DampedPersistence,1,13342500,-0.053268848963644866
TR-noMoE,DampedPersistence,1,14091500,-0.033818168002706483
TR-noMoE,DampedPersistence,1,14150800,-0.13701391961068343
TR-noMoE,DampedPersistence,1,14151000,-0.0013900841143539289
TR-noMoE,DampedPersistence,1,14152000,-0.010877201047391427
TR-noMoE,DampedPersistence,1,14153500,0.026908263253572096
TR-noMoE,DampedPersistence,1,14154500,-0.16662000246274244
TR-noMoE,DampedPersistence,1,14159500,0.04639779109503189
TR-noMoE,DampedPersistence,1,14161500,-0.04457339952538064
TR-noMoE,DampedPersistence,1,14179000,-0.042931117839815014
TR-noMoE,DampedPersistence,1,14185000,-0.11295586114219613
TR-noMoE,DampedPersistence,1,14210000,0.006383544243074357
TR-noMoE,DampedPersistence,1,14211499,-0.13221545935836354
TR-noMoE,DampedPersistence,1,14211500,-0.1720018531129064
TR-noMoE,DampedPersistence,1,14320934,-0.11291930963013264
TR-noMoE,DampedPersistence,1,255534081324000,-0.1599007635850409
TR-noMoE,DampedPersistence,3,01073319,-0.1499684722429646
TR-noMoE,DampedPersistence,3,01104415,-0.07414173828034398
TR-noMoE,DampedPersistence,3,01104455,-0.06711561472939853
TR-noMoE,DampedPersistence,3,01104475,-0.06241599335601178
TR-noMoE,DampedPersistence,3,01129500,-0.14981080885544817
TR-noMoE,DampedPersistence,3,01400500,-0.1598440482284298
TR-noMoE,DampedPersistence,3,01408029,-0.1407204193395235
TR-noMoE,DampedPersistence,3,01425000,0.06212318109164516
TR-noMoE,DampedPersistence,3,01426500,-0.024894606879625858
TR-noMoE,DampedPersistence,3,01427207,-0.16963755618958243
TR-noMoE,DampedPersistence,3,01428500,-0.20804904834213556
TR-noMoE,DampedPersistence,3,01463500,-0.21085892858563104
TR-noMoE,DampedPersistence,3,01480617,-0.14472918000825152
TR-noMoE,DampedPersistence,3,01540500,-0.21383584893720742
TR-noMoE,DampedPersistence,3,01542500,-0.16795602420071676
TR-noMoE,DampedPersistence,3,01549700,-0.2036048420540859
TR-noMoE,DampedPersistence,3,02110701,-0.20625552098493904
TR-noMoE,DampedPersistence,3,02176930,-0.1786372702883614
TR-noMoE,DampedPersistence,3,02266300,-0.142099323446911
TR-noMoE,DampedPersistence,3,02330450,-0.1387792659879028
TR-noMoE,DampedPersistence,3,02334430,0.03849230289238176
TR-noMoE,DampedPersistence,3,02334885,-0.21526431964045578
TR-noMoE,DampedPersistence,3,02336120,-0.17381668924481075
TR-noMoE,DampedPersistence,3,02336300,-0.17462248125221502
TR-noMoE,DampedPersistence,3,02336728,-0.002507491773724446
TR-noMoE,DampedPersistence,3,02397000,-0.228746680697965
TR-noMoE,DampedPersistence,3,02455980,-0.12172922731766378
TR-noMoE,DampedPersistence,3,02458450,-0.12897942115097383
TR-noMoE,DampedPersistence,3,02474560,-0.18052872130044983
TR-noMoE,DampedPersistence,3,03007800,-0.17981623051380802
TR-noMoE,DampedPersistence,3,03034000,-0.18215870510992294
TR-noMoE,DampedPersistence,3,03036000,-0.12412492913794104
TR-noMoE,DampedPersistence,3,03047000,-0.23987227187585747
TR-noMoE,DampedPersistence,3,03077500,0.06067089713407681
TR-noMoE,DampedPersistence,3,03105500,-0.20910992329604028
TR-noMoE,DampedPersistence,3,03106000,-0.22881180035629134
TR-noMoE,DampedPersistence,3,03301900,-0.12974059988523545
TR-noMoE,DampedPersistence,3,03353200,-0.17787373519860283
TR-noMoE,DampedPersistence,3,03456991,-0.1574908297832882
TR-noMoE,DampedPersistence,3,04027000,-0.13516121633827072
TR-noMoE,DampedPersistence,3,04043238,-0.06787620585398946
TR-noMoE,DampedPersistence,3,04043244,-0.06391676632513055
TR-noMoE,DampedPersistence,3,04067500,-0.09560823425360931
TR-noMoE,DampedPersistence,3,04077630,-0.12133585970119198
TR-noMoE,DampedPersistence,3,04124200,0.048330912206108356
TR-noMoE,DampedPersistence,3,04125460,-0.11684459404079162
TR-noMoE,DampedPersistence,3,04137005,-0.08841164427194692
TR-noMoE,DampedPersistence,3,04176500,-0.17814023276882085
TR-noMoE,DampedPersistence,3,04208000,-0.18593557467125654
TR-noMoE,DampedPersistence,3,05054000,-0.06576170170800455
TR-noMoE,DampedPersistence,3,05057000,-0.11456600803909556
TR-noMoE,DampedPersistence,3,05289800,-0.07684234043366933
TR-noMoE,DampedPersistence,3,05331833,-0.06476139400361802
TR-noMoE,DampedPersistence,3,05370000,0.008650503339815985
TR-noMoE,DampedPersistence,3,05382255,-0.0391175920964677
TR-noMoE,DampedPersistence,3,05382257,-0.036740195545462706
TR-noMoE,DampedPersistence,3,05406457,0.011162937854348742
TR-noMoE,DampedPersistence,3,05458300,-0.16267027928662037
TR-noMoE,DampedPersistence,3,05517000,-0.16991570513040255
TR-noMoE,DampedPersistence,3,06036805,-0.07729735478316835
TR-noMoE,DampedPersistence,3,06036905,-0.06853947501308788
TR-noMoE,DampedPersistence,3,06036940,-0.04816089187396244
TR-noMoE,DampedPersistence,3,06041000,-0.12523646445325332
TR-noMoE,DampedPersistence,3,06623800,-0.00016052309060632375
TR-noMoE,DampedPersistence,3,06894000,-0.22267749262131242
TR-noMoE,DampedPersistence,3,06934500,-0.14773696015294957
TR-noMoE,DampedPersistence,3,07106000,0.03452534669892926
TR-noMoE,DampedPersistence,3,07178200,-0.11777022922885627
TR-noMoE,DampedPersistence,3,07194880,-0.044060313146106145
TR-noMoE,DampedPersistence,3,07332622,-0.1146916425350697
TR-noMoE,DampedPersistence,3,08048000,-0.08967560794568108
TR-noMoE,DampedPersistence,3,08052700,-0.11658435106567433
TR-noMoE,DampedPersistence,3,08065350,-0.18313045157240548
TR-noMoE,DampedPersistence,3,08070200,-0.16778492863695593
TR-noMoE,DampedPersistence,3,08123850,-0.11397392909532034
TR-noMoE,DampedPersistence,3,09136100,-0.09020193005580279
TR-noMoE,DampedPersistence,3,09144250,-0.10331652673202507
TR-noMoE,DampedPersistence,3,09149500,-0.09074378953131079
TR-noMoE,DampedPersistence,3,09163500,-0.14211492918998636
TR-noMoE,DampedPersistence,3,09180000,-0.1400467120469251
TR-noMoE,DampedPersistence,3,09261000,-0.13792000001688876
TR-noMoE,DampedPersistence,3,09302000,-0.09071719776401932
TR-noMoE,DampedPersistence,3,09380000,-0.0551818796073682
TR-noMoE,DampedPersistence,3,10129900,-0.04541706228101727
TR-noMoE,DampedPersistence,3,10301500,-0.07821058276285875
TR-noMoE,DampedPersistence,3,10351600,-0.19108227907047848
TR-noMoE,DampedPersistence,3,11262900,-0.09732880590710291
TR-noMoE,DampedPersistence,3,11467000,-0.08669391249069103
TR-noMoE,DampedPersistence,3,11507500,-0.14962589937171278
TR-noMoE,DampedPersistence,3,12056500,-0.038412868162729485
TR-noMoE,DampedPersistence,3,12115000,0.045175051639312236
TR-noMoE,DampedPersistence,3,12117600,-0.010020822303516419
TR-noMoE,DampedPersistence,3,12210700,-0.040352109433802186
TR-noMoE,DampedPersistence,3,12212050,-0.05650196137138419
TR-noMoE,DampedPersistence,3,12213100,-0.09796073313457332
TR-noMoE,DampedPersistence,3,12363000,-0.030827105207191785
TR-noMoE,DampedPersistence,3,12398600,-0.03298750980728282
TR-noMoE,DampedPersistence,3,13018350,-0.06182180750940458
TR-noMoE,DampedPersistence,3,13154500,-0.12238617956518849
TR-noMoE,DampedPersistence,3,13317660,-0.0515710006679323
TR-noMoE,DampedPersistence,3,13342500,-0.03237254876360951
TR-noMoE,DampedPersistence,3,14091500,0.014016295861675965
TR-noMoE,DampedPersistence,3,14150800,-0.11508483758033328
TR-noMoE,DampedPersistence,3,14151000,-0.013061876450320531
TR-noMoE,DampedPersistence,3,14152000,-0.022498207379807345
TR-noMoE,DampedPersistence,3,14153500,-0.05362194572719403
TR-noMoE,DampedPersistence,3,14154500,-0.15170437907448986
TR-noMoE,DampedPersistence,3,14159500,0.012644371531601029
TR-noMoE,DampedPersistence,3,14161500,-0.0344214948799082
TR-noMoE,DampedPersistence,3,14179000,-0.04359128116456035
TR-noMoE,DampedPersistence,3,14185000,-0.09675526809664636
TR-noMoE,DampedPersistence,3,14210000,-0.10622819209565648
TR-noMoE,DampedPersistence,3,14211499,-0.07256344186276076
TR-noMoE,DampedPersistence,3,14211500,-0.10462712894689341
TR-noMoE,DampedPersistence,3,14320934,-0.07729553247877563
TR-noMoE,DampedPersistence,3,255534081324000,-0.13264560382315516
TR-noMoE,DampedPersistence,7,01073319,-0.11181978082413169
TR-noMoE,DampedPersistence,7,01104415,-0.06972564746400267
TR-noMoE,DampedPersistence,7,01104455,-0.05198027700648322
TR-noMoE,DampedPersistence,7,01104475,-0.05393994093452137
TR-noMoE,DampedPersistence,7,01129500,-0.1059607619353522
TR-noMoE,DampedPersistence,7,01400500,-0.06307982420533387
TR-noMoE,DampedPersistence,7,01408029,-0.06622932511643898
TR-noMoE,DampedPersistence,7,01425000,0.07076047630825988
TR-noMoE,DampedPersistence,7,01426500,-0.02021574295410722
TR-noMoE,DampedPersistence,7,01427207,-0.06621339194247611
TR-noMoE,DampedPersistence,7,01428500,-0.12197901028167335
TR-noMoE,DampedPersistence,7,01463500,-0.1221952656399723
TR-noMoE,DampedPersistence,7,01480617,-0.03411519925791362
TR-noMoE,DampedPersistence,7,01540500,-0.14412255093609194
TR-noMoE,DampedPersistence,7,01542500,-0.06305034775389196
TR-noMoE,DampedPersistence,7,01549700,-0.10330365206623338
TR-noMoE,DampedPersistence,7,02110701,-0.07001028263875808
TR-noMoE,DampedPersistence,7,02176930,-0.05614229280481009
TR-noMoE,DampedPersistence,7,02266300,-0.09171566925801433
TR-noMoE,DampedPersistence,7,02330450,-0.04251531241426676
TR-noMoE,DampedPersistence,7,02334430,-0.19735648332120942
TR-noMoE,DampedPersistence,7,02334885,-0.07936105137125615
TR-noMoE,DampedPersistence,7,02336120,-0.04690369472252254
TR-noMoE,DampedPersistence,7,02336300,-0.05761532622530563
TR-noMoE,DampedPersistence,7,02336728,-0.011576535213198902
TR-noMoE,DampedPersistence,7,02397000,-0.11756561075019012
TR-noMoE,DampedPersistence,7,02455980,-0.01690786444741965
TR-noMoE,DampedPersistence,7,02458450,-0.03947195561016126
TR-noMoE,DampedPersistence,7,02474560,-0.10317030659648108
TR-noMoE,DampedPersistence,7,03007800,-0.07648520211210608
TR-noMoE,DampedPersistence,7,03034000,-0.10261678264687779
TR-noMoE,DampedPersistence,7,03036000,-0.12199314345196899
TR-noMoE,DampedPersistence,7,03047000,-0.18382842317745784
TR-noMoE,DampedPersistence,7,03077500,0.010292252138913605
TR-noMoE,DampedPersistence,7,03105500,-0.0924696365718658
TR-noMoE,DampedPersistence,7,03106000,-0.10665166985152252
TR-noMoE,DampedPersistence,7,03301900,-0.03612878679739806
TR-noMoE,DampedPersistence,7,03353200,-0.06472007946462988
TR-noMoE,DampedPersistence,7,03456991,-0.054784286311072794
TR-noMoE,DampedPersistence,7,04027000,-0.10177647378647281
TR-noMoE,DampedPersistence,7,04043238,-0.04911693493135072
TR-noMoE,DampedPersistence,7,04043244,-0.039896819294996444
TR-noMoE,DampedPersistence,7,04067500,-0.12704243219360856
TR-noMoE,DampedPersistence,7,04077630,-0.09517929983145068
TR-noMoE,DampedPersistence,7,04124200,-0.04185476562457746
TR-noMoE,DampedPersistence,7,04125460,-0.06585014517717136
TR-noMoE,DampedPersistence,7,04137005,-0.11645144812271147
TR-noMoE,DampedPersistence,7,04176500,-0.12973809507316525
TR-noMoE,DampedPersistence,7,04208000,-0.09156768919680847
TR-noMoE,DampedPersistence,7,05054000,-0.0987623137099718
TR-noMoE,DampedPersistence,7,05057000,-0.07247608727363719
TR-noMoE,DampedPersistence,7,05289800,-0.11864998042759645
TR-noMoE,DampedPersistence,7,05331833,-0.039422034337628364
TR-noMoE,DampedPersistence,7,05370000,-0.04681964163247532
TR-noMoE,DampedPersistence,7,05382255,-0.012992861052335769
TR-noMoE,DampedPersistence,7,05382257,-0.03279387976342307
TR-noMoE,DampedPersistence,7,05406457,-0.00351457739140959
TR-noMoE,DampedPersistence,7,05458300,-0.15383084382441448
TR-noMoE,DampedPersistence,7,05517000,-0.06831780534705656
TR-noMoE,DampedPersistence,7,06036805,-0.08289386753279393
TR-noMoE,DampedPersistence,7,06036905,-0.05523582806209815
TR-noMoE,DampedPersistence,7,06036940,-0.10672047504005233
TR-noMoE,DampedPersistence,7,06041000,-0.08879866329237918
TR-noMoE,DampedPersistence,7,06623800,0.008368905426634043
TR-noMoE,DampedPersistence,7,06894000,-0.1212571483455962
TR-noMoE,DampedPersistence,7,06934500,-0.14154720981664903
TR-noMoE,DampedPersistence,7,07106000,0.027326020556085684
TR-noMoE,DampedPersistence,7,07178200,-0.06855352689800132
TR-noMoE,DampedPersistence,7,07194880,-0.011318616849433694
TR-noMoE,DampedPersistence,7,07332622,-0.058427097311124054
TR-noMoE,DampedPersistence,7,08048000,-0.07004059461943202
TR-noMoE,DampedPersistence,7,08052700,-0.038432113439562876
TR-noMoE,DampedPersistence,7,08065350,-0.1462999271003107
TR-noMoE,DampedPersistence,7,08070200,-0.0960964611694668
TR-noMoE,DampedPersistence,7,08123850,-0.020138728029319264
TR-noMoE,DampedPersistence,7,09136100,-0.10428493576952702
TR-noMoE,DampedPersistence,7,09144250,-0.07748722569538757
TR-noMoE,DampedPersistence,7,09149500,-0.04752612486140162
TR-noMoE,DampedPersistence,7,09163500,-0.11689055931851011
TR-noMoE,DampedPersistence,7,09180000,-0.11623768976354643
TR-noMoE,DampedPersistence,7,09261000,-0.09708191504776598
TR-noMoE,DampedPersistence,7,09302000,-0.10117370517815338
TR-noMoE,DampedPersistence,7,09380000,-0.1549150392203399
TR-noMoE,DampedPersistence,7,10129900,-0.03770177460712598
TR-noMoE,DampedPersistence,7,10301500,-0.04325562857660836
TR-noMoE,DampedPersistence,7,10351600,-0.12612853910340083
TR-noMoE,DampedPersistence,7,11262900,-0.059882213082741664
TR-noMoE,DampedPersistence,7,11467000,-0.03201025280664149
TR-noMoE,DampedPersistence,7,11507500,-0.10010387581055147
TR-noMoE,DampedPersistence,7,12056500,-0.022490377254894556
TR-noMoE,DampedPersistence,7,12115000,-0.002343364338099896
TR-noMoE,DampedPersistence,7,12117600,-0.022535116469508454
TR-noMoE,DampedPersistence,7,12210700,-0.0286158370378089
TR-noMoE,DampedPersistence,7,12212050,-0.029489483850165144
TR-noMoE,DampedPersistence,7,12213100,-0.04485066313820507
TR-noMoE,DampedPersistence,7,12363000,-0.0339607696832922
TR-noMoE,DampedPersistence,7,12398600,-0.06208735947046484
TR-noMoE,DampedPersistence,7,13018350,-0.027516863713328066
TR-noMoE,DampedPersistence,7,13154500,-0.0668607611350579
TR-noMoE,DampedPersistence,7,13317660,-0.0030980164865971327
TR-noMoE,DampedPersistence,7,13342500,-0.009429243762973716
TR-noMoE,DampedPersistence,7,14091500,0.010525816693688572
TR-noMoE,DampedPersistence,7,14150800,-0.09368582643230416
TR-noMoE,DampedPersistence,7,14151000,-0.00785264680146236
TR-noMoE,DampedPersistence,7,14152000,-0.04001868251465579
TR-noMoE,DampedPersistence,7,14153500,-0.04667233061432674
TR-noMoE,DampedPersistence,7,14154500,-0.12240136799355117
TR-noMoE,DampedPersistence,7,14159500,-0.006986742116558919
TR-noMoE,DampedPersistence,7,14161500,-0.053285721567821076
TR-noMoE,DampedPersistence,7,14179000,-0.05829840836346256
TR-noMoE,DampedPersistence,7,14185000,-0.06670505495941348
TR-noMoE,DampedPersistence,7,14210000,-0.08058036398126611
TR-noMoE,DampedPersistence,7,14211499,-0.059572717016618704
TR-noMoE,DampedPersistence,7,14211500,-0.07584507922102857
TR-noMoE,DampedPersistence,7,14320934,-0.05887500848605054
TR-noMoE,DampedPersistence,7,255534081324000,-0.11405415027886878
TR-noMoE,Climatology,1,01073319,-1.2325279474234545
TR-noMoE,Climatology,1,01104415,-0.7989190007664831
TR-noMoE,Climatology,1,01104455,-1.0203294280178503
TR-noMoE,Climatology,1,01104475,-1.1368489375952802
TR-noMoE,Climatology,1,01129500,-1.1344294959122085
TR-noMoE,Climatology,1,01400500,-1.4811126922206626
TR-noMoE,Climatology,1,01408029,-1.2319746988106512
TR-noMoE,Climatology,1,01425000,-0.9461457705730945
TR-noMoE,Climatology,1,01426500,-0.8121656323655246
TR-noMoE,Climatology,1,01427207,-1.1924335233940373
TR-noMoE,Climatology,1,01428500,-1.520738759107237
TR-noMoE,Climatology,1,01463500,-1.3996088027877844
TR-noMoE,Climatology,1,01480617,-1.2109506230922602
TR-noMoE,Climatology,1,01540500,-1.4673234087960692
TR-noMoE,Climatology,1,01542500,-1.4720097621713324
TR-noMoE,Climatology,1,01549700,-1.5740455243026283
TR-noMoE,Climatology,1,02110701,-1.565609081231902
TR-noMoE,Climatology,1,02176930,-1.3192857905534507
TR-noMoE,Climatology,1,02266300,-1.4025633306289698
TR-noMoE,Climatology,1,02330450,-1.0815617273453793
TR-noMoE,Climatology,1,02334430,-1.4164252404842814
TR-noMoE,Climatology,1,02334885,-1.5061436854831238
TR-noMoE,Climatology,1,02336120,-1.44166852821149
TR-noMoE,Climatology,1,02336300,-1.4854531041027843
TR-noMoE,Climatology,1,02336728,-2.58159037454301
TR-noMoE,Climatology,1,02397000,-1.230548003568692
TR-noMoE,Climatology,1,02455980,-1.050348887319644
TR-noMoE,Climatology,1,02458450,-1.2422678766659336
TR-noMoE,Climatology,1,02474560,-2.0054877088476006
TR-noMoE,Climatology,1,03007800,-1.485546548457716
TR-noMoE,Climatology,1,03034000,-1.4786859648680886
TR-noMoE,Climatology,1,03036000,-1.129776115022672
TR-noMoE,Climatology,1,03047000,-1.297910598348421
TR-noMoE,Climatology,1,03077500,-1.0906261313057557
TR-noMoE,Climatology,1,03105500,-1.6416947538210565
TR-noMoE,Climatology,1,03106000,-1.623234233741961
TR-noMoE,Climatology,1,03301900,-1.3206131397210181
TR-noMoE,Climatology,1,03353200,-1.4882785599610524
TR-noMoE,Climatology,1,03456991,-1.2496327391113344
TR-noMoE,Climatology,1,04027000,-1.4725916952371823
TR-noMoE,Climatology,1,04043238,-0.9811998511111494
TR-noMoE,Climatology,1,04043244,-0.8981225021233407
TR-noMoE,Climatology,1,04067500,-1.3247529490634928
TR-noMoE,Climatology,1,04077630,-1.1815667343932348
TR-noMoE,Climatology,1,04124200,-0.7761565731350683
TR-noMoE,Climatology,1,04125460,-1.053935005446762
TR-noMoE,Climatology,1,04137005,-1.089654801848999
TR-noMoE,Climatology,1,04176500,-1.5183695994034236
TR-noMoE,Climatology,1,04208000,-1.4619960093980908
TR-noMoE,Climatology,1,05054000,-1.6493972719288623
TR-noMoE,Climatology,1,05057000,-1.6027167025334568
TR-noMoE,Climatology,1,05289800,-1.3861752411534085
TR-noMoE,Climatology,1,05331833,-1.016174782916808
TR-noMoE,Climatology,1,05370000,-0.9116917737694148
TR-noMoE,Climatology,1,05382255,-0.7729799646901913
TR-noMoE,Climatology,1,05382257,-0.603473677610229
TR-noMoE,Climatology,1,05406457,-0.5556776480883054
TR-noMoE,Climatology,1,05458300,-1.6944253951704664
TR-noMoE,Climatology,1,05517000,-1.6284255172284885
TR-noMoE,Climatology,1,06036805,-0.8575619087581221
TR-noMoE,Climatology,1,06036905,-1.0407332494316142
TR-noMoE,Climatology,1,06036940,-1.2102402225647277
TR-noMoE,Climatology,1,06041000,-1.2519048702212883
TR-noMoE,Climatology,1,06623800,-0.34823680255147416
TR-noMoE,Climatology,1,06894000,-1.5980101675978982
TR-noMoE,Climatology,1,06934500,-1.4234604131237332
TR-noMoE,Climatology,1,07106000,-0.6954523650484659
TR-noMoE,Climatology,1,07178200,-1.7142892733889512
TR-noMoE,Climatology,1,07194880,-0.6937910830276298
TR-noMoE,Climatology,1,07332622,-1.5454331352554391
TR-noMoE,Climatology,1,08048000,-1.5463551234673276
TR-noMoE,Climatology,1,08052700,-1.5813010857132517
TR-noMoE,Climatology,1,08065350,-1.8778479941743658
TR-noMoE,Climatology,1,08070200,-1.7845726106070656
TR-noMoE,Climatology,1,08123850,-1.546162062943357
TR-noMoE,Climatology,1,09136100,-1.2333510318744358
TR-noMoE,Climatology,1,09144250,-1.2378364220014095
TR-noMoE,Climatology,1,09149500,-0.7666062322289625
TR-noMoE,Climatology,1,09163500,-1.3949543518177738
TR-noMoE,Climatology,1,09180000,-1.4199269731924287
TR-noMoE,Climatology,1,09261000,-1.109474665342342
TR-noMoE,Climatology,1,09302000,-1.39619086964457
TR-noMoE,Climatology,1,09380000,-3.415786034727433
TR-noMoE,Climatology,1,10129900,-0.9763154254442296
TR-noMoE,Climatology,1,10301500,-1.2441803027241924
TR-noMoE,Climatology,1,10351600,-1.54002926660076
TR-noMoE,Climatology,1,11262900,-0.9486192261861618
TR-noMoE,Climatology,1,11467000,-1.0907420580413199
TR-noMoE,Climatology,1,11507500,-1.537208681381005
TR-noMoE,Climatology,1,12056500,-0.6684815319648238
TR-noMoE,Climatology,1,12115000,-0.5229489112295389
TR-noMoE,Climatology,1,12117600,-0.6667771226364123
TR-noMoE,Climatology,1,12210700,-0.7945653541467652
TR-noMoE,Climatology,1,12212050,-0.9636867612730828
TR-noMoE,Climatology,1,12213100,-1.0859208939118088
TR-noMoE,Climatology,1,12363000,-0.95631539627872
TR-noMoE,Climatology,1,12398600,-1.4495246463554765
TR-noMoE,Climatology,1,13018350,-0.8526622810350711
TR-noMoE,Climatology,1,13154500,-0.8410668879822274
TR-noMoE,Climatology,1,13317660,-0.9011813845065411
TR-noMoE,Climatology,1,13342500,-0.9350927372647899
TR-noMoE,Climatology,1,14091500,-0.27095654862217133
TR-noMoE,Climatology,1,14150800,-1.3673963850169248
TR-noMoE,Climatology,1,14151000,-2.407276905625268
TR-noMoE,Climatology,1,14152000,-1.1267039240868368
TR-noMoE,Climatology,1,14153500,-2.0759934109926776
TR-noMoE,Climatology,1,14154500,-1.7770030701935309
TR-noMoE,Climatology,1,14159500,-0.9290425817970496
TR-noMoE,Climatology,1,14161500,-0.9794286059644051
TR-noMoE,Climatology,1,14179000,-1.0145553631087827
TR-noMoE,Climatology,1,14185000,-1.1943949997598429
TR-noMoE,Climatology,1,14210000,-1.2144044202298194
TR-noMoE,Climatology,1,14211499,-1.1512813026157063
TR-noMoE,Climatology,1,14211500,-1.364919443078285
TR-noMoE,Climatology,1,14320934,-1.4199941161479566
TR-noMoE,Climatology,1,255534081324000,-1.114823395689689
TR-noMoE,Climatology,3,01073319,-0.35645439491878816
TR-noMoE,Climatology,3,01104415,-0.22962991236755892
TR-noMoE,Climatology,3,01104455,-0.4850268190517051
TR-noMoE,Climatology,3,01104475,-0.4641253435459598
TR-noMoE,Climatology,3,01129500,-0.3961953756187584
TR-noMoE,Climatology,3,01400500,-0.4882470631657321
TR-noMoE,Climatology,3,01408029,-0.3113794983813789
TR-noMoE,Climatology,3,01425000,-0.6197729848516986
TR-noMoE,Climatology,3,01426500,-0.3906524601744161
TR-noMoE,Climatology,3,01427207,-0.39031892091251175
TR-noMoE,Climatology,3,01428500,-0.5961727607822536
TR-noMoE,Climatology,3,01463500,-0.6018302742352262
TR-noMoE,Climatology,3,01480617,-0.3919752831378198
TR-noMoE,Climatology,3,01540500,-0.7638289595454193
TR-noMoE,Climatology,3,01542500,-0.5332144525343576
TR-noMoE,Climatology,3,01549700,-0.6033473922198238
TR-noMoE,Climatology,3,02110701,-0.5383110259292061
TR-noMoE,Climatology,3,02176930,-0.5202681675639975
TR-noMoE,Climatology,3,02266300,-0.5831911973445276
TR-noMoE,Climatology,3,02330450,-0.38882781212266226
TR-noMoE,Climatology,3,02334430,-1.3334708773181527
TR-noMoE,Climatology,3,02334885,-0.5368079066168132
TR-noMoE,Climatology,3,02336120,-0.4727874414494726
TR-noMoE,Climatology,3,02336300,-0.481517822832106
TR-noMoE,Climatology,3,02336728,-1.7291034832320193
TR-noMoE,Climatology,3,02397000,-0.584573287737199
TR-noMoE,Climatology,3,02455980,-0.33359385767192373
TR-noMoE,Climatology,3,02458450,-0.4764460441811056
TR-noMoE,Climatology,3,02474560,-1.0767520577308818
TR-noMoE,Climatology,3,03007800,-0.521697934966485
TR-noMoE,Climatology,3,03034000,-0.4787784412300342
TR-noMoE,Climatology,3,03036000,-0.7515282649111034
TR-noMoE,Climatology,3,03047000,-0.7152362919361053
TR-noMoE,Climatology,3,03077500,-0.9137553361929026
TR-noMoE,Climatology,3,03105500,-0.6974041751804163
TR-noMoE,Climatology,3,03106000,-0.5023267671884919
TR-noMoE,Climatology,3,03301900,-0.4735731051496894
TR-noMoE,Climatology,3,03353200,-0.40709095370121506
TR-noMoE,Climatology,3,03456991,-0.4874454534820247
TR-noMoE,Climatology,3,04027000,-0.5344668771758072
TR-noMoE,Climatology,3,04043238,-0.3263174738801211
TR-noMoE,Climatology,3,04043244,-0.29176082783314183
TR-noMoE,Climatology,3,04067500,-0.5925437316158138
TR-noMoE,Climatology,3,04077630,-0.35711259171728393
TR-noMoE,Climatology,3,04124200,-0.5914527568170211
TR-noMoE,Climatology,3,04125460,-0.3273522793521597
TR-noMoE,Climatology,3,04137005,-0.7027002066491234
TR-noMoE,Climatology,3,04176500,-0.71480867345646
TR-noMoE,Climatology,3,04208000,-0.48246053089923113
TR-noMoE,Climatology,3,05054000,-1.1231140069115089
TR-noMoE,Climatology,3,05057000,-0.7088126459703528
TR-noMoE,Climatology,3,05289800,-0.6078655725938997
TR-noMoE,Climatology,3,05331833,-0.36272558369255914
TR-noMoE,Climatology,3,05370000,-0.47241892638322114
TR-noMoE,Climatology,3,05382255,-0.280697730140262
TR-noMoE,Climatology,3,05382257,-0.1546091497040516
TR-noMoE,Climatology,3,05406457,-0.17944956866998507
TR-noMoE,Climatology,3,05458300,-0.6324141952971736
TR-noMoE,Climatology,3,05517000,-0.6009777350519865
TR-noMoE,Climatology,3,06036805,-0.3427173688638181
TR-noMoE,Climatology,3,06036905,-0.35493676631416093
TR-noMoE,Climatology,3,06036940,-0.5557486935614404
TR-noMoE,Climatology,3,06041000,-0.6570157563963162
TR-noMoE,Climatology,3,06623800,-0.11308217919238839
TR-noMoE,Climatology,3,06894000,-0.6278405876624344
TR-noMoE,Climatology,3,06934500,-0.8336862356504248
TR-noMoE,Climatology,3,07106000,-0.05791848520733245
TR-noMoE,Climatology,3,07178200,-0.8549550399318937
TR-noMoE,Climatology,3,07194880,-0.22813836090679263
TR-noMoE,Climatology,3,07332622,-0.5389580562563041
TR-noMoE,Climatology,3,08048000,-0.7205084363694423
TR-noMoE,Climatology,3,08052700,-0.4167231343445277
TR-noMoE,Climatology,3,08065350,-1.0148275237792257
TR-noMoE,Climatology,3,08070200,-0.8365296388243815
TR-noMoE,Climatology,3,08123850,-0.4336192792809199
TR-noMoE,Climatology,3,09136100,-0.7696605485285568
TR-noMoE,Climatology,3,09144250,-0.7392734026648544
TR-noMoE,Climatology,3,09149500,-0.3169992086719149
TR-noMoE,Climatology,3,09163500,-0.7995009664052439
TR-noMoE,Climatology,3,09180000,-0.791010381725552
TR-noMoE,Climatology,3,09261000,-0.44147916085088323
TR-noMoE,Climatology,3,09302000,-0.7918428605270069
TR-noMoE,Climatology,3,09380000,-3.211096480503331
TR-noMoE,Climatology,3,10129900,-0.4685813291140417
TR-noMoE,Climatology,3,10301500,-0.4990980645654459
TR-noMoE,Climatology,3,10351600,-0.7781772539832883
TR-noMoE,Climatology,3,11262900,-0.24090536558865017
TR-noMoE,Climatology,3,11467000,-0.5727117025234364
TR-noMoE,Climatology,3,11507500,-0.7415528249317125
TR-noMoE,Climatology,3,12056500,-0.4000145708435978
TR-noMoE,Climatology,3,12115000,-0.27715308910980974
TR-noMoE,Climatology,3,12117600,-0.3882660304512249
TR-noMoE,Climatology,3,12210700,-0.3333568847770123
TR-noMoE,Climatology,3,12212050,-0.4502305475533801
TR-noMoE,Climatology,3,12213100,-0.5087091541900848
TR-noMoE,Climatology,3,12363000,-0.5525368428245766
TR-noMoE,Climatology,3,12398600,-1.1451928533945042
TR-noMoE,Climatology,3,13018350,-0.22553710437663477
TR-noMoE,Climatology,3,13154500,-0.5454251326027804
TR-noMoE,Climatology,3,13317660,-0.6031949857366008
TR-noMoE,Climatology,3,13342500,-0.48325494511656075
TR-noMoE,Climatology,3,14091500,-0.02438596477536492
TR-noMoE,Climatology,3,14150800,-0.6921771238175085
TR-noMoE,Climatology,3,14151000,-1.791164935063344
TR-noMoE,Climatology,3,14152000,-0.8084005303202781
TR-noMoE,Climatology,3,14153500,-1.8268374947948773
TR-noMoE,Climatology,3,14154500,-1.0659806268903311
TR-noMoE,Climatology,3,14159500,-0.694419754369733
TR-noMoE,Climatology,3,14161500,-0.5578771274374799
TR-noMoE,Climatology,3,14179000,-0.605755125546732
TR-noMoE,Climatology,3,14185000,-0.6087767814820408
TR-noMoE,Climatology,3,14210000,-0.9157409598948661
TR-noMoE,Climatology,3,14211499,-0.42815159906513767
TR-noMoE,Climatology,3,14211500,-0.5225867938634183
TR-noMoE,Climatology,3,14320934,-0.8265686066798548
TR-noMoE,Climatology,3,255534081324000,-0.2158116310693068
TR-noMoE,Climatology,7,01073319,-0.0680826004947066
TR-noMoE,Climatology,7,01104415,-0.13612269027099044
TR-noMoE,Climatology,7,01104455,-0.2803281355993328
TR-noMoE,Climatology,7,01104475,-0.2461316984489066
TR-noMoE,Climatology,7,01129500,-0.15531588348646963
TR-noMoE,Climatology,7,01400500,-0.09575619938277624
TR-noMoE,Climatology,7,01408029,-0.12457010281526193
TR-noMoE,Climatology,7,01425000,-0.4038926520809174
TR-noMoE,Climatology,7,01426500,-0.2097390847730427
TR-noMoE,Climatology,7,01427207,-0.031159556323615778
TR-noMoE,Climatology,7,01428500,-0.06105942218526783
TR-noMoE,Climatology,7,01463500,-0.09133976330532878
TR-noMoE,Climatology,7,01480617,-0.11898942313179317
TR-noMoE,Climatology,7,01540500,-0.19365260625792113
TR-noMoE,Climatology,7,01542500,-0.10542736369919448
TR-noMoE,Climatology,7,01549700,-0.1413934345878478
TR-noMoE,Climatology,7,02110701,-0.1161779878295528
TR-noMoE,Climatology,7,02176930,-0.1764546267431628
TR-noMoE,Climatology,7,02266300,-0.2693286529447625
TR-noMoE,Climatology,7,02330450,-0.11422920754383825
TR-noMoE,Climatology,7,02334430,-1.323711545877558
TR-noMoE,Climatology,7,02334885,-0.12243357688243783
TR-noMoE,Climatology,7,02336120,-0.10465979184365626
TR-noMoE,Climatology,7,02336300,-0.11176012412159464
TR-noMoE,Climatology,7,02336728,-0.9868396845103593
TR-noMoE,Climatology,7,02397000,-0.13652385467076544
TR-noMoE,Climatology,7,02455980,-0.06594268612341025
TR-noMoE,Climatology,7,02458450,-0.15220377612741554
TR-noMoE,Climatology,7,02474560,-0.3545374124888494
TR-noMoE,Climatology,7,03007800,-0.12968636765117747
TR-noMoE,Climatology,7,03034000,-0.15271207906471362
TR-noMoE,Climatology,7,03036000,-0.29112399151239376
TR-noMoE,Climatology,7,03047000,-0.09350944399930117
TR-noMoE,Climatology,7,03077500,-0.7712677674096557
TR-noMoE,Climatology,7,03105500,-0.272353943933898
TR-noMoE,Climatology,7,03106000,-0.07122481485574683
TR-noMoE,Climatology,7,03301900,-0.1732213821874824
TR-noMoE,Climatology,7,03353200,-0.04190865276525679
TR-noMoE,Climatology,7,03456991,-0.13583183010595912
TR-noMoE,Climatology,7,04027000,-0.1768473735064955
TR-noMoE,Climatology,7,04043238,-0.07364485592165626
TR-noMoE,Climatology,7,04043244,-0.05915588439832131
TR-noMoE,Climatology,7,04067500,-0.07224852953380845
TR-noMoE,Climatology,7,04077630,-0.005563307365503922
TR-noMoE,Climatology,7,04124200,-0.29319190728402633
TR-noMoE,Climatology,7,04125460,-0.046491641026551234
TR-noMoE,Climatology,7,04137005,-0.1733076237299953
TR-noMoE,Climatology,7,04176500,-0.056010435838996564
TR-noMoE,Climatology,7,04208000,-0.0985011512623375
TR-noMoE,Climatology,7,05054000,-0.5320677584533657
TR-noMoE,Climatology,7,05057000,-0.2096323172696466
TR-noMoE,Climatology,7,05289800,-0.18735935371860046
TR-noMoE,Climatology,7,05331833,-0.10153571981399989
TR-noMoE,Climatology,7,05370000,-0.13354704816415208
TR-noMoE,Climatology,7,05382255,-0.005121139834954436
TR-noMoE,Climatology,7,05382257,-0.05920613778249684
TR-noMoE,Climatology,7,05406457,-0.05853354814223111
TR-noMoE,Climatology,7,05458300,-0.10331478321960619
TR-noMoE,Climatology,7,05517000,-0.10962531544170728
TR-noMoE,Climatology,7,06036805,-0.19673008481179877
TR-noMoE,Climatology,7,06036905,-0.16025918648157234
TR-noMoE,Climatology,7,06036940,-0.2459408983369471
TR-noMoE,Climatology,7,06041000,-0.15526586094027928
TR-noMoE,Climatology,7,06623800,-0.015276643360172537
TR-noMoE,Climatology,7,06894000,-0.050789197598654745
TR-noMoE,Climatology,7,06934500,-0.2003413485311294
TR-noMoE,Climatology,7,07106000,0.006946559194133783
TR-noMoE,Climatology,7,07178200,-0.2895646943446333
TR-noMoE,Climatology,7,07194880,-0.06604617855839612
TR-noMoE,Climatology,7,07332622,-0.12167678926848469
TR-noMoE,Climatology,7,08048000,-0.22794395684157331
TR-noMoE,Climatology,7,08052700,-0.04574069878389908
TR-noMoE,Climatology,7,08065350,-0.22287403053677846
TR-noMoE,Climatology,7,08070200,-0.17201794108123591
TR-noMoE,Climatology,7,08123850,-0.05636825444708293
TR-noMoE,Climatology,7,09136100,-0.5634184934043913
TR-noMoE,Climatology,7,09144250,-0.525822636867056
TR-noMoE,Climatology,7,09149500,-0.16624036267934184
TR-noMoE,Climatology,7,09163500,-0.4611777030221884
TR-noMoE,Climatology,7,09180000,-0.490894155766602
TR-noMoE,Climatology,7,09261000,-0.07374135391303205
TR-noMoE,Climatology,7,09302000,-0.4772155272096774
TR-noMoE,Climatology,7,09380000,-2.994215126942794
TR-noMoE,Climatology,7,10129900,-0.3027469148579851
TR-noMoE,Climatology,7,10301500,-0.18036795633934788
TR-noMoE,Climatology,7,10351600,-0.4247497572950545
TR-noMoE,Climatology,7,11262900,-0.0605407750617899
TR-noMoE,Climatology,7,11467000,-0.22189661586888443
TR-noMoE,Climatology,7,11507500,-0.1744119820902279
TR-noMoE,Climatology,7,12056500,-0.21880110787308893
TR-noMoE,Climatology,7,12115000,-0.17219819722841645
TR-noMoE,Climatology,7,12117600,-0.220604321290906
TR-noMoE,Climatology,7,12210700,-0.14030625613528191
TR-noMoE,Climatology,7,12212050,-0.16095137662362524
TR-noMoE,Climatology,7,12213100,-0.27530045549646354
TR-noMoE,Climatology,7,12363000,-0.35495373776331873
TR-noMoE,Climatology,7,12398600,-0.760574427554006
TR-noMoE,Climatology,7,13018350,-0.10839140320394836
TR-noMoE,Climatology,7,13154500,-0.24648440404657046
TR-noMoE,Climatology,7,13317660,-0.35255114613905514
TR-noMoE,Climatology,7,13342500,-0.19983795760071565
TR-noMoE,Climatology,7,14091500,0.0008118299641930449
TR-noMoE,Climatology,7,14150800,-0.32939026284397865
TR-noMoE,Climatology,7,14151000,-1.2756100607337453
TR-noMoE,Climatology,7,14152000,-0.5500439482254952
TR-noMoE,Climatology,7,14153500,-1.4660726897922098
TR-noMoE,Climatology,7,14154500,-0.6391648594296493
TR-noMoE,Climatology,7,14159500,-0.4348781032401725
TR-noMoE,Climatology,7,14161500,-0.32336875786560815
TR-noMoE,Climatology,7,14179000,-0.3976608870723721
TR-noMoE,Climatology,7,14185000,-0.3066197740298424
TR-noMoE,Climatology,7,14210000,-0.5511990605665404
TR-noMoE,Climatology,7,14211499,-0.12331691068425266
TR-noMoE,Climatology,7,14211500,-0.14340073783855556
TR-noMoE,Climatology,7,14320934,-0.4348411596294006
TR-noMoE,Climatology,7,255534081324000,-0.029991322425069855
TR-noRouter,Persistence,1,01073319,-0.24654929880008314
TR-noRouter,Persistence,1,01104415,-0.2019497793219518
TR-noRouter,Persistence,1,01104455,-0.11536740953609215
TR-noRouter,Persistence,1,01104475,-0.15290232183971486
TR-noRouter,Persistence,1,01129500,-0.22826538444640287
TR-noRouter,Persistence,1,01400500,-0.32097587367558933
TR-noRouter,Persistence,1,01408029,-0.3241826619711563
TR-noRouter,Persistence,1,01425000,0.02341726583724496
TR-noRouter,Persistence,1,01426500,-0.0505249124619066
TR-noRouter,Persistence,1,01427207,-0.26360336761206715
TR-noRouter,Persistence,1,01428500,-0.26036473916180436
TR-noRouter,Persistence,1,01463500,-0.23384965054119727
TR-noRouter,Persistence,1,01480617,-0.2366913764140548
TR-noRouter,Persistence,1,01540500,-0.17906858289644878
TR-noRouter,Persistence,1,01542500,-0.25600510074499994
TR-noRouter,Persistence,1,01549700,-0.2576238396296664
TR-noRouter,Persistence,1,02110701,-0.33753027785759393
TR-noRouter,Persistence,1,02176930,-0.2115479932159512
TR-noRouter,Persistence,1,02266300,-0.23298927062459618
TR-noRouter,Persistence,1,02330450,-0.17968819608682163
TR-noRouter,Persistence,1,02334430,0.1307019640997137
TR-noRouter,Persistence,1,02334885,-0.32395184138756183
TR-noRouter,Persistence,1,02336120,-0.3199026732195316
TR-noRouter,Persistence,1,02336300,-0.32554827463939817
TR-noRouter,Persistence,1,02336728,-0.00344469819919635
TR-noRouter,Persistence,1,02397000,-0.2151388302245214
TR-noRouter,Persistence,1,02455980,-0.2675191991511181
TR-noRouter,Persistence,1,02458450,-0.2619951414759001
TR-noRouter,Persistence,1,02474560,-0.24499130211229203
TR-noRouter,Persistence,1,03007800,-0.29249067059124334
TR-noRouter,Persistence,1,03034000,-0.3103290488078183
TR-noRouter,Persistence,1,03036000,0.05688529091544836
TR-noRouter,Persistence,1,03047000,-0.03647527479556367
TR-noRouter,Persistence,1,03077500,0.05828733477302206
TR-noRouter,Persistence,1,03105500,-0.276198973495689
TR-noRouter,Persistence,1,03106000,-0.34610099286776996
TR-noRouter,Persistence,1,03301900,-0.26400968114327783
TR-noRouter,Persistence,1,03353200,-0.34596119682473514
TR-noRouter,Persistence,1,03456991,-0.23915929703449867
TR-noRouter,Persistence,1,04027000,-0.2672970078872169
TR-noRouter,Persistence,1,04043238,-0.1650625210184743
TR-noRouter,Persistence,1,04043244,-0.1686313780057238
TR-noRouter,Persistence,1,04067500,-0.17297707265176754
TR-noRouter,Persistence,1,04077630,-0.2080338007560626
TR-noRouter,Persistence,1,04124200,0.12187440470203442
TR-noRouter,Persistence,1,04125460,-0.2235117126467736
TR-noRouter,Persistence,1,04137005,-0.00759822033445523
TR-noRouter,Persistence,1,04176500,-0.21580541008678272
TR-noRouter,Persistence,1,04208000,-0.3269122326774908
TR-noRouter,Persistence,1,05054000,-0.07879371798710133
TR-noRouter,Persistence,1,05057000,-0.2163099182533771
TR-noRouter,Persistence,1,05289800,-0.15211848680943663
TR-noRouter,Persistence,1,05331833,-0.1442815923799854
TR-noRouter,Persistence,1,05370000,-0.017759663079013832
TR-noRouter,Persistence,1,05382255,-0.06877623103770791
TR-noRouter,Persistence,1,05382257,-0.11738105545853794
TR-noRouter,Persistence,1,05406457,-0.018783568083133195
TR-noRouter,Persistence,1,05458300,-0.27162635532320945
TR-noRouter,Persistence,1,05517000,-0.28472865105090805
TR-noRouter,Persistence,1,06036805,-0.11840800031307686
TR-noRouter,Persistence,1,06036905,-0.1274542774269959
TR-noRouter,Persistence,1,06036940,-0.038243705967026864
TR-noRouter,Persistence,1,06041000,-0.11933368052774135
TR-noRouter,Persistence,1,06623800,-0.03755250823287559
TR-noRouter,Persistence,1,06894000,-0.3162078052241012
TR-noRouter,Persistence,1,06934500,-0.15006603591416717
TR-noRouter,Persistence,1,07106000,-0.11793565100148862
TR-noRouter,Persistence,1,07178200,-0.2209191897268621
TR-noRouter,Persistence,1,07194880,-0.10112637882093867
TR-noRouter,Persistence,1,07332622,-0.2537614321842119
TR-noRouter,Persistence,1,08048000,-0.17184268525454904
TR-noRouter,Persistence,1,08052700,-0.31115610358531987
TR-noRouter,Persistence,1,08065350,-0.20086655324949082
TR-noRouter,Persistence,1,08070200,-0.2222414247395592
TR-noRouter,Persistence,1,08123850,-0.3134018002103959
TR-noRouter,Persistence,1,09136100,-0.09280465567439644
TR-noRouter,Persistence,1,09144250,-0.10823852554221736
TR-noRouter,Persistence,1,09149500,-0.12797624877553238
TR-noRouter,Persistence,1,09163500,-0.15488205193984306
TR-noRouter,Persistence,1,09180000,-0.1309206957914293
TR-noRouter,Persistence,1,09261000,-0.14239734528256587
TR-noRouter,Persistence,1,09302000,-0.10663645043898973
TR-noRouter,Persistence,1,09380000,0.018467146498031606
TR-noRouter,Persistence,1,10129900,-0.06908502023383067
TR-noRouter,Persistence,1,10301500,-0.14804032837993275
TR-noRouter,Persistence,1,10351600,-0.2172415525698489
TR-noRouter,Persistence,1,11262900,-0.1749607690959547
TR-noRouter,Persistence,1,11467000,-0.09737010753222941
TR-noRouter,Persistence,1,11507500,-0.2143065269033117
TR-noRouter,Persistence,1,12056500,-0.04802954262768788
TR-noRouter,Persistence,1,12115000,0.05461804326845343
TR-noRouter,Persistence,1,12117600,0.01828406411160416
TR-noRouter,Persistence,1,12210700,-0.07805168876868851
TR-noRouter,Persistence,1,12212050,-0.07992031356564477
TR-noRouter,Persistence,1,12213100,-0.15629691494632125
TR-noRouter,Persistence,1,12363000,-0.08992042333695205
TR-noRouter,Persistence,1,12398600,0.016681894864550628
TR-noRouter,Persistence,1,13018350,-0.12951572930720456
TR-noRouter,Persistence,1,13154500,-0.02855560812577601
TR-noRouter,Persistence,1,13317660,-0.0731956432928697
TR-noRouter,Persistence,1,13342500,-0.06596351330385514
TR-noRouter,Persistence,1,14091500,-0.04166062461115355
TR-noRouter,Persistence,1,14150800,-0.1613937450881876
TR-noRouter,Persistence,1,14151000,-0.014902213672662201
TR-noRouter,Persistence,1,14152000,-0.014886657352454424
TR-noRouter,Persistence,1,14153500,0.009330724033533466
TR-noRouter,Persistence,1,14154500,-0.18186520062634237
TR-noRouter,Persistence,1,14159500,0.045958042891587225
TR-noRouter,Persistence,1,14161500,-0.06593294871841321
TR-noRouter,Persistence,1,14179000,-0.05778136360158781
TR-noRouter,Persistence,1,14185000,-0.13480403992899048
TR-noRouter,Persistence,1,14210000,-0.0009795512197199874
TR-noRouter,Persistence,1,14211499,-0.15934498475178382
TR-noRouter,Persistence,1,14211500,-0.19858802136474962
TR-noRouter,Persistence,1,14320934,-0.13057336552743387
TR-noRouter,Persistence,1,255534081324000,-0.20388266409903355
TR-noRouter,Persistence,3,01073319,-0.39466836256064064
TR-noRouter,Persistence,3,01104415,-0.3979908654686153
TR-noRouter,Persistence,3,01104455,-0.2006209228864264
TR-noRouter,Persistence,3,01104475,-0.26823915543456467
TR-noRouter,Persistence,3,01129500,-0.38912996699387103
TR-noRouter,Persistence,3,01400500,-0.40818903536612017
TR-noRouter,Persistence,3,01408029,-0.4808491636704735
TR-noRouter,Persistence,3,01425000,0.0007969575996547018
TR-noRouter,Persistence,3,01426500,-0.16752101615251735
TR-noRouter,Persistence,3,01427207,-0.38933642554818726
TR-noRouter,Persistence,3,01428500,-0.3878978745757484
TR-noRouter,Persistence,3,01463500,-0.3586607330400109
TR-noRouter,Persistence,3,01480617,-0.41324608600047674
TR-noRouter,Persistence,3,01540500,-0.3600940483861561
TR-noRouter,Persistence,3,01542500,-0.3945720108097759
TR-noRouter,Persistence,3,01549700,-0.4349436843606471
TR-noRouter,Persistence,3,02110701,-0.4864854659055631
TR-noRouter,Persistence,3,02176930,-0.4211232385285646
TR-noRouter,Persistence,3,02266300,-0.31748137537926047
TR-noRouter,Persistence,3,02330450,-0.3969035844742905
TR-noRouter,Persistence,3,02334430,0.16162424110232965
TR-noRouter,Persistence,3,02334885,-0.44621746422902797
TR-noRouter,Persistence,3,02336120,-0.4609611250657879
TR-noRouter,Persistence,3,02336300,-0.46545969456529934
TR-noRouter,Persistence,3,02336728,0.23139390597276033
TR-noRouter,Persistence,3,02397000,-0.34670870141171006
TR-noRouter,Persistence,3,02455980,-0.3792987025258525
TR-noRouter,Persistence,3,02458450,-0.363572952784907
TR-noRouter,Persistence,3,02474560,-0.3208478334306646
TR-noRouter,Persistence,3,03007800,-0.42431978821200933
TR-noRouter,Persistence,3,03034000,-0.4486046993815822
TR-noRouter,Persistence,3,03036000,-0.2168219505627076
TR-noRouter,Persistence,3,03047000,-0.34692635356622414
TR-noRouter,Persistence,3,03077500,-0.05532812275481569
TR-noRouter,Persistence,3,03105500,-0.41053840042192413
TR-noRouter,Persistence,3,03106000,-0.5076374410917301
TR-noRouter,Persistence,3,03301900,-0.41373212864943043
TR-noRouter,Persistence,3,03353200,-0.48036603034961756
TR-noRouter,Persistence,3,03456991,-0.385523571356583
TR-noRouter,Persistence,3,04027000,-0.37909046485320963
TR-noRouter,Persistence,3,04043238,-0.3152254157490184
TR-noRouter,Persistence,3,04043244,-0.3025707170294074
TR-noRouter,Persistence,3,04067500,-0.25624387917470237
TR-noRouter,Persistence,3,04077630,-0.3624292365308375
TR-noRouter,Persistence,3,04124200,-0.0349197475513765
TR-noRouter,Persistence,3,04125460,-0.3047898190818985
TR-noRouter,Persistence,3,04137005,-0.18060020189260917
TR-noRouter,Persistence,3,04176500,-0.32622431450385436
TR-noRouter,Persistence,3,04208000,-0.43818306517367844
TR-noRouter,Persistence,3,05054000,-0.21311527697310317
TR-noRouter,Persistence,3,05057000,-0.3064899415933855
TR-noRouter,Persistence,3,05289800,-0.26877462984640443
TR-noRouter,Persistence,3,05331833,-0.3016551992526828
TR-noRouter,Persistence,3,05370000,-0.13863472290439594
TR-noRouter,Persistence,3,05382255,-0.21425052879194784
TR-noRouter,Persistence,3,05382257,-0.42958179931079243
TR-noRouter,Persistence,3,05406457,-0.1527777814360669
TR-noRouter,Persistence,3,05458300,-0.36548960069400005
TR-noRouter,Persistence,3,05517000,-0.4043591573205265
TR-noRouter,Persistence,3,06036805,-0.3000583706028399
TR-noRouter,Persistence,3,06036905,-0.34840129721814317
TR-noRouter,Persistence,3,06036940,-0.12891523830220386
TR-noRouter,Persistence,3,06041000,-0.2447119894715759
TR-noRouter,Persistence,3,06623800,-0.17209747513670326
TR-noRouter,Persistence,3,06894000,-0.4340279478632607
TR-noRouter,Persistence,3,06934500,-0.28161818607721056
TR-noRouter,Persistence,3,07106000,-0.3755782680926456
TR-noRouter,Persistence,3,07178200,-0.26740955010263723
TR-noRouter,Persistence,3,07194880,-0.2493620379774666
TR-noRouter,Persistence,3,07332622,-0.4319460992410935
TR-noRouter,Persistence,3,08048000,-0.23288745616987527
TR-noRouter,Persistence,3,08052700,-0.5631685899344832
TR-noRouter,Persistence,3,08065350,-0.2816009432516067
TR-noRouter,Persistence,3,08070200,-0.332041356195641
TR-noRouter,Persistence,3,08123850,-0.48282340372974764
TR-noRouter,Persistence,3,09136100,-0.24766861411098584
TR-noRouter,Persistence,3,09144250,-0.23835130218017886
TR-noRouter,Persistence,3,09149500,-0.3130223428838812
TR-noRouter,Persistence,3,09163500,-0.2934036498899908
TR-noRouter,Persistence,3,09180000,-0.32691400126889913
TR-noRouter,Persistence,3,09261000,-0.3065064699972704
TR-noRouter,Persistence,3,09302000,-0.27661158515765694
TR-noRouter,Persistence,3,09380000,0.056037531684340336
TR-noRouter,Persistence,3,10129900,-0.18158492149147043
TR-noRouter,Persistence,3,10301500,-0.3174234064425814
TR-noRouter,Persistence,3,10351600,-0.3279872677585718
TR-noRouter,Persistence,3,11262900,-0.31782847134097825
TR-noRouter,Persistence,3,11467000,-0.16517181224679633
TR-noRouter,Persistence,3,11507500,-0.2886091286273882
TR-noRouter,Persistence,3,12056500,-0.09608646659686315
TR-noRouter,Persistence,3,12115000,0.0157671082843297
TR-noRouter,Persistence,3,12117600,-0.04472970337956672
TR-noRouter,Persistence,3,12210700,-0.1736467828994046
TR-noRouter,Persistence,3,12212050,-0.1502360401029501
TR-noRouter,Persistence,3,12213100,-0.23625219151874277
TR-noRouter,Persistence,3,12363000,-0.13277899328956777
TR-noRouter,Persistence,3,12398600,-0.13290869663712412
TR-noRouter,Persistence,3,13018350,-0.292040327945275
TR-noRouter,Persistence,3,13154500,-0.15595365538776806
TR-noRouter,Persistence,3,13317660,-0.16763830061572282
TR-noRouter,Persistence,3,13342500,-0.12186705490998251
TR-noRouter,Persistence,3,14091500,-0.0936423737122366
TR-noRouter,Persistence,3,14150800,-0.2461209192557816
TR-noRouter,Persistence,3,14151000,-0.053347879814946486
TR-noRouter,Persistence,3,14152000,-0.07060433883568651
TR-noRouter,Persistence,3,14153500,-0.09131858901682643
TR-noRouter,Persistence,3,14154500,-0.25545221809110963
TR-noRouter,Persistence,3,14159500,-0.01861005083635492
TR-noRouter,Persistence,3,14161500,-0.11383697830498185
TR-noRouter,Persistence,3,14179000,-0.11376659231090802
TR-noRouter,Persistence,3,14185000,-0.20557848109557342
TR-noRouter,Persistence,3,14210000,-0.1509995585163686
TR-noRouter,Persistence,3,14211499,-0.23421122733940414
TR-noRouter,Persistence,3,14211500,-0.2836658484491599
TR-noRouter,Persistence,3,14320934,-0.16492794053918414
TR-noRouter,Persistence,3,255534081324000,-0.399998741363252
TR-noRouter,Persistence,7,01073319,-0.7905363995331303
TR-noRouter,Persistence,7,01104415,-0.5570307145835811
TR-noRouter,Persistence,7,01104455,-0.3813676762338287
TR-noRouter,Persistence,7,01104475,-0.3957106200497038
TR-noRouter,Persistence,7,01129500,-0.7170931071301585
TR-noRouter,Persistence,7,01400500,-0.7296864600598507
TR-noRouter,Persistence,7,01408029,-0.7178822232448507
TR-noRouter,Persistence,7,01425000,-0.09570704781276151
TR-noRouter,Persistence,7,01426500,-0.2914974222692597
TR-noRouter,Persistence,7,01427207,-0.6564399808952315
TR-noRouter,Persistence,7,01428500,-0.7018819943468446
TR-noRouter,Persistence,7,01463500,-0.629379358335826
TR-noRouter,Persistence,7,01480617,-0.6186724957835665
TR-noRouter,Persistence,7,01540500,-0.6862223767148967
TR-noRouter,Persistence,7,01542500,-0.7210735455232102
TR-noRouter,Persistence,7,01549700,-0.7704209852071542
TR-noRouter,Persistence,7,02110701,-0.7477028207442302
TR-noRouter,Persistence,7,02176930,-0.6009876026638827
TR-noRouter,Persistence,7,02266300,-0.47127834529185963
TR-noRouter,Persistence,7,02330450,-0.5903851311033466
TR-noRouter,Persistence,7,02334430,0.06724138008168551
TR-noRouter,Persistence,7,02334885,-0.6536782376416563
TR-noRouter,Persistence,7,02336120,-0.7030095053542591
TR-noRouter,Persistence,7,02336300,-0.7256538789037692
TR-noRouter,Persistence,7,02336728,0.5402760681333956
TR-noRouter,Persistence,7,02397000,-0.5249956326909864
TR-noRouter,Persistence,7,02455980,-0.5644359597171245
TR-noRouter,Persistence,7,02458450,-0.5656084044711631
TR-noRouter,Persistence,7,02474560,-0.592725950630042
TR-noRouter,Persistence,7,03007800,-0.6980903697984315
TR-noRouter,Persistence,7,03034000,-0.7406885320634968
TR-noRouter,Persistence,7,03036000,-0.530993605464533
TR-noRouter,Persistence,7,03047000,-0.616401613358931
TR-noRouter,Persistence,7,03077500,-0.3624507059167045
TR-noRouter,Persistence,7,03105500,-0.6497329051444121
TR-noRouter,Persistence,7,03106000,-0.8523790882669711
TR-noRouter,Persistence,7,03301900,-0.5611755458549359
TR-noRouter,Persistence,7,03353200,-0.7904772527133916
TR-noRouter,Persistence,7,03456991,-0.6104482251725027
TR-noRouter,Persistence,7,04027000,-0.7986047444959947
TR-noRouter,Persistence,7,04043238,-0.682243637894542
TR-noRouter,Persistence,7,04043244,-0.639525372473057
TR-noRouter,Persistence,7,04067500,-0.693774010530182
TR-noRouter,Persistence,7,04077630,-0.8023925444610587
TR-noRouter,Persistence,7,04124200,-0.3949316142401873
TR-noRouter,Persistence,7,04125460,-0.5658863464804027
TR-noRouter,Persistence,7,04137005,-0.4944707761553364
TR-noRouter,Persistence,7,04176500,-0.6569443651864697
TR-noRouter,Persistence,7,04208000,-0.7731604351817039
TR-noRouter,Persistence,7,05054000,-0.6387081875102976
TR-noRouter,Persistence,7,05057000,-0.7299244067834458
TR-noRouter,Persistence,7,05289800,-0.7546425125982121
TR-noRouter,Persistence,7,05331833,-0.6499767755662649
TR-noRouter,Persistence,7,05370000,-0.5504900349309962
TR-noRouter,Persistence,7,05382255,-0.5447158713428846
TR-noRouter,Persistence,7,05382257,-0.6935660833281296
TR-noRouter,Persistence,7,05406457,-0.2948369167858522
TR-noRouter,Persistence,7,05458300,-0.8265553770263261
TR-noRouter,Persistence,7,05517000,-0.7392106998517756
TR-noRouter,Persistence,7,06036805,-0.5161983614139054
TR-noRouter,Persistence,7,06036905,-0.5799795775017245
TR-noRouter,Persistence,7,06036940,-0.27088074865920975
TR-noRouter,Persistence,7,06041000,-0.5199786802706121
TR-noRouter,Persistence,7,06623800,-0.4759472285203793
TR-noRouter,Persistence,7,06894000,-0.7942350926710087
TR-noRouter,Persistence,7,06934500,-0.6072432534789836
TR-noRouter,Persistence,7,07106000,-0.6747889720609404
TR-noRouter,Persistence,7,07178200,-0.5580293180441567
TR-noRouter,Persistence,7,07194880,-0.42307266607475635
TR-noRouter,Persistence,7,07332622,-0.8492363472204709
TR-noRouter,Persistence,7,08048000,-0.5262237178921334
TR-noRouter,Persistence,7,08052700,-1.0272155445141449
TR-noRouter,Persistence,7,08065350,-0.5947044761780202
TR-noRouter,Persistence,7,08070200,-0.6812649924028356
TR-noRouter,Persistence,7,08123850,-0.8731167162382207
TR-noRouter,Persistence,7,09136100,-0.4148563607766742
TR-noRouter,Persistence,7,09144250,-0.3952575404637073
TR-noRouter,Persistence,7,09149500,-0.4672488512299673
TR-noRouter,Persistence,7,09163500,-0.5682616220760415
TR-noRouter,Persistence,7,09180000,-0.594152157809166
TR-noRouter,Persistence,7,09261000,-0.6087326325251043
TR-noRouter,Persistence,7,09302000,-0.5985979091663549
TR-noRouter,Persistence,7,09380000,0.045566980746510666
TR-noRouter,Persistence,7,10129900,-0.39328645893777514
TR-noRouter,Persistence,7,10301500,-0.6237403599257973
TR-noRouter,Persistence,7,10351600,-0.5172683241493017
TR-noRouter,Persistence,7,11262900,-0.6065425592261058
TR-noRouter,Persistence,7,11467000,-0.3173312127268264
TR-noRouter,Persistence,7,11507500,-0.5855351357944303
TR-noRouter,Persistence,7,12056500,-0.2214351241034519
TR-noRouter,Persistence,7,12115000,-0.1359006171230268
TR-noRouter,Persistence,7,12117600,-0.18763690379783926
TR-noRouter,Persistence,7,12210700,-0.35906239154088704
TR-noRouter,Persistence,7,12212050,-0.30315519474160113
TR-noRouter,Persistence,7,12213100,-0.36190340472582183
TR-noRouter,Persistence,7,12363000,-0.30637232111435164
TR-noRouter,Persistence,7,12398600,-0.4463220662396301
TR-noRouter,Persistence,7,13018350,-0.5319093381554547
TR-noRouter,Persistence,7,13154500,-0.24880126530406854
TR-noRouter,Persistence,7,13317660,-0.42784774859382924
TR-noRouter,Persistence,7,13342500,-0.2766674148551167
TR-noRouter,Persistence,7,14091500,-0.19021861700097786
TR-noRouter,Persistence,7,14150800,-0.5012846152328534
TR-noRouter,Persistence,7,14151000,-0.162949218549588
TR-noRouter,Persistence,7,14152000,-0.2029402865728528
TR-noRouter,Persistence,7,14153500,-0.22612155993766692
TR-noRouter,Persistence,7,14154500,-0.47109142178803687
TR-noRouter,Persistence,7,14159500,-0.16291258460949887
TR-noRouter,Persistence,7,14161500,-0.3132404849479107
TR-noRouter,Persistence,7,14179000,-0.269467946327407
TR-noRouter,Persistence,7,14185000,-0.4259376719822001
TR-noRouter,Persistence,7,14210000,-0.3254399473265156
TR-noRouter,Persistence,7,14211499,-0.5261983884869164
TR-noRouter,Persistence,7,14211500,-0.5908120739279996
TR-noRouter,Persistence,7,14320934,-0.355733740142816
TR-noRouter,Persistence,7,255534081324000,-0.7325094676373918
TR-noRouter,DampedPersistence,1,01073319,-0.2098735581587433
TR-noRouter,DampedPersistence,1,01104415,-0.13300720442743552
TR-noRouter,DampedPersistence,1,01104455,-0.08360516318921607
TR-noRouter,DampedPersistence,1,01104475,-0.12080321940445438
TR-noRouter,DampedPersistence,1,01129500,-0.19267828600030512
TR-noRouter,DampedPersistence,1,01400500,-0.2830873662272032
TR-noRouter,DampedPersistence,1,01408029,-0.27429780561974315
TR-noRouter,DampedPersistence,1,01425000,0.03366351629836728
TR-noRouter,DampedPersistence,1,01426500,-0.0193485572029074
TR-noRouter,DampedPersistence,1,01427207,-0.22747006256359226
TR-noRouter,DampedPersistence,1,01428500,-0.23179313104730093
TR-noRouter,DampedPersistence,1,01463500,-0.2105615678438117
TR-noRouter,DampedPersistence,1,01480617,-0.19144217393723872
TR-noRouter,DampedPersistence,1,01540500,-0.15656775101911424
TR-noRouter,DampedPersistence,1,01542500,-0.2228671958753623
TR-noRouter,DampedPersistence,1,01549700,-0.2259010513374068
TR-noRouter,DampedPersistence,1,02110701,-0.30221698539105013
TR-noRouter,DampedPersistence,1,02176930,-0.17504480568173153
TR-noRouter,DampedPersistence,1,02266300,-0.21731226165697548
TR-noRouter,DampedPersistence,1,02330450,-0.1400427323643938
TR-noRouter,DampedPersistence,1,02334430,0.11904646827891394
TR-noRouter,DampedPersistence,1,02334885,-0.2938073166255569
TR-noRouter,DampedPersistence,1,02336120,-0.27971427972882745
TR-noRouter,DampedPersistence,1,02336300,-0.28380280652641454
TR-noRouter,DampedPersistence,1,02336728,-0.07896477100967814
TR-noRouter,DampedPersistence,1,02397000,-0.1950297798469821
TR-noRouter,DampedPersistence,1,02455980,-0.2237404035414683
TR-noRouter,DampedPersistence,1,02458450,-0.22315979489307924
TR-noRouter,DampedPersistence,1,02474560,-0.23217229049947585
TR-noRouter,DampedPersistence,1,03007800,-0.25609341054416435
TR-noRouter,DampedPersistence,1,03034000,-0.27093579550022273
TR-noRouter,DampedPersistence,1,03036000,0.07938374540942617
TR-noRouter,DampedPersistence,1,03047000,-0.014382662590267103
TR-noRouter,DampedPersistence,1,03077500,0.08235477386362938
TR-noRouter,DampedPersistence,1,03105500,-0.2443247132463897
TR-noRouter,DampedPersistence,1,03106000,-0.3061549832877798
TR-noRouter,DampedPersistence,1,03301900,-0.21756360159368426
TR-noRouter,DampedPersistence,1,03353200,-0.298283256987494
TR-noRouter,DampedPersistence,1,03456991,-0.2022491202508252
TR-noRouter,DampedPersistence,1,04027000,-0.2259460769203543
TR-noRouter,DampedPersistence,1,04043238,-0.12435813645688598
TR-noRouter,DampedPersistence,1,04043244,-0.12517733538796538
TR-noRouter,DampedPersistence,1,04067500,-0.14057123211927935
TR-noRouter,DampedPersistence,1,04077630,-0.17074920164289686
TR-noRouter,DampedPersistence,1,04124200,0.1597565000199039
TR-noRouter,DampedPersistence,1,04125460,-0.19707761310860195
TR-noRouter,DampedPersistence,1,04137005,0.02025801279249989
TR-noRouter,DampedPersistence,1,04176500,-0.19025999219275963
TR-noRouter,DampedPersistence,1,04208000,-0.2916629294116144
TR-noRouter,DampedPersistence,1,05054000,-0.03565442250246187
TR-noRouter,DampedPersistence,1,05057000,-0.18158706303926353
TR-noRouter,DampedPersistence,1,05289800,-0.1135932831999561
TR-noRouter,DampedPersistence,1,05331833,-0.10365057951542744
TR-noRouter,DampedPersistence,1,05370000,0.01049989671850765
TR-noRouter,DampedPersistence,1,05382255,-0.03941208664144569
TR-noRouter,DampedPersistence,1,05382257,-0.013485011742051523
TR-noRouter,DampedPersistence,1,05406457,0.017812734305939992
TR-noRouter,DampedPersistence,1,05458300,-0.24258542512524883
TR-noRouter,DampedPersistence,1,05517000,-0.25756703939656655
TR-noRouter,DampedPersistence,1,06036805,-0.07685386794035387
TR-noRouter,DampedPersistence,1,06036905,-0.08544427106420704
TR-noRouter,DampedPersistence,1,06036940,-0.03561818802029548
TR-noRouter,DampedPersistence,1,06041000,-0.09548837145461858
TR-noRouter,DampedPersistence,1,06623800,0.0023587580247729223
TR-noRouter,DampedPersistence,1,06894000,-0.2831786625630942
TR-noRouter,DampedPersistence,1,06934500,-0.11383409060721672
TR-noRouter,DampedPersistence,1,07106000,-0.036860173104399374
TR-noRouter,DampedPersistence,1,07178200,-0.19951852229226907
TR-noRouter,DampedPersistence,1,07194880,-0.05652603621293317
TR-noRouter,DampedPersistence,1,07332622,-0.21094474700869958
TR-noRouter,DampedPersistence,1,08048000,-0.15204332088639705
TR-noRouter,DampedPersistence,1,08052700,-0.2423814362603638
TR-noRouter,DampedPersistence,1,08065350,-0.1837492329978921
TR-noRouter,DampedPersistence,1,08070200,-0.20686343154557463
TR-noRouter,DampedPersistence,1,08123850,-0.2731009380985133
TR-noRouter,DampedPersistence,1,09136100,-0.06601322624090489
TR-noRouter,DampedPersistence,1,09144250,-0.08704525918448414
TR-noRouter,DampedPersistence,1,09149500,-0.08854096810519918
TR-noRouter,DampedPersistence,1,09163500,-0.1305038472525587
TR-noRouter,DampedPersistence,1,09180000,-0.10461194060546652
TR-noRouter,DampedPersistence,1,09261000,-0.11711465140491051
TR-noRouter,DampedPersistence,1,09302000,-0.08076985327454078
TR-noRouter,DampedPersistence,1,09380000,0.007679814032519605
TR-noRouter,DampedPersistence,1,10129900,-0.04516870291893582
TR-noRouter,DampedPersistence,1,10301500,-0.11614303194070974
TR-noRouter,DampedPersistence,1,10351600,-0.2007380172876403
TR-noRouter,DampedPersistence,1,11262900,-0.13870248033194432
TR-noRouter,DampedPersistence,1,11467000,-0.08739354015491246
TR-noRouter,DampedPersistence,1,11507500,-0.19170138016179478
TR-noRouter,DampedPersistence,1,12056500,-0.03646019538790096
TR-noRouter,DampedPersistence,1,12115000,0.06341157514313012
TR-noRouter,DampedPersistence,1,12117600,0.027844121425648682
TR-noRouter,DampedPersistence,1,12210700,-0.05629082820433173
TR-noRouter,DampedPersistence,1,12212050,-0.06704838961879345
TR-noRouter,DampedPersistence,1,12213100,-0.13282162344642212
TR-noRouter,DampedPersistence,1,12363000,-0.07432555555436676
TR-noRouter,DampedPersistence,1,12398600,0.05135185265995573
TR-noRouter,DampedPersistence,1,13018350,-0.09143346948402031
TR-noRouter,DampedPersistence,1,13154500,-0.019150690766346512
TR-noRouter,DampedPersistence,1,13317660,-0.04546549953972201
TR-noRouter,DampedPersistence,1,13342500,-0.053403155512610545
TR-noRouter,DampedPersistence,1,14091500,-0.014628668568706205
TR-noRouter,DampedPersistence,1,14150800,-0.14280603976904938
TR-noRouter,DampedPersistence,1,14151000,-0.009192997890685506
TR-noRouter,DampedPersistence,1,14152000,-0.005963369823058617
TR-noRouter,DampedPersistence,1,14153500,0.022376584710693315
TR-noRouter,DampedPersistence,1,14154500,-0.16802782814929584
TR-noRouter,DampedPersistence,1,14159500,0.0550699125887964
TR-noRouter,DampedPersistence,1,14161500,-0.052396132058001144
TR-noRouter,DampedPersistence,1,14179000,-0.04557562933028603
TR-noRouter,DampedPersistence,1,14185000,-0.11769779884718634
TR-noRouter,DampedPersistence,1,14210000,0.01323978236897494
TR-noRouter,DampedPersistence,1,14211499,-0.13567857512292258
TR-noRouter,DampedPersistence,1,14211500,-0.17442802297925342
TR-noRouter,DampedPersistence,1,14320934,-0.12318013762600993
TR-noRouter,DampedPersistence,1,255534081324000,-0.1673636760361159
TR-noRouter,DampedPersistence,3,01073319,-0.1497940632987902
TR-noRouter,DampedPersistence,3,01104415,-0.08280820974443714
TR-noRouter,DampedPersistence,3,01104455,-0.06225890805519518
TR-noRouter,DampedPersistence,3,01104475,-0.06447441056063763
TR-noRouter,DampedPersistence,3,01129500,-0.15352216450493694
TR-noRouter,DampedPersistence,3,01400500,-0.16059632401391455
TR-noRouter,DampedPersistence,3,01408029,-0.1592492615792349
TR-noRouter,DampedPersistence,3,01425000,0.055258336790832696
TR-noRouter,DampedPersistence,3,01426500,-0.029055589817592598
TR-noRouter,DampedPersistence,3,01427207,-0.1661917516449356
TR-noRouter,DampedPersistence,3,01428500,-0.19816656713148495
TR-noRouter,DampedPersistence,3,01463500,-0.21126150593924442
TR-noRouter,DampedPersistence,3,01480617,-0.12570078119482986
TR-noRouter,DampedPersistence,3,01540500,-0.19985704886789102
TR-noRouter,DampedPersistence,3,01542500,-0.15459061492208281
TR-noRouter,DampedPersistence,3,01549700,-0.20452280546795665
TR-noRouter,DampedPersistence,3,02110701,-0.20592517764084506
TR-noRouter,DampedPersistence,3,02176930,-0.17744830126345845
TR-noRouter,DampedPersistence,3,02266300,-0.1277594472564627
TR-noRouter,DampedPersistence,3,02330450,-0.13674705459538017
TR-noRouter,DampedPersistence,3,02334430,0.0884298178505698
TR-noRouter,DampedPersistence,3,02334885,-0.21752917421270768
TR-noRouter,DampedPersistence,3,02336120,-0.18155695349723877
TR-noRouter,DampedPersistence,3,02336300,-0.1767878070138338
TR-noRouter,DampedPersistence,3,02336728,0.0027009245344651323
TR-noRouter,DampedPersistence,3,02397000,-0.2149931464825201
TR-noRouter,DampedPersistence,3,02455980,-0.12051090253834174
TR-noRouter,DampedPersistence,3,02458450,-0.13051370467490653
TR-noRouter,DampedPersistence,3,02474560,-0.18192470168944141
TR-noRouter,DampedPersistence,3,03007800,-0.17465980390923774
TR-noRouter,DampedPersistence,3,03034000,-0.18120224591722
TR-noRouter,DampedPersistence,3,03036000,-0.09616713099538843
TR-noRouter,DampedPersistence,3,03047000,-0.21583266475527485
TR-noRouter,DampedPersistence,3,03077500,0.05414596749013545
TR-noRouter,DampedPersistence,3,03105500,-0.20071536123413614
TR-noRouter,DampedPersistence,3,03106000,-0.22037725316177825
TR-noRouter,DampedPersistence,3,03301900,-0.12256952185206504
TR-noRouter,DampedPersistence,3,03353200,-0.17842044834769588
TR-noRouter,DampedPersistence,3,03456991,-0.16258513432990096
TR-noRouter,DampedPersistence,3,04027000,-0.12892498095565808
TR-noRouter,DampedPersistence,3,04043238,-0.06606565420366395
TR-noRouter,DampedPersistence,3,04043244,-0.0624802136619389
TR-noRouter,DampedPersistence,3,04067500,-0.08964533706964817
TR-noRouter,DampedPersistence,3,04077630,-0.1235236504451549
TR-noRouter,DampedPersistence,3,04124200,0.10969209300766053
TR-noRouter,DampedPersistence,3,04125460,-0.10789395106898714
TR-noRouter,DampedPersistence,3,04137005,-0.055656724086815657
TR-noRouter,DampedPersistence,3,04176500,-0.17576981815868997
TR-noRouter,DampedPersistence,3,04208000,-0.19053288755531805
TR-noRouter,DampedPersistence,3,05054000,-0.03607429202530943
TR-noRouter,DampedPersistence,3,05057000,-0.10649565895244328
TR-noRouter,DampedPersistence,3,05289800,-0.0754330395291527
TR-noRouter,DampedPersistence,3,05331833,-0.06219265081723768
TR-noRouter,DampedPersistence,3,05370000,0.0065502973247807406
TR-noRouter,DampedPersistence,3,05382255,-0.03156335649776976
TR-noRouter,DampedPersistence,3,05382257,-0.02997800342419743
TR-noRouter,DampedPersistence,3,05406457,0.0173905123052438
TR-noRouter,DampedPersistence,3,05458300,-0.16459958359393068
TR-noRouter,DampedPersistence,3,05517000,-0.16249515553897576
TR-noRouter,DampedPersistence,3,06036805,-0.08571128518498061
TR-noRouter,DampedPersistence,3,06036905,-0.07273142066066351
TR-noRouter,DampedPersistence,3,06036940,-0.04611524847514126
TR-noRouter,DampedPersistence,3,06041000,-0.11244659456264383
TR-noRouter,DampedPersistence,3,06623800,0.007401171464679557
TR-noRouter,DampedPersistence,3,06894000,-0.21561193225417608
TR-noRouter,DampedPersistence,3,06934500,-0.1321896675893891
TR-noRouter,DampedPersistence,3,07106000,0.03846892065132157
TR-noRouter,DampedPersistence,3,07178200,-0.12056781954418594
TR-noRouter,DampedPersistence,3,07194880,-0.04959125626149308
TR-noRouter,DampedPersistence,3,07332622,-0.12419446895103325
TR-noRouter,DampedPersistence,3,08048000,-0.09162683016579165
TR-noRouter,DampedPersistence,3,08052700,-0.12809415648584555
TR-noRouter,DampedPersistence,3,08065350,-0.16117840657602667
TR-noRouter,DampedPersistence,3,08070200,-0.16133431694563583
TR-noRouter,DampedPersistence,3,08123850,-0.11198316506831274
TR-noRouter,DampedPersistence,3,09136100,-0.10966462694460799
TR-noRouter,DampedPersistence,3,09144250,-0.1152829908325066
TR-noRouter,DampedPersistence,3,09149500,-0.10867647157889038
TR-noRouter,DampedPersistence,3,09163500,-0.1598852241518156
TR-noRouter,DampedPersistence,3,09180000,-0.1581308787907849
TR-noRouter,DampedPersistence,3,09261000,-0.15036943131893588
TR-noRouter,DampedPersistence,3,09302000,-0.11986582702282345
TR-noRouter,DampedPersistence,3,09380000,0.007376771744528887
TR-noRouter,DampedPersistence,3,10129900,-0.049588379763572554
TR-noRouter,DampedPersistence,3,10301500,-0.0804776883234366
TR-noRouter,DampedPersistence,3,10351600,-0.17384438288871507
TR-noRouter,DampedPersistence,3,11262900,-0.08982264461284672
TR-noRouter,DampedPersistence,3,11467000,-0.07281754162372256
TR-noRouter,DampedPersistence,3,11507500,-0.14852668537570546
TR-noRouter,DampedPersistence,3,12056500,-0.036062562121156105
TR-noRouter,DampedPersistence,3,12115000,0.06172139256401843
TR-noRouter,DampedPersistence,3,12117600,0.011292070993465297
TR-noRouter,DampedPersistence,3,12210700,-0.04828234569622558
TR-noRouter,DampedPersistence,3,12212050,-0.05026777503203128
TR-noRouter,DampedPersistence,3,12213100,-0.09581638648985558
TR-noRouter,DampedPersistence,3,12363000,-0.04432979002063564
TR-noRouter,DampedPersistence,3,12398600,-0.0018533277645181867
TR-noRouter,DampedPersistence,3,13018350,-0.06096271876753123
TR-noRouter,DampedPersistence,3,13154500,-0.10205300453018862
TR-noRouter,DampedPersistence,3,13317660,-0.04620247827646584
TR-noRouter,DampedPersistence,3,13342500,-0.03251861897203068
TR-noRouter,DampedPersistence,3,14091500,0.03989584689077641
TR-noRouter,DampedPersistence,3,14150800,-0.10978535700175063
TR-noRouter,DampedPersistence,3,14151000,-0.013370691446358718
TR-noRouter,DampedPersistence,3,14152000,-0.021541771528302722
TR-noRouter,DampedPersistence,3,14153500,-0.03533321805531575
TR-noRouter,DampedPersistence,3,14154500,-0.1479638334492388
TR-noRouter,DampedPersistence,3,14159500,0.028252905893108804
TR-noRouter,DampedPersistence,3,14161500,-0.035410686965963056
TR-noRouter,DampedPersistence,3,14179000,-0.03748982578599358
TR-noRouter,DampedPersistence,3,14185000,-0.0911850353231407
TR-noRouter,DampedPersistence,3,14210000,-0.08107820532383703
TR-noRouter,DampedPersistence,3,14211499,-0.06121310492011034
TR-noRouter,DampedPersistence,3,14211500,-0.10060065342679914
TR-noRouter,DampedPersistence,3,14320934,-0.07967719471177692
TR-noRouter,DampedPersistence,3,255534081324000,-0.12408399753073018
TR-noRouter,DampedPersistence,7,01073319,-0.10415980495518085
TR-noRouter,DampedPersistence,7,01104415,-0.06777233832458607
TR-noRouter,DampedPersistence,7,01104455,-0.05805753933100033
TR-noRouter,DampedPersistence,7,01104475,-0.061530628107342666
TR-noRouter,DampedPersistence,7,01129500,-0.10897239937040415
TR-noRouter,DampedPersistence,7,01400500,-0.05526073256718256
TR-noRouter,DampedPersistence,7,01408029,-0.08140734205059608
TR-noRouter,DampedPersistence,7,01425000,0.06566307642120028
TR-noRouter,DampedPersistence,7,01426500,-0.019507507743531827
TR-noRouter,DampedPersistence,7,01427207,-0.05751846204074318
TR-noRouter,DampedPersistence,7,01428500,-0.10752368005895008
TR-noRouter,DampedPersistence,7,01463500,-0.12158826718061078
TR-noRouter,DampedPersistence,7,01480617,-0.0207285605427312
TR-noRouter,DampedPersistence,7,01540500,-0.13593567996479594
TR-noRouter,DampedPersistence,7,01542500,-0.0473674842601044
TR-noRouter,DampedPersistence,7,01549700,-0.10453045006459849
TR-noRouter,DampedPersistence,7,02110701,-0.06766442595399935
TR-noRouter,DampedPersistence,7,02176930,-0.07204007695199355
TR-noRouter,DampedPersistence,7,02266300,-0.08137064228887514
TR-noRouter,DampedPersistence,7,02330450,-0.05297121567939511
TR-noRouter,DampedPersistence,7,02334430,-0.15485107867067704
TR-noRouter,DampedPersistence,7,02334885,-0.08867904177071617
TR-noRouter,DampedPersistence,7,02336120,-0.063602313358881
TR-noRouter,DampedPersistence,7,02336300,-0.06918909498492987
TR-noRouter,DampedPersistence,7,02336728,-0.04387499239937398
TR-noRouter,DampedPersistence,7,02397000,-0.11313836012304135
TR-noRouter,DampedPersistence,7,02455980,-0.03774804319468661
TR-noRouter,DampedPersistence,7,02458450,-0.056379647252083886
TR-noRouter,DampedPersistence,7,02474560,-0.10774464897181568
TR-noRouter,DampedPersistence,7,03007800,-0.06604922958459891
TR-noRouter,DampedPersistence,7,03034000,-0.10176079461017862
TR-noRouter,DampedPersistence,7,03036000,-0.09959298392807114
TR-noRouter,DampedPersistence,7,03047000,-0.15798090517324215
TR-noRouter,DampedPersistence,7,03077500,0.004964461777111628
TR-noRouter,DampedPersistence,7,03105500,-0.07632819209781205
TR-noRouter,DampedPersistence,7,03106000,-0.10345511269185659
TR-noRouter,DampedPersistence,7,03301900,-0.02771037314194702
TR-noRouter,DampedPersistence,7,03353200,-0.06255671990930933
TR-noRouter,DampedPersistence,7,03456991,-0.06488664604631378
TR-noRouter,DampedPersistence,7,04027000,-0.09798533805012166
TR-noRouter,DampedPersistence,7,04043238,-0.050792255512454476
TR-noRouter,DampedPersistence,7,04043244,-0.052848357055022666
TR-noRouter,DampedPersistence,7,04067500,-0.1235433848343197
TR-noRouter,DampedPersistence,7,04077630,-0.1036481513324865
TR-noRouter,DampedPersistence,7,04124200,0.019258268920936072
TR-noRouter,DampedPersistence,7,04125460,-0.051034106495038145
TR-noRouter,DampedPersistence,7,04137005,-0.07421525475437574
TR-noRouter,DampedPersistence,7,04176500,-0.13136438206474965
TR-noRouter,DampedPersistence,7,04208000,-0.09070298621202744
TR-noRouter,DampedPersistence,7,05054000,-0.07135458149029916
TR-noRouter,DampedPersistence,7,05057000,-0.07145856990815758
TR-noRouter,DampedPersistence,7,05289800,-0.11667771751148215
TR-noRouter,DampedPersistence,7,05331833,-0.04466901467499329
TR-noRouter,DampedPersistence,7,05370000,-0.05446896279645208
TR-noRouter,DampedPersistence,7,05382255,-0.010976697219547082
TR-noRouter,DampedPersistence,7,05382257,-0.03505032651740514
TR-noRouter,DampedPersistence,7,05406457,0.011299123156066848
TR-noRouter,DampedPersistence,7,05458300,-0.16198493747319098
TR-noRouter,DampedPersistence,7,05517000,-0.06976326334467986
TR-noRouter,DampedPersistence,7,06036805,-0.09803513592870705
TR-noRouter,DampedPersistence,7,06036905,-0.06987709273068798
TR-noRouter,DampedPersistence,7,06036940,-0.0987663779778658
TR-noRouter,DampedPersistence,7,06041000,-0.07493895479989288
TR-noRouter,DampedPersistence,7,06623800,0.017357804697783807
TR-noRouter,DampedPersistence,7,06894000,-0.11041972380171305
TR-noRouter,DampedPersistence,7,06934500,-0.12629907329382162
TR-noRouter,DampedPersistence,7,07106000,0.0323191887622436
TR-noRouter,DampedPersistence,7,07178200,-0.06524141919711468
TR-noRouter,DampedPersistence,7,07194880,0.002416113580345103
TR-noRouter,DampedPersistence,7,07332622,-0.07734570733901913
TR-noRouter,DampedPersistence,7,08048000,-0.06958611516703628
TR-noRouter,DampedPersistence,7,08052700,-0.04962459194547231
TR-noRouter,DampedPersistence,7,08065350,-0.14265137033043152
TR-noRouter,DampedPersistence,7,08070200,-0.09951353788598194
TR-noRouter,DampedPersistence,7,08123850,-0.024367480481776393
TR-noRouter,DampedPersistence,7,09136100,-0.11128196692541392
TR-noRouter,DampedPersistence,7,09144250,-0.07844936995477236
TR-noRouter,DampedPersistence,7,09149500,-0.047646089379138834
TR-noRouter,DampedPersistence,7,09163500,-0.12680819055825343
TR-noRouter,DampedPersistence,7,09180000,-0.12389746481025465
TR-noRouter,DampedPersistence,7,09261000,-0.10674506561232255
TR-noRouter,DampedPersistence,7,09302000,-0.12199075263204184
TR-noRouter,DampedPersistence,7,09380000,-0.13577705016747466
TR-noRouter,DampedPersistence,7,10129900,-0.037436707836042915
TR-noRouter,DampedPersistence,7,10301500,-0.028242364777778084
TR-noRouter,DampedPersistence,7,10351600,-0.11715161889503034
TR-noRouter,DampedPersistence,7,11262900,-0.0642581116858425
TR-noRouter,DampedPersistence,7,11467000,-0.026641178243246966
TR-noRouter,DampedPersistence,7,11507500,-0.10827496195452668
TR-noRouter,DampedPersistence,7,12056500,-0.029125707653342325
TR-noRouter,DampedPersistence,7,12115000,0.013517821940832508
TR-noRouter,DampedPersistence,7,12117600,-0.024915342216777825
TR-noRouter,DampedPersistence,7,12210700,-0.036840387354496684
TR-noRouter,DampedPersistence,7,12212050,-0.02716408027923456
TR-noRouter,DampedPersistence,7,12213100,-0.05830192191475114
TR-noRouter,DampedPersistence,7,12363000,-0.050504632102384095
TR-noRouter,DampedPersistence,7,12398600,-0.04365998557736739
TR-noRouter,DampedPersistence,7,13018350,-0.02658048824572523
TR-noRouter,DampedPersistence,7,13154500,-0.06396826967516978
TR-noRouter,DampedPersistence,7,13317660,-0.013501439258349346
TR-noRouter,DampedPersistence,7,13342500,-0.0036964687280423014
TR-noRouter,DampedPersistence,7,14091500,0.031614103036059715
TR-noRouter,DampedPersistence,7,14150800,-0.11496492824205151
TR-noRouter,DampedPersistence,7,14151000,-0.026129688106745874
TR-noRouter,DampedPersistence,7,14152000,-0.03297435501242085
TR-noRouter,DampedPersistence,7,14153500,-0.04105622209986548
TR-noRouter,DampedPersistence,7,14154500,-0.13902035943623892
TR-noRouter,DampedPersistence,7,14159500,0.003213222814095529
TR-noRouter,DampedPersistence,7,14161500,-0.06339980303327208
TR-noRouter,DampedPersistence,7,14179000,-0.08258973175513895
TR-noRouter,DampedPersistence,7,14185000,-0.0868716448291671
TR-noRouter,DampedPersistence,7,14210000,-0.08031772904777268
TR-noRouter,DampedPersistence,7,14211499,-0.06476907804498122
TR-noRouter,DampedPersistence,7,14211500,-0.08514735237371385
TR-noRouter,DampedPersistence,7,14320934,-0.08994918555841491
TR-noRouter,DampedPersistence,7,255534081324000,-0.10548035884470242
TR-noRouter,Climatology,1,01073319,-1.2427296694509682
TR-noRouter,Climatology,1,01104415,-0.8015124274084677
TR-noRouter,Climatology,1,01104455,-1.019977484346273
TR-noRouter,Climatology,1,01104475,-1.1374129995647486
TR-noRouter,Climatology,1,01129500,-1.1362892549981911
TR-noRouter,Climatology,1,01400500,-1.4806724537082219
TR-noRouter,Climatology,1,01408029,-1.2325497627648874
TR-noRouter,Climatology,1,01425000,-0.948642950897481
TR-noRouter,Climatology,1,01426500,-0.8097327161083884
TR-noRouter,Climatology,1,01427207,-1.1920014522311446
TR-noRouter,Climatology,1,01428500,-1.5125684996282538
TR-noRouter,Climatology,1,01463500,-1.4002491075949817
TR-noRouter,Climatology,1,01480617,-1.193856933130381
TR-noRouter,Climatology,1,01540500,-1.4624525245687199
TR-noRouter,Climatology,1,01542500,-1.4656419703247723
TR-noRouter,Climatology,1,01549700,-1.5613589187671848
TR-noRouter,Climatology,1,02110701,-1.5707797011707012
TR-noRouter,Climatology,1,02176930,-1.3162438168776367
TR-noRouter,Climatology,1,02266300,-1.4049198371708482
TR-noRouter,Climatology,1,02330450,-1.076504108297478
TR-noRouter,Climatology,1,02334430,-1.3910240598134043
TR-noRouter,Climatology,1,02334885,-1.504986558393743
TR-noRouter,Climatology,1,02336120,-1.4413691291830473
TR-noRouter,Climatology,1,02336300,-1.482370371528543
TR-noRouter,Climatology,1,02336728,-2.5855382989414286
TR-noRouter,Climatology,1,02397000,-1.233902793649053
TR-noRouter,Climatology,1,02455980,-1.0508107306589558
TR-noRouter,Climatology,1,02458450,-1.2428715906917198
TR-noRouter,Climatology,1,02474560,-2.014579519874473
TR-noRouter,Climatology,1,03007800,-1.4797272423787837
TR-noRouter,Climatology,1,03034000,-1.4800425725353343
TR-noRouter,Climatology,1,03036000,-1.1038896356902004
TR-noRouter,Climatology,1,03047000,-1.2929497491117932
TR-noRouter,Climatology,1,03077500,-1.083115133026853
TR-noRouter,Climatology,1,03105500,-1.6370128097756003
TR-noRouter,Climatology,1,03106000,-1.6180236146637323
TR-noRouter,Climatology,1,03301900,-1.3238885733199295
TR-noRouter,Climatology,1,03353200,-1.4880352349830976
TR-noRouter,Climatology,1,03456991,-1.2465059973200572
TR-noRouter,Climatology,1,04027000,-1.464007208179033
TR-noRouter,Climatology,1,04043238,-0.9781435002062028
TR-noRouter,Climatology,1,04043244,-0.8948891078832711
TR-noRouter,Climatology,1,04067500,-1.320001219223469
TR-noRouter,Climatology,1,04077630,-1.1830149545126287
TR-noRouter,Climatology,1,04124200,-0.7449830098153722
TR-noRouter,Climatology,1,04125460,-1.0491633165694478
TR-noRouter,Climatology,1,04137005,-1.0714601014876652
TR-noRouter,Climatology,1,04176500,-1.5170445381965991
TR-noRouter,Climatology,1,04208000,-1.4591877410488117
TR-noRouter,Climatology,1,05054000,-1.6449579527468696
TR-noRouter,Climatology,1,05057000,-1.5967027827966795
TR-noRouter,Climatology,1,05289800,-1.3887728486096256
TR-noRouter,Climatology,1,05331833,-1.0132142583688823
TR-noRouter,Climatology,1,05370000,-0.9184502026834508
TR-noRouter,Climatology,1,05382255,-0.7721721646868156
TR-noRouter,Climatology,1,05382257,-0.6010880389588384
TR-noRouter,Climatology,1,05406457,-0.5492037379572934
TR-noRouter,Climatology,1,05458300,-1.6942250438791917
TR-noRouter,Climatology,1,05517000,-1.6321218855726085
TR-noRouter,Climatology,1,06036805,-0.8540540259080484
TR-noRouter,Climatology,1,06036905,-1.0392549370840398
TR-noRouter,Climatology,1,06036940,-1.2089553838440221
TR-noRouter,Climatology,1,06041000,-1.255860268491735
TR-noRouter,Climatology,1,06623800,-0.3534958996931903
TR-noRouter,Climatology,1,06894000,-1.6003272821399213
TR-noRouter,Climatology,1,06934500,-1.426560794970461
TR-noRouter,Climatology,1,07106000,-0.6892352308579015
TR-noRouter,Climatology,1,07178200,-1.7166952352068534
TR-noRouter,Climatology,1,07194880,-0.688255736378661
TR-noRouter,Climatology,1,07332622,-1.5448717426498093
TR-noRouter,Climatology,1,08048000,-1.5481447649240985
TR-noRouter,Climatology,1,08052700,-1.5804534002390693
TR-noRouter,Climatology,1,08065350,-1.8729742452305145
TR-noRouter,Climatology,1,08070200,-1.7965076460829161
TR-noRouter,Climatology,1,08123850,-1.5415934124026545
TR-noRouter,Climatology,1,09136100,-1.2379554804247443
TR-noRouter,Climatology,1,09144250,-1.2416139998913067
TR-noRouter,Climatology,1,09149500,-0.768138540986908
TR-noRouter,Climatology,1,09163500,-1.4010649147081211
TR-noRouter,Climatology,1,09180000,-1.4244636752898985
TR-noRouter,Climatology,1,09261000,-1.1149529067494444
TR-noRouter,Climatology,1,09302000,-1.4064744216896847
TR-noRouter,Climatology,1,09380000,-3.414560095507452
TR-noRouter,Climatology,1,10129900,-0.9745318600214613
TR-noRouter,Climatology,1,10301500,-1.2494205064208908
TR-noRouter,Climatology,1,10351600,-1.532368124111679
TR-noRouter,Climatology,1,11262900,-0.9492535579061488
TR-noRouter,Climatology,1,11467000,-1.0951635517961307
TR-noRouter,Climatology,1,11507500,-1.5379370619292028
TR-noRouter,Climatology,1,12056500,-0.6648047981412821
TR-noRouter,Climatology,1,12115000,-0.49920237893712394
TR-noRouter,Climatology,1,12117600,-0.6390908300125321
TR-noRouter,Climatology,1,12210700,-0.7949637610420968
TR-noRouter,Climatology,1,12212050,-0.967980087455619
TR-noRouter,Climatology,1,12213100,-1.082644421017846
TR-noRouter,Climatology,1,12363000,-0.9636355967982133
TR-noRouter,Climatology,1,12398600,-1.441282230050681
TR-noRouter,Climatology,1,13018350,-0.8495430884920717
TR-noRouter,Climatology,1,13154500,-0.8281349933114518
TR-noRouter,Climatology,1,13317660,-0.9086856955834082
TR-noRouter,Climatology,1,13342500,-0.9352270438137557
TR-noRouter,Climatology,1,14091500,-0.25176704918817105
TR-noRouter,Climatology,1,14150800,-1.3731885051752908
TR-noRouter,Climatology,1,14151000,-2.4150798194015994
TR-noRouter,Climatology,1,14152000,-1.121790092862504
TR-noRouter,Climatology,1,14153500,-2.0805250895355565
TR-noRouter,Climatology,1,14154500,-1.7784108958800844
TR-noRouter,Climatology,1,14159500,-0.9203704603032851
TR-noRouter,Climatology,1,14161500,-0.9872513384970256
TR-noRouter,Climatology,1,14179000,-1.0171998745992537
TR-noRouter,Climatology,1,14185000,-1.199136937464833
TR-noRouter,Climatology,1,14210000,-1.2075481821039187
TR-noRouter,Climatology,1,14211499,-1.154744418380265
TR-noRouter,Climatology,1,14211500,-1.367345612944632
TR-noRouter,Climatology,1,14320934,-1.430254944143834
TR-noRouter,Climatology,1,255534081324000,-1.122286308140764
TR-noRouter,Climatology,3,01073319,-0.35627998597461374
TR-noRouter,Climatology,3,01104415,-0.23829638383165208
TR-noRouter,Climatology,3,01104455,-0.48017011237750173
TR-noRouter,Climatology,3,01104475,-0.46618376075058565
TR-noRouter,Climatology,3,01129500,-0.39990673126824716
TR-noRouter,Climatology,3,01400500,-0.48899933895121683
TR-noRouter,Climatology,3,01408029,-0.3299083406210903
TR-noRouter,Climatology,3,01425000,-0.6266378291525111
TR-noRouter,Climatology,3,01426500,-0.39481344311238287
TR-noRouter,Climatology,3,01427207,-0.3868731163678649
TR-noRouter,Climatology,3,01428500,-0.586290279571603
TR-noRouter,Climatology,3,01463500,-0.6022328515888395
TR-noRouter,Climatology,3,01480617,-0.37294688432439815
TR-noRouter,Climatology,3,01540500,-0.7498501594761029
TR-noRouter,Climatology,3,01542500,-0.5198490432557237
TR-noRouter,Climatology,3,01549700,-0.6042653556336945
TR-noRouter,Climatology,3,02110701,-0.5379806825851121
TR-noRouter,Climatology,3,02176930,-0.5190791985390946
TR-noRouter,Climatology,3,02266300,-0.5688513211540793
TR-noRouter,Climatology,3,02330450,-0.38679560073013963
TR-noRouter,Climatology,3,02334430,-1.2835333623599645
TR-noRouter,Climatology,3,02334885,-0.5390727611890651
TR-noRouter,Climatology,3,02336120,-0.4805277057019006
TR-noRouter,Climatology,3,02336300,-0.48368314859372474
TR-noRouter,Climatology,3,02336728,-1.7238950669238298
TR-noRouter,Climatology,3,02397000,-0.5708197535217541
TR-noRouter,Climatology,3,02455980,-0.3323755328926017
TR-noRouter,Climatology,3,02458450,-0.4779803277050383
TR-noRouter,Climatology,3,02474560,-1.0781480381198734
TR-noRouter,Climatology,3,03007800,-0.5165415083619147
TR-noRouter,Climatology,3,03034000,-0.4778219820373313
TR-noRouter,Climatology,3,03036000,-0.7235704667685507
TR-noRouter,Climatology,3,03047000,-0.6911966848155227
TR-noRouter,Climatology,3,03077500,-0.920280265836844
TR-noRouter,Climatology,3,03105500,-0.6890096131185122
TR-noRouter,Climatology,3,03106000,-0.4938922199939788
TR-noRouter,Climatology,3,03301900,-0.466402027116519
TR-noRouter,Climatology,3,03353200,-0.4076376668503081
TR-noRouter,Climatology,3,03456991,-0.4925397580286375
TR-noRouter,Climatology,3,04027000,-0.5282306417931946
TR-noRouter,Climatology,3,04043238,-0.3245069222297956
TR-noRouter,Climatology,3,04043244,-0.2903242751699502
TR-noRouter,Climatology,3,04067500,-0.5865808344318526
TR-noRouter,Climatology,3,04077630,-0.35930038246124685
TR-noRouter,Climatology,3,04124200,-0.530091576015469
TR-noRouter,Climatology,3,04125460,-0.31840163638035524
TR-noRouter,Climatology,3,04137005,-0.6699452864639921
TR-noRouter,Climatology,3,04176500,-0.7124382588463292
TR-noRouter,Climatology,3,04208000,-0.48705784378329264
TR-noRouter,Climatology,3,05054000,-1.093426597228814
TR-noRouter,Climatology,3,05057000,-0.7007422968837005
TR-noRouter,Climatology,3,05289800,-0.6064562716893831
TR-noRouter,Climatology,3,05331833,-0.3601568405061788
TR-noRouter,Climatology,3,05370000,-0.4745191323982564
TR-noRouter,Climatology,3,05382255,-0.27314349454156406
TR-noRouter,Climatology,3,05382257,-0.14784695758278632
TR-noRouter,Climatology,3,05406457,-0.17322199421909001
TR-noRouter,Climatology,3,05458300,-0.6343434996044839
TR-noRouter,Climatology,3,05517000,-0.5935571854605597
TR-noRouter,Climatology,3,06036805,-0.35113129926563036
TR-noRouter,Climatology,3,06036905,-0.35912871196173657
TR-noRouter,Climatology,3,06036940,-0.5537030501626192
TR-noRouter,Climatology,3,06041000,-0.6442258865057067
TR-noRouter,Climatology,3,06623800,-0.10552048463710251
TR-noRouter,Climatology,3,06894000,-0.6207750272952981
TR-noRouter,Climatology,3,06934500,-0.8181389430868643
TR-noRouter,Climatology,3,07106000,-0.05397491125494014
TR-noRouter,Climatology,3,07178200,-0.8577526302472234
TR-noRouter,Climatology,3,07194880,-0.23366930402217956
TR-noRouter,Climatology,3,07332622,-0.5484608826722677
TR-noRouter,Climatology,3,08048000,-0.7224596585895529
TR-noRouter,Climatology,3,08052700,-0.4282329397646989
TR-noRouter,Climatology,3,08065350,-0.9928754787828469
TR-noRouter,Climatology,3,08070200,-0.8300790271330614
TR-noRouter,Climatology,3,08123850,-0.4316285152539123
TR-noRouter,Climatology,3,09136100,-0.789123245417362
TR-noRouter,Climatology,3,09144250,-0.7512398667653359
TR-noRouter,Climatology,3,09149500,-0.3349318907194945
TR-noRouter,Climatology,3,09163500,-0.8172712613670732
TR-noRouter,Climatology,3,09180000,-0.8090945484694119
TR-noRouter,Climatology,3,09261000,-0.45392859215293035
TR-noRouter,Climatology,3,09302000,-0.820991489785811
TR-noRouter,Climatology,3,09380000,-3.148537829151434
TR-noRouter,Climatology,3,10129900,-0.472752646596597
TR-noRouter,Climatology,3,10301500,-0.5013651701260238
TR-noRouter,Climatology,3,10351600,-0.7609393578015249
TR-noRouter,Climatology,3,11262900,-0.23339920429439398
TR-noRouter,Climatology,3,11467000,-0.5588353316564679
TR-noRouter,Climatology,3,11507500,-0.7404536109357052
TR-noRouter,Climatology,3,12056500,-0.39766426480202444
TR-noRouter,Climatology,3,12115000,-0.26060674818510354
TR-noRouter,Climatology,3,12117600,-0.36695313715424316
TR-noRouter,Climatology,3,12210700,-0.3412871210394357
TR-noRouter,Climatology,3,12212050,-0.4439963612140272
TR-noRouter,Climatology,3,12213100,-0.506564807545367
TR-noRouter,Climatology,3,12363000,-0.5660395276380205
TR-noRouter,Climatology,3,12398600,-1.1140586713517395
TR-noRouter,Climatology,3,13018350,-0.22467801563476142
TR-noRouter,Climatology,3,13154500,-0.5250919575677805
TR-noRouter,Climatology,3,13317660,-0.5978264633451343
TR-noRouter,Climatology,3,13342500,-0.4834010153249819
TR-noRouter,Climatology,3,14091500,0.0014935862537355238
TR-noRouter,Climatology,3,14150800,-0.6868776432389259
TR-noRouter,Climatology,3,14151000,-1.7914737500593823
TR-noRouter,Climatology,3,14152000,-0.8074440944687735
TR-noRouter,Climatology,3,14153500,-1.808548767122999
TR-noRouter,Climatology,3,14154500,-1.06224008126508
TR-noRouter,Climatology,3,14159500,-0.6788112200082252
TR-noRouter,Climatology,3,14161500,-0.5588663195235347
TR-noRouter,Climatology,3,14179000,-0.5996536701681653
TR-noRouter,Climatology,3,14185000,-0.6032065487085352
TR-noRouter,Climatology,3,14210000,-0.8905909731230467
TR-noRouter,Climatology,3,14211499,-0.41680126212248725
TR-noRouter,Climatology,3,14211500,-0.5185603183433241
TR-noRouter,Climatology,3,14320934,-0.8289502689128561
TR-noRouter,Climatology,3,255534081324000,-0.2072500247768818
TR-noRouter,Climatology,7,01073319,-0.06042262462575576
TR-noRouter,Climatology,7,01104415,-0.13416938113157384
TR-noRouter,Climatology,7,01104455,-0.2864053979238499
TR-noRouter,Climatology,7,01104475,-0.2537223856217279
TR-noRouter,Climatology,7,01129500,-0.15832752092152158
TR-noRouter,Climatology,7,01400500,-0.08793710774462493
TR-noRouter,Climatology,7,01408029,-0.13974811974941903
TR-noRouter,Climatology,7,01425000,-0.408990051967977
TR-noRouter,Climatology,7,01426500,-0.2090308495624673
TR-noRouter,Climatology,7,01427207,-0.02246462642188285
TR-noRouter,Climatology,7,01428500,-0.04660409196254456
TR-noRouter,Climatology,7,01463500,-0.09073276484596726
TR-noRouter,Climatology,7,01480617,-0.10560278441661075
TR-noRouter,Climatology,7,01540500,-0.18546573528662513
TR-noRouter,Climatology,7,01542500,-0.08974450020540692
TR-noRouter,Climatology,7,01549700,-0.14262023258621292
TR-noRouter,Climatology,7,02110701,-0.11383213114479407
TR-noRouter,Climatology,7,02176930,-0.19235241089034627
TR-noRouter,Climatology,7,02266300,-0.2589836259756233
TR-noRouter,Climatology,7,02330450,-0.1246851108089666
TR-noRouter,Climatology,7,02334430,-1.2812061412270255
TR-noRouter,Climatology,7,02334885,-0.13175156728189785
TR-noRouter,Climatology,7,02336120,-0.12135841048001472
TR-noRouter,Climatology,7,02336300,-0.12333389288121888
TR-noRouter,Climatology,7,02336728,-1.0191381416965344
TR-noRouter,Climatology,7,02397000,-0.13209660404361667
TR-noRouter,Climatology,7,02455980,-0.08678286487067721
TR-noRouter,Climatology,7,02458450,-0.16911146776933816
TR-noRouter,Climatology,7,02474560,-0.359111754864184
TR-noRouter,Climatology,7,03007800,-0.1192503951236703
TR-noRouter,Climatology,7,03034000,-0.15185609102801445
TR-noRouter,Climatology,7,03036000,-0.2687238319884959
TR-noRouter,Climatology,7,03047000,-0.06766192599508547
TR-noRouter,Climatology,7,03077500,-0.7765955577714577
TR-noRouter,Climatology,7,03105500,-0.25621249945984426
TR-noRouter,Climatology,7,03106000,-0.0680282576960809
TR-noRouter,Climatology,7,03301900,-0.16480296853203136
TR-noRouter,Climatology,7,03353200,-0.03974529320993625
TR-noRouter,Climatology,7,03456991,-0.1459341898412001
TR-noRouter,Climatology,7,04027000,-0.17305623777014434
TR-noRouter,Climatology,7,04043238,-0.07532017650276002
TR-noRouter,Climatology,7,04043244,-0.07210742215834753
TR-noRouter,Climatology,7,04067500,-0.0687494821745196
TR-noRouter,Climatology,7,04077630,-0.014032158866539746
TR-noRouter,Climatology,7,04124200,-0.2320788727385128
TR-noRouter,Climatology,7,04125460,-0.03167560234441802
TR-noRouter,Climatology,7,04137005,-0.13107143036165958
TR-noRouter,Climatology,7,04176500,-0.057636722830580966
TR-noRouter,Climatology,7,04208000,-0.09763644827755646
TR-noRouter,Climatology,7,05054000,-0.5046600262336931
TR-noRouter,Climatology,7,05057000,-0.20861479990416698
TR-noRouter,Climatology,7,05289800,-0.18538709080248617
TR-noRouter,Climatology,7,05331833,-0.10678270015136482
TR-noRouter,Climatology,7,05370000,-0.14119636932812885
TR-noRouter,Climatology,7,05382255,-0.003104976002165749
TR-noRouter,Climatology,7,05382257,-0.061462584536478904
TR-noRouter,Climatology,7,05406457,-0.04371984759475467
TR-noRouter,Climatology,7,05458300,-0.1114688768683827
TR-noRouter,Climatology,7,05517000,-0.11107077343933058
TR-noRouter,Climatology,7,06036805,-0.2118713532077119
TR-noRouter,Climatology,7,06036905,-0.17490045115016217
TR-noRouter,Climatology,7,06036940,-0.23798680127476057
TR-noRouter,Climatology,7,06041000,-0.14140615244779298
TR-noRouter,Climatology,7,06623800,-0.006287744089022773
TR-noRouter,Climatology,7,06894000,-0.0399517730547716
TR-noRouter,Climatology,7,06934500,-0.18509321200830198
TR-noRouter,Climatology,7,07106000,0.0119397274002917
TR-noRouter,Climatology,7,07178200,-0.28625258664374664
TR-noRouter,Climatology,7,07194880,-0.05231144812861732
TR-noRouter,Climatology,7,07332622,-0.14059539929637976
TR-noRouter,Climatology,7,08048000,-0.22748947738917757
TR-noRouter,Climatology,7,08052700,-0.05693317728980851
TR-noRouter,Climatology,7,08065350,-0.21922547376689927
TR-noRouter,Climatology,7,08070200,-0.17543501779775106
TR-noRouter,Climatology,7,08123850,-0.06059700689954006
TR-noRouter,Climatology,7,09136100,-0.5704155245602782
TR-noRouter,Climatology,7,09144250,-0.5267847811264408
TR-noRouter,Climatology,7,09149500,-0.16636032719707905
TR-noRouter,Climatology,7,09163500,-0.47109533426193173
TR-noRouter,Climatology,7,09180000,-0.49855393081331023
TR-noRouter,Climatology,7,09261000,-0.08340450447758863
TR-noRouter,Climatology,7,09302000,-0.4980325746635659
TR-noRouter,Climatology,7,09380000,-2.975077137889929
TR-noRouter,Climatology,7,10129900,-0.30248184808690204
TR-noRouter,Climatology,7,10301500,-0.1653546925405176
TR-noRouter,Climatology,7,10351600,-0.415772837086684
TR-noRouter,Climatology,7,11262900,-0.06491667366489073
TR-noRouter,Climatology,7,11467000,-0.2165275413054899
TR-noRouter,Climatology,7,11507500,-0.18258306823420312
TR-noRouter,Climatology,7,12056500,-0.2254364382715367
TR-noRouter,Climatology,7,12115000,-0.15633701094948405
TR-noRouter,Climatology,7,12117600,-0.22298454703817538
TR-noRouter,Climatology,7,12210700,-0.1485308064519697
TR-noRouter,Climatology,7,12212050,-0.15862597305269466
TR-noRouter,Climatology,7,12213100,-0.2887517142730096
TR-noRouter,Climatology,7,12363000,-0.3714976001824106
TR-noRouter,Climatology,7,12398600,-0.7421470536609085
TR-noRouter,Climatology,7,13018350,-0.10745502773634552
TR-noRouter,Climatology,7,13154500,-0.24359191258668234
TR-noRouter,Climatology,7,13317660,-0.36295456891080735
TR-noRouter,Climatology,7,13342500,-0.19410518256578424
TR-noRouter,Climatology,7,14091500,0.021900116306564188
TR-noRouter,Climatology,7,14150800,-0.350669364653726
TR-noRouter,Climatology,7,14151000,-1.2938871020390288
TR-noRouter,Climatology,7,14152000,-0.5429996207232602
TR-noRouter,Climatology,7,14153500,-1.4604565812777486
TR-noRouter,Climatology,7,14154500,-0.655783850872337
TR-noRouter,Climatology,7,14159500,-0.42467813830951806
TR-noRouter,Climatology,7,14161500,-0.33348283933105916
TR-noRouter,Climatology,7,14179000,-0.4219522104640485
TR-noRouter,Climatology,7,14185000,-0.32678636389959603
TR-noRouter,Climatology,7,14210000,-0.550936425633047
TR-noRouter,Climatology,7,14211499,-0.12851327171261517
TR-noRouter,Climatology,7,14211500,-0.15270301099124084
TR-noRouter,Climatology,7,14320934,-0.465915336701765
TR-noRouter,Climatology,7,255534081324000,-0.02141753099090349
TR-noTCN,Persistence,1,01073319,-0.20154316802884664
TR-noTCN,Persistence,1,01104415,-0.12653979244193203
TR-noTCN,Persistence,1,01104455,-0.028928273034902086
TR-noTCN,Persistence,1,01104475,-0.08307417703841502
TR-noTCN,Persistence,1,01129500,-0.18961359590996862
TR-noTCN,Persistence,1,01400500,-0.2530256235723264
TR-noTCN,Persistence,1,01408029,-0.2433637660888871
TR-noTCN,Persistence,1,01425000,0.02939873122901754
TR-noTCN,Persistence,1,01426500,-0.021876357079278708
TR-noTCN,Persistence,1,01427207,-0.21097193640287482
TR-noTCN,Persistence,1,01428500,-0.2275604079819803
TR-noTCN,Persistence,1,01463500,-0.20274110106263776
TR-noTCN,Persistence,1,01480617,-0.21707101995281286
TR-noTCN,Persistence,1,01540500,-0.18447816600548633
TR-noTCN,Persistence,1,01542500,-0.2051572005251412
TR-noTCN,Persistence,1,01549700,-0.22997012316297527
TR-noTCN,Persistence,1,02110701,-0.294510876601072
TR-noTCN,Persistence,1,02176930,-0.16030132785549966
TR-noTCN,Persistence,1,02266300,-0.1645057165272411
TR-noTCN,Persistence,1,02330450,-0.13539295905231008
TR-noTCN,Persistence,1,02334430,0.1065776212688738
TR-noTCN,Persistence,1,02334885,-0.2573420641719171
TR-noTCN,Persistence,1,02336120,-0.2414942958366929
TR-noTCN,Persistence,1,02336300,-0.24759038187309135
TR-noTCN,Persistence,1,02336728,0.17512092926033718
TR-noTCN,Persistence,1,02397000,-0.22088764658992532
TR-noTCN,Persistence,1,02455980,-0.19051898091996045
TR-noTCN,Persistence,1,02458450,-0.18359569126215625
TR-noTCN,Persistence,1,02474560,-0.22517087003603398
TR-noTCN,Persistence,1,03007800,-0.23053088782698428
TR-noTCN,Persistence,1,03034000,-0.23562312968647325
TR-noTCN,Persistence,1,03036000,-0.06431514728115773
TR-noTCN,Persistence,1,03047000,-0.14679055321283163
TR-noTCN,Persistence,1,03077500,0.017494341866051477
TR-noTCN,Persistence,1,03105500,-0.22112109977048777
TR-noTCN,Persistence,1,03106000,-0.2822104320882105
TR-noTCN,Persistence,1,03301900,-0.17046912754588694
TR-noTCN,Persistence,1,03353200,-0.2612770753831718
TR-noTCN,Persistence,1,03456991,-0.17709268413274637
TR-noTCN,Persistence,1,04027000,-0.1926999451075121
TR-noTCN,Persistence,1,04043238,-0.13191488872231072
TR-noTCN,Persistence,1,04043244,-0.1291029909064353
TR-noTCN,Persistence,1,04067500,-0.13722978124110563
TR-noTCN,Persistence,1,04077630,-0.1621652408306199
TR-noTCN,Persistence,1,04124200,-0.003689608621029433
TR-noTCN,Persistence,1,04125460,-0.17746746783588063
TR-noTCN,Persistence,1,04137005,-0.1054852083510956
TR-noTCN,Persistence,1,04176500,-0.2032137423700578
TR-noTCN,Persistence,1,04208000,-0.2595755345408084
TR-noTCN,Persistence,1,05054000,-0.09437195246674568
TR-noTCN,Persistence,1,05057000,-0.16200847814176378
TR-noTCN,Persistence,1,05289800,-0.11568426546731947
TR-noTCN,Persistence,1,05331833,-0.10475457942289224
TR-noTCN,Persistence,1,05370000,-0.050430738390693175
TR-noTCN,Persistence,1,05382255,-0.06238854349811829
TR-noTCN,Persistence,1,05382257,-0.09161796793806265
TR-noTCN,Persistence,1,05406457,-0.006720763056833556
TR-noTCN,Persistence,1,05458300,-0.21682817859758718
TR-noTCN,Persistence,1,05517000,-0.2227342134720839
TR-noTCN,Persistence,1,06036805,-0.08850724078403682
TR-noTCN,Persistence,1,06036905,-0.11054078317340255
TR-noTCN,Persistence,1,06036940,0.02131363385975238
TR-noTCN,Persistence,1,06041000,-0.09925029796334567
TR-noTCN,Persistence,1,06623800,-0.019802061557924633
TR-noTCN,Persistence,1,06894000,-0.2727118416582609
TR-noTCN,Persistence,1,06934500,-0.1824266560215997
TR-noTCN,Persistence,1,07106000,-0.11749192486321802
TR-noTCN,Persistence,1,07178200,-0.19277472499491088
TR-noTCN,Persistence,1,07194880,-0.09388093793964669
TR-noTCN,Persistence,1,07332622,-0.2057001572066124
TR-noTCN,Persistence,1,08048000,-0.17111669051225487
TR-noTCN,Persistence,1,08052700,-0.26657326128415604
TR-noTCN,Persistence,1,08065350,-0.22770577320829805
TR-noTCN,Persistence,1,08070200,-0.21352033003527038
TR-noTCN,Persistence,1,08123850,-0.24340021942244872
TR-noTCN,Persistence,1,09136100,-0.04956487732370196
TR-noTCN,Persistence,1,09144250,-0.0662357838598785
TR-noTCN,Persistence,1,09149500,-0.09985468755445259
TR-noTCN,Persistence,1,09163500,-0.12324014022401658
TR-noTCN,Persistence,1,09180000,-0.09284895693308659
TR-noTCN,Persistence,1,09261000,-0.12841976876547767
TR-noTCN,Persistence,1,09302000,-0.05972680457750734
TR-noTCN,Persistence,1,09380000,0.06608467988114242
TR-noTCN,Persistence,1,10129900,-0.04011240886942091
TR-noTCN,Persistence,1,10301500,-0.10863980969486697
TR-noTCN,Persistence,1,10351600,-0.19412730554613866
TR-noTCN,Persistence,1,11262900,-0.1392788408727511
TR-noTCN,Persistence,1,11467000,-0.1026812845970963
TR-noTCN,Persistence,1,11507500,-0.18120910230134385
TR-noTCN,Persistence,1,12056500,-0.015079645479229964
TR-noTCN,Persistence,1,12115000,0.02988332513240899
TR-noTCN,Persistence,1,12117600,0.010002495757479635
TR-noTCN,Persistence,1,12210700,-0.061325610049244306
TR-noTCN,Persistence,1,12212050,-0.057240096361320436
TR-noTCN,Persistence,1,12213100,-0.11448636778236243
TR-noTCN,Persistence,1,12363000,-0.04483529023865779
TR-noTCN,Persistence,1,12398600,-0.03985699132236714
TR-noTCN,Persistence,1,13018350,-0.10788645834888799
TR-noTCN,Persistence,1,13154500,-0.0698111627953367
TR-noTCN,Persistence,1,13317660,-0.0762113378390831
TR-noTCN,Persistence,1,13342500,-0.05945882967679922
TR-noTCN,Persistence,1,14091500,-0.013512974456464266
TR-noTCN,Persistence,1,14150800,-0.13071286943692662
TR-noTCN,Persistence,1,14151000,-0.03937383518408111
TR-noTCN,Persistence,1,14152000,-0.005329414154020218
TR-noTCN,Persistence,1,14153500,0.00022528372678665143
TR-noTCN,Persistence,1,14154500,-0.14866749317250505
TR-noTCN,Persistence,1,14159500,0.03667775748601265
TR-noTCN,Persistence,1,14161500,-0.034378615149475766
TR-noTCN,Persistence,1,14179000,-0.050761406113452034
TR-noTCN,Persistence,1,14185000,-0.11095129485035726
TR-noTCN,Persistence,1,14210000,-0.052078020725632
TR-noTCN,Persistence,1,14211499,-0.13269662878952615
TR-noTCN,Persistence,1,14211500,-0.17240563001454534
TR-noTCN,Persistence,1,14320934,-0.10647531178186237
TR-noTCN,Persistence,1,255534081324000,-0.2157390552184505
TR-noTCN,Persistence,3,01073319,-0.3597982360451961
TR-noTCN,Persistence,3,01104415,-0.3455544487040607
TR-noTCN,Persistence,3,01104455,-0.12565550894652744
TR-noTCN,Persistence,3,01104475,-0.20329511471235429
TR-noTCN,Persistence,3,01129500,-0.35461196382951354
TR-noTCN,Persistence,3,01400500,-0.35427574202374834
TR-noTCN,Persistence,3,01408029,-0.4150886752938745
TR-noTCN,Persistence,3,01425000,-0.026282653944347922
TR-noTCN,Persistence,3,01426500,-0.13519870435072523
TR-noTCN,Persistence,3,01427207,-0.34941849715075257
TR-noTCN,Persistence,3,01428500,-0.3583015143932531
TR-noTCN,Persistence,3,01463500,-0.30533206472684427
TR-noTCN,Persistence,3,01480617,-0.3636446643291775
TR-noTCN,Persistence,3,01540500,-0.3215392577890934
TR-noTCN,Persistence,3,01542500,-0.35934830590965894
TR-noTCN,Persistence,3,01549700,-0.3941770924347925
TR-noTCN,Persistence,3,02110701,-0.4433449891327781
TR-noTCN,Persistence,3,02176930,-0.37008198593803665
TR-noTCN,Persistence,3,02266300,-0.25074315733971764
TR-noTCN,Persistence,3,02330450,-0.36795446288533595
TR-noTCN,Persistence,3,02334430,0.036674269646398416
TR-noTCN,Persistence,3,02334885,-0.3910337481714754
TR-noTCN,Persistence,3,02336120,-0.41212919554910155
TR-noTCN,Persistence,3,02336300,-0.41915077580816096
TR-noTCN,Persistence,3,02336728,0.4962418507124442
TR-noTCN,Persistence,3,02397000,-0.32141027196933325
TR-noTCN,Persistence,3,02455980,-0.36436272964726224
TR-noTCN,Persistence,3,02458450,-0.3290413242282628
TR-noTCN,Persistence,3,02474560,-0.27987707727602884
TR-noTCN,Persistence,3,03007800,-0.39048696127189353
TR-noTCN,Persistence,3,03034000,-0.41492140131773536
TR-noTCN,Persistence,3,03036000,-0.27767472388362235
TR-noTCN,Persistence,3,03047000,-0.36572429668896644
TR-noTCN,Persistence,3,03077500,-0.10577186423589563
TR-noTCN,Persistence,3,03105500,-0.3549868174943034
TR-noTCN,Persistence,3,03106000,-0.47382146441638695
TR-noTCN,Persistence,3,03301900,-0.35181954009408667
TR-noTCN,Persistence,3,03353200,-0.4414187288189497
TR-noTCN,Persistence,3,03456991,-0.34709393413815937
TR-noTCN,Persistence,3,04027000,-0.35371707270274966
TR-noTCN,Persistence,3,04043238,-0.2952837307013765
TR-noTCN,Persistence,3,04043244,-0.2863422954147967
TR-noTCN,Persistence,3,04067500,-0.24444478030455752
TR-noTCN,Persistence,3,04077630,-0.34003736090412984
TR-noTCN,Persistence,3,04124200,-0.20244149337738826
TR-noTCN,Persistence,3,04125460,-0.29041025421085354
TR-noTCN,Persistence,3,04137005,-0.2650339675425618
TR-noTCN,Persistence,3,04176500,-0.29502502363993877
TR-noTCN,Persistence,3,04208000,-0.3900428097373052
TR-noTCN,Persistence,3,05054000,-0.22162502529359496
TR-noTCN,Persistence,3,05057000,-0.2858890935440235
TR-noTCN,Persistence,3,05289800,-0.2668405007578929
TR-noTCN,Persistence,3,05331833,-0.26759832860896116
TR-noTCN,Persistence,3,05370000,-0.16991939779753173
TR-noTCN,Persistence,3,05382255,-0.2177017170868869
TR-noTCN,Persistence,3,05382257,-0.41849536987503577
TR-noTCN,Persistence,3,05406457,-0.14755287651454396
TR-noTCN,Persistence,3,05458300,-0.33193798364107474
TR-noTCN,Persistence,3,05517000,-0.3777267798611068
TR-noTCN,Persistence,3,06036805,-0.27094557903108174
TR-noTCN,Persistence,3,06036905,-0.30249810834466473
TR-noTCN,Persistence,3,06036940,0.00350871420926957
TR-noTCN,Persistence,3,06041000,-0.21416732495800095
TR-noTCN,Persistence,3,06623800,-0.17008782015402968
TR-noTCN,Persistence,3,06894000,-0.3841204899493451
TR-noTCN,Persistence,3,06934500,-0.2713850820691043
TR-noTCN,Persistence,3,07106000,-0.3767497479969266
TR-noTCN,Persistence,3,07178200,-0.25361337385827487
TR-noTCN,Persistence,3,07194880,-0.24620548437511913
TR-noTCN,Persistence,3,07332622,-0.39514013567167616
TR-noTCN,Persistence,3,08048000,-0.23063894404048702
TR-noTCN,Persistence,3,08052700,-0.5267678477030273
TR-noTCN,Persistence,3,08065350,-0.30211419239049886
TR-noTCN,Persistence,3,08070200,-0.3055375946393655
TR-noTCN,Persistence,3,08123850,-0.44652616470629525
TR-noTCN,Persistence,3,09136100,-0.19525423342785508
TR-noTCN,Persistence,3,09144250,-0.17943126422637223
TR-noTCN,Persistence,3,09149500,-0.2650839122475428
TR-noTCN,Persistence,3,09163500,-0.23146909951030836
TR-noTCN,Persistence,3,09180000,-0.2590041071630427
TR-noTCN,Persistence,3,09261000,-0.2734619935655962
TR-noTCN,Persistence,3,09302000,-0.20954788222694165
TR-noTCN,Persistence,3,09380000,0.07034306846628235
TR-noTCN,Persistence,3,10129900,-0.1369635627365975
TR-noTCN,Persistence,3,10301500,-0.2716401175774379
TR-noTCN,Persistence,3,10351600,-0.3044454832768939
TR-noTCN,Persistence,3,11262900,-0.2682920935357411
TR-noTCN,Persistence,3,11467000,-0.16188634097288557
TR-noTCN,Persistence,3,11507500,-0.2564620363155683
TR-noTCN,Persistence,3,12056500,-0.08216414462762267
TR-noTCN,Persistence,3,12115000,-0.043057059682564125
TR-noTCN,Persistence,3,12117600,-0.0764718032849313
TR-noTCN,Persistence,3,12210700,-0.16616996741386303
TR-noTCN,Persistence,3,12212050,-0.13046727475857467
TR-noTCN,Persistence,3,12213100,-0.20718857668441815
TR-noTCN,Persistence,3,12363000,-0.10631363051187703
TR-noTCN,Persistence,3,12398600,-0.25080456942388385
TR-noTCN,Persistence,3,13018350,-0.26236447606769886
TR-noTCN,Persistence,3,13154500,-0.14464761028224427
TR-noTCN,Persistence,3,13317660,-0.16072497458528778
TR-noTCN,Persistence,3,13342500,-0.12563763955657536
TR-noTCN,Persistence,3,14091500,-0.1225771903599755
TR-noTCN,Persistence,3,14150800,-0.22004951568248976
TR-noTCN,Persistence,3,14151000,-0.05164953933040839
TR-noTCN,Persistence,3,14152000,-0.07029677245440602
TR-noTCN,Persistence,3,14153500,-0.09258808425807807
TR-noTCN,Persistence,3,14154500,-0.21051219377459662
TR-noTCN,Persistence,3,14159500,-0.05475745561477774
TR-noTCN,Persistence,3,14161500,-0.10771593133836443
TR-noTCN,Persistence,3,14179000,-0.11097929252004446
TR-noTCN,Persistence,3,14185000,-0.1954939481840008
TR-noTCN,Persistence,3,14210000,-0.20004508266676524
TR-noTCN,Persistence,3,14211499,-0.23561750553172733
TR-noTCN,Persistence,3,14211500,-0.2746822784750971
TR-noTCN,Persistence,3,14320934,-0.1370089907111971
TR-noTCN,Persistence,3,255534081324000,-0.4247763432170675
TR-noTCN,Persistence,7,01073319,-0.7753109203864781
TR-noTCN,Persistence,7,01104415,-0.4800915760311386
TR-noTCN,Persistence,7,01104455,-0.3225715476595814
TR-noTCN,Persistence,7,01104475,-0.2895499454286168
TR-noTCN,Persistence,7,01129500,-0.7000745835194802
TR-noTCN,Persistence,7,01400500,-0.7288193202081201
TR-noTCN,Persistence,7,01408029,-0.6452566367714305
TR-noTCN,Persistence,7,01425000,-0.11649820601503424
TR-noTCN,Persistence,7,01426500,-0.25327001945161776
TR-noTCN,Persistence,7,01427207,-0.6660825263325918
TR-noTCN,Persistence,7,01428500,-0.7423532029855204
TR-noTCN,Persistence,7,01463500,-0.6485261030270302
TR-noTCN,Persistence,7,01480617,-0.5770474091312419
TR-noTCN,Persistence,7,01540500,-0.6837925235753632
TR-noTCN,Persistence,7,01542500,-0.7297201604113868
TR-noTCN,Persistence,7,01549700,-0.7724069522172874
TR-noTCN,Persistence,7,02110701,-0.7332742745008107
TR-noTCN,Persistence,7,02176930,-0.5631438030120854
TR-noTCN,Persistence,7,02266300,-0.3871367957129199
TR-noTCN,Persistence,7,02330450,-0.5537387785555035
TR-noTCN,Persistence,7,02334430,0.012730909409505664
TR-noTCN,Persistence,7,02334885,-0.6190088547260353
TR-noTCN,Persistence,7,02336120,-0.6668595980964942
TR-noTCN,Persistence,7,02336300,-0.6907361950533066
TR-noTCN,Persistence,7,02336728,0.9265040693804167
TR-noTCN,Persistence,7,02397000,-0.52428450901426
TR-noTCN,Persistence,7,02455980,-0.5373339065420306
TR-noTCN,Persistence,7,02458450,-0.5223644821778817
TR-noTCN,Persistence,7,02474560,-0.5571622223805694
TR-noTCN,Persistence,7,03007800,-0.7199302682072735
TR-noTCN,Persistence,7,03034000,-0.7453210637813799
TR-noTCN,Persistence,7,03036000,-0.5552913479290287
TR-noTCN,Persistence,7,03047000,-0.6425061994506895
TR-noTCN,Persistence,7,03077500,-0.36338786263340017
TR-noTCN,Persistence,7,03105500,-0.647843627263236
TR-noTCN,Persistence,7,03106000,-0.8678722321760564
TR-noTCN,Persistence,7,03301900,-0.5126695275187303
TR-noTCN,Persistence,7,03353200,-0.810404204993346
TR-noTCN,Persistence,7,03456991,-0.6044866354109522
TR-noTCN,Persistence,7,04027000,-0.785353231580086
TR-noTCN,Persistence,7,04043238,-0.647895369226356
TR-noTCN,Persistence,7,04043244,-0.5945157198790649
TR-noTCN,Persistence,7,04067500,-0.6747333225008747
TR-noTCN,Persistence,7,04077630,-0.7760435032263906
TR-noTCN,Persistence,7,04124200,-0.47656631588844445
TR-noTCN,Persistence,7,04125460,-0.5455408780430349
TR-noTCN,Persistence,7,04137005,-0.5360324169703219
TR-noTCN,Persistence,7,04176500,-0.6773228286095223
TR-noTCN,Persistence,7,04208000,-0.7589767444984354
TR-noTCN,Persistence,7,05054000,-0.6355553348986094
TR-noTCN,Persistence,7,05057000,-0.7315849000017249
TR-noTCN,Persistence,7,05289800,-0.7508676328504391
TR-noTCN,Persistence,7,05331833,-0.6072055721023304
TR-noTCN,Persistence,7,05370000,-0.535135446038475
TR-noTCN,Persistence,7,05382255,-0.5351173170907999
TR-noTCN,Persistence,7,05382257,-0.6756146842441932
TR-noTCN,Persistence,7,05406457,-0.275691082747749
TR-noTCN,Persistence,7,05458300,-0.8077102559578702
TR-noTCN,Persistence,7,05517000,-0.7442790594642261
TR-noTCN,Persistence,7,06036805,-0.46278980040212003
TR-noTCN,Persistence,7,06036905,-0.5212238550164798
TR-noTCN,Persistence,7,06036940,-0.11802666803211226
TR-noTCN,Persistence,7,06041000,-0.5283919922738392
TR-noTCN,Persistence,7,06623800,-0.4690981678507402
TR-noTCN,Persistence,7,06894000,-0.8147460686647836
TR-noTCN,Persistence,7,06934500,-0.6246221370443965
TR-noTCN,Persistence,7,07106000,-0.6326450067057021
TR-noTCN,Persistence,7,07178200,-0.5844971543555229
TR-noTCN,Persistence,7,07194880,-0.44678739234709397
TR-noTCN,Persistence,7,07332622,-0.8252345835965822
TR-noTCN,Persistence,7,08048000,-0.5446139138742723
TR-noTCN,Persistence,7,08052700,-1.0194132184845346
TR-noTCN,Persistence,7,08065350,-0.6225922120099776
TR-noTCN,Persistence,7,08070200,-0.6745842395916557
TR-noTCN,Persistence,7,08123850,-0.8546542778973851
TR-noTCN,Persistence,7,09136100,-0.38537579096798336
TR-noTCN,Persistence,7,09144250,-0.36927306909965063
TR-noTCN,Persistence,7,09149500,-0.4212067422683068
TR-noTCN,Persistence,7,09163500,-0.5239207265447474
TR-noTCN,Persistence,7,09180000,-0.5453759325324992
TR-noTCN,Persistence,7,09261000,-0.607574780653616
TR-noTCN,Persistence,7,09302000,-0.5416078293414643
TR-noTCN,Persistence,7,09380000,0.20585715647924974
TR-noTCN,Persistence,7,10129900,-0.3855244035169916
TR-noTCN,Persistence,7,10301500,-0.5966453572481918
TR-noTCN,Persistence,7,10351600,-0.4961984978970835
TR-noTCN,Persistence,7,11262900,-0.5569034860503377
TR-noTCN,Persistence,7,11467000,-0.3120339033244308
TR-noTCN,Persistence,7,11507500,-0.5868601196309728
TR-noTCN,Persistence,7,12056500,-0.2067808115334705
TR-noTCN,Persistence,7,12115000,-0.15099624814331913
TR-noTCN,Persistence,7,12117600,-0.21253946854575478
TR-noTCN,Persistence,7,12210700,-0.3675082244736738
TR-noTCN,Persistence,7,12212050,-0.2771764467995277
TR-noTCN,Persistence,7,12213100,-0.3525253341927326
TR-noTCN,Persistence,7,12363000,-0.2773809479971312
TR-noTCN,Persistence,7,12398600,-0.4944339101319747
TR-noTCN,Persistence,7,13018350,-0.5164444409198621
TR-noTCN,Persistence,7,13154500,-0.22315663289603305
TR-noTCN,Persistence,7,13317660,-0.4243279553924074
TR-noTCN,Persistence,7,13342500,-0.2955877331497203
TR-noTCN,Persistence,7,14091500,-0.21257162642091731
TR-noTCN,Persistence,7,14150800,-0.4410291935512256
TR-noTCN,Persistence,7,14151000,-0.1440477291666662
TR-noTCN,Persistence,7,14152000,-0.20650008810165987
TR-noTCN,Persistence,7,14153500,-0.1882936889742921
TR-noTCN,Persistence,7,14154500,-0.3959121588071035
TR-noTCN,Persistence,7,14159500,-0.1764079798029532
TR-noTCN,Persistence,7,14161500,-0.28288281841693363
TR-noTCN,Persistence,7,14179000,-0.22571013905950066
TR-noTCN,Persistence,7,14185000,-0.3947691013068799
TR-noTCN,Persistence,7,14210000,-0.30733227631995486
TR-noTCN,Persistence,7,14211499,-0.5075224844912865
TR-noTCN,Persistence,7,14211500,-0.5723070739723606
TR-noTCN,Persistence,7,14320934,-0.2794280807709031
TR-noTCN,Persistence,7,255534081324000,-0.7561273791765841
TR-noTCN,DampedPersistence,1,01073319,-0.16486742738750682
TR-noTCN,DampedPersistence,1,01104415,-0.05759721754741576
TR-noTCN,DampedPersistence,1,01104455,0.002833973311973992
TR-noTCN,DampedPersistence,1,01104475,-0.050975074603154535
TR-noTCN,DampedPersistence,1,01129500,-0.15402649746387087
TR-noTCN,DampedPersistence,1,01400500,-0.21513711612394026
TR-noTCN,DampedPersistence,1,01408029,-0.19347890973747395
TR-noTCN,DampedPersistence,1,01425000,0.03964498169013986
TR-noTCN,DampedPersistence,1,01426500,0.009299998179720492
TR-noTCN,DampedPersistence,1,01427207,-0.17483863135439992
TR-noTCN,DampedPersistence,1,01428500,-0.19898879986747686
TR-noTCN,DampedPersistence,1,01463500,-0.17945301836525218
TR-noTCN,DampedPersistence,1,01480617,-0.17182181747599679
TR-noTCN,DampedPersistence,1,01540500,-0.1619773341281518
TR-noTCN,DampedPersistence,1,01542500,-0.17201929565550356
TR-noTCN,DampedPersistence,1,01549700,-0.19824733487071566
TR-noTCN,DampedPersistence,1,02110701,-0.2591975841345282
TR-noTCN,DampedPersistence,1,02176930,-0.12379814032128
TR-noTCN,DampedPersistence,1,02266300,-0.1488287075596204
TR-noTCN,DampedPersistence,1,02330450,-0.09574749532988225
TR-noTCN,DampedPersistence,1,02334430,0.09492212544807402
TR-noTCN,DampedPersistence,1,02334885,-0.22719753940991216
TR-noTCN,DampedPersistence,1,02336120,-0.20130590234598877
TR-noTCN,DampedPersistence,1,02336300,-0.20584491376010772
TR-noTCN,DampedPersistence,1,02336728,0.09960085644985539
TR-noTCN,DampedPersistence,1,02397000,-0.20077859621238603
TR-noTCN,DampedPersistence,1,02455980,-0.14674018531031063
TR-noTCN,DampedPersistence,1,02458450,-0.1447603446793354
TR-noTCN,DampedPersistence,1,02474560,-0.2123518584232178
TR-noTCN,DampedPersistence,1,03007800,-0.19413362777990528
TR-noTCN,DampedPersistence,1,03034000,-0.19622987637887768
TR-noTCN,DampedPersistence,1,03036000,-0.04181669278717992
TR-noTCN,DampedPersistence,1,03047000,-0.12469794100753506
TR-noTCN,DampedPersistence,1,03077500,0.0415617809566588
TR-noTCN,DampedPersistence,1,03105500,-0.18924683952118848
TR-noTCN,DampedPersistence,1,03106000,-0.24226442250822033
TR-noTCN,DampedPersistence,1,03301900,-0.12402304799629338
TR-noTCN,DampedPersistence,1,03353200,-0.21359913554593069
TR-noTCN,DampedPersistence,1,03456991,-0.1401825073490729
TR-noTCN,DampedPersistence,1,04027000,-0.1513490141406495
TR-noTCN,DampedPersistence,1,04043238,-0.0912105041607224
TR-noTCN,DampedPersistence,1,04043244,-0.08564894828867686
TR-noTCN,DampedPersistence,1,04067500,-0.10482394070861745
TR-noTCN,DampedPersistence,1,04077630,-0.12488064171745417
TR-noTCN,DampedPersistence,1,04124200,0.03419248669684005
TR-noTCN,DampedPersistence,1,04125460,-0.15103336829770897
TR-noTCN,DampedPersistence,1,04137005,-0.07762897522414047
TR-noTCN,DampedPersistence,1,04176500,-0.1776683244760347
TR-noTCN,DampedPersistence,1,04208000,-0.224326231274932
TR-noTCN,DampedPersistence,1,05054000,-0.05123265698210622
TR-noTCN,DampedPersistence,1,05057000,-0.12728562292765022
TR-noTCN,DampedPersistence,1,05289800,-0.07715906185783894
TR-noTCN,DampedPersistence,1,05331833,-0.06412356655833429
TR-noTCN,DampedPersistence,1,05370000,-0.022171178593171692
TR-noTCN,DampedPersistence,1,05382255,-0.03302439910185606
TR-noTCN,DampedPersistence,1,05382257,0.01227807577842377
TR-noTCN,DampedPersistence,1,05406457,0.02987553933223963
TR-noTCN,DampedPersistence,1,05458300,-0.18778724839962657
TR-noTCN,DampedPersistence,1,05517000,-0.1955726018177424
TR-noTCN,DampedPersistence,1,06036805,-0.04695310841131384
TR-noTCN,DampedPersistence,1,06036905,-0.0685307768106137
TR-noTCN,DampedPersistence,1,06036940,0.02393915180648376
TR-noTCN,DampedPersistence,1,06041000,-0.0754049888902229
TR-noTCN,DampedPersistence,1,06623800,0.02010920469972388
TR-noTCN,DampedPersistence,1,06894000,-0.23968269899725392
TR-noTCN,DampedPersistence,1,06934500,-0.14619471071464923
TR-noTCN,DampedPersistence,1,07106000,-0.03641644696612878
TR-noTCN,DampedPersistence,1,07178200,-0.17137405756031787
TR-noTCN,DampedPersistence,1,07194880,-0.0492805953316412
TR-noTCN,DampedPersistence,1,07332622,-0.1628834720311001
TR-noTCN,DampedPersistence,1,08048000,-0.15131732614410287
TR-noTCN,DampedPersistence,1,08052700,-0.19779859395919996
TR-noTCN,DampedPersistence,1,08065350,-0.2105884529566993
TR-noTCN,DampedPersistence,1,08070200,-0.1981423368412858
TR-noTCN,DampedPersistence,1,08123850,-0.20309935731056616
TR-noTCN,DampedPersistence,1,09136100,-0.022773447890210408
TR-noTCN,DampedPersistence,1,09144250,-0.045042517502145274
TR-noTCN,DampedPersistence,1,09149500,-0.0604194068841194
TR-noTCN,DampedPersistence,1,09163500,-0.09886193553673223
TR-noTCN,DampedPersistence,1,09180000,-0.06654020174712383
TR-noTCN,DampedPersistence,1,09261000,-0.10313707488782231
TR-noTCN,DampedPersistence,1,09302000,-0.033860207413058396
TR-noTCN,DampedPersistence,1,09380000,0.055297347415630416
TR-noTCN,DampedPersistence,1,10129900,-0.01619609155452606
TR-noTCN,DampedPersistence,1,10301500,-0.07674251325564396
TR-noTCN,DampedPersistence,1,10351600,-0.17762377026393006
TR-noTCN,DampedPersistence,1,11262900,-0.10302055210874073
TR-noTCN,DampedPersistence,1,11467000,-0.09270471721977935
TR-noTCN,DampedPersistence,1,11507500,-0.15860395555982693
TR-noTCN,DampedPersistence,1,12056500,-0.0035102982394430438
TR-noTCN,DampedPersistence,1,12115000,0.038676857007085674
TR-noTCN,DampedPersistence,1,12117600,0.019562553071524158
TR-noTCN,DampedPersistence,1,12210700,-0.03956474948488753
TR-noTCN,DampedPersistence,1,12212050,-0.04436817241446911
TR-noTCN,DampedPersistence,1,12213100,-0.0910110762824633
TR-noTCN,DampedPersistence,1,12363000,-0.0292404224560725
TR-noTCN,DampedPersistence,1,12398600,-0.005187033526962037
TR-noTCN,DampedPersistence,1,13018350,-0.06980419852570374
TR-noTCN,DampedPersistence,1,13154500,-0.060406245435907197
TR-noTCN,DampedPersistence,1,13317660,-0.0484811940859354
TR-noTCN,DampedPersistence,1,13342500,-0.04689847188555463
TR-noTCN,DampedPersistence,1,14091500,0.01351898158598308
TR-noTCN,DampedPersistence,1,14150800,-0.11212516411778839
TR-noTCN,DampedPersistence,1,14151000,-0.03366461940210441
TR-noTCN,DampedPersistence,1,14152000,0.003593873375375589
TR-noTCN,DampedPersistence,1,14153500,0.0132711444039465
TR-noTCN,DampedPersistence,1,14154500,-0.13483012069545852
TR-noTCN,DampedPersistence,1,14159500,0.045789627183221826
TR-noTCN,DampedPersistence,1,14161500,-0.0208417984890637
TR-noTCN,DampedPersistence,1,14179000,-0.03855567184215025
TR-noTCN,DampedPersistence,1,14185000,-0.09384505376855312
TR-noTCN,DampedPersistence,1,14210000,-0.037858687136937075
TR-noTCN,DampedPersistence,1,14211499,-0.10903021916066491
TR-noTCN,DampedPersistence,1,14211500,-0.14824563162904913
TR-noTCN,DampedPersistence,1,14320934,-0.09908208388043843
TR-noTCN,DampedPersistence,1,255534081324000,-0.17922006715553285
TR-noTCN,DampedPersistence,3,01073319,-0.11492393678334567
TR-noTCN,DampedPersistence,3,01104415,-0.030371792979882573
TR-noTCN,DampedPersistence,3,01104455,0.01270650588470379
TR-noTCN,DampedPersistence,3,01104475,0.00046963016157275383
TR-noTCN,DampedPersistence,3,01129500,-0.11900416134057945
TR-noTCN,DampedPersistence,3,01400500,-0.10668303067154272
TR-noTCN,DampedPersistence,3,01408029,-0.09348877320263593
TR-noTCN,DampedPersistence,3,01425000,0.028178725246830072
TR-noTCN,DampedPersistence,3,01426500,0.0032667219841995276
TR-noTCN,DampedPersistence,3,01427207,-0.12627382324750092
TR-noTCN,DampedPersistence,3,01428500,-0.1685702069489896
TR-noTCN,DampedPersistence,3,01463500,-0.1579328376260778
TR-noTCN,DampedPersistence,3,01480617,-0.07609935952353064
TR-noTCN,DampedPersistence,3,01540500,-0.16130225827082834
TR-noTCN,DampedPersistence,3,01542500,-0.11936691002196587
TR-noTCN,DampedPersistence,3,01549700,-0.163756213542102
TR-noTCN,DampedPersistence,3,02110701,-0.16278470086806007
TR-noTCN,DampedPersistence,3,02176930,-0.1264070486729305
TR-noTCN,DampedPersistence,3,02266300,-0.06102122921691988
TR-noTCN,DampedPersistence,3,02330450,-0.1077979330064256
TR-noTCN,DampedPersistence,3,02334430,-0.03652015360536143
TR-noTCN,DampedPersistence,3,02334885,-0.1623454581551551
TR-noTCN,DampedPersistence,3,02336120,-0.13272502398055241
TR-noTCN,DampedPersistence,3,02336300,-0.1304788882566954
TR-noTCN,DampedPersistence,3,02336728,0.267548869274149
TR-noTCN,DampedPersistence,3,02397000,-0.1896947170401433
TR-noTCN,DampedPersistence,3,02455980,-0.10557492965975146
TR-noTCN,DampedPersistence,3,02458450,-0.09598207611826237
TR-noTCN,DampedPersistence,3,02474560,-0.14095394553480567
TR-noTCN,DampedPersistence,3,03007800,-0.14082697696912194
TR-noTCN,DampedPersistence,3,03034000,-0.14751894785337316
TR-noTCN,DampedPersistence,3,03036000,-0.1570199043163032
TR-noTCN,DampedPersistence,3,03047000,-0.23463060787801715
TR-noTCN,DampedPersistence,3,03077500,0.0037022260090555092
TR-noTCN,DampedPersistence,3,03105500,-0.1451637783065154
TR-noTCN,DampedPersistence,3,03106000,-0.18656127648643506
TR-noTCN,DampedPersistence,3,03301900,-0.06065693329672128
TR-noTCN,DampedPersistence,3,03353200,-0.13947314681702805
TR-noTCN,DampedPersistence,3,03456991,-0.12415549711147733
TR-noTCN,DampedPersistence,3,04027000,-0.1035515888051981
TR-noTCN,DampedPersistence,3,04043238,-0.046123969156022016
TR-noTCN,DampedPersistence,3,04043244,-0.04625179204732821
TR-noTCN,DampedPersistence,3,04067500,-0.07784623819950331
TR-noTCN,DampedPersistence,3,04077630,-0.10113177481844726
TR-noTCN,DampedPersistence,3,04124200,-0.05782965281835123
TR-noTCN,DampedPersistence,3,04125460,-0.09351438619794217
TR-noTCN,DampedPersistence,3,04137005,-0.1400904897367683
TR-noTCN,DampedPersistence,3,04176500,-0.14457052729477438
TR-noTCN,DampedPersistence,3,04208000,-0.14239263211894482
TR-noTCN,DampedPersistence,3,05054000,-0.04458404034580121
TR-noTCN,DampedPersistence,3,05057000,-0.08589481090308126
TR-noTCN,DampedPersistence,3,05289800,-0.07349891044064116
TR-noTCN,DampedPersistence,3,05331833,-0.028135780173516034
TR-noTCN,DampedPersistence,3,05370000,-0.02473437756835506
TR-noTCN,DampedPersistence,3,05382255,-0.035014544792708824
TR-noTCN,DampedPersistence,3,05382257,-0.01889157398844077
TR-noTCN,DampedPersistence,3,05406457,0.022615417226766743
TR-noTCN,DampedPersistence,3,05458300,-0.13104796654100537
TR-noTCN,DampedPersistence,3,05517000,-0.13586277807955605
TR-noTCN,DampedPersistence,3,06036805,-0.056598493613222445
TR-noTCN,DampedPersistence,3,06036905,-0.026828231787185075
TR-noTCN,DampedPersistence,3,06036940,0.08630870403633217
TR-noTCN,DampedPersistence,3,06041000,-0.08190193004906887
TR-noTCN,DampedPersistence,3,06623800,0.009410826447353138
TR-noTCN,DampedPersistence,3,06894000,-0.16570447434026048
TR-noTCN,DampedPersistence,3,06934500,-0.12195656358128282
TR-noTCN,DampedPersistence,3,07106000,0.037297440747040556
TR-noTCN,DampedPersistence,3,07178200,-0.10677164329982358
TR-noTCN,DampedPersistence,3,07194880,-0.04643470265914562
TR-noTCN,DampedPersistence,3,07332622,-0.08738850538161591
TR-noTCN,DampedPersistence,3,08048000,-0.08937831803640339
TR-noTCN,DampedPersistence,3,08052700,-0.0916934142543897
TR-noTCN,DampedPersistence,3,08065350,-0.18169165571491885
TR-noTCN,DampedPersistence,3,08070200,-0.13483055538936028
TR-noTCN,DampedPersistence,3,08123850,-0.07568592604486035
TR-noTCN,DampedPersistence,3,09136100,-0.05725024626147723
TR-noTCN,DampedPersistence,3,09144250,-0.05636295287869997
TR-noTCN,DampedPersistence,3,09149500,-0.060738040942551974
TR-noTCN,DampedPersistence,3,09163500,-0.09795067377213318
TR-noTCN,DampedPersistence,3,09180000,-0.09022098468492845
TR-noTCN,DampedPersistence,3,09261000,-0.11732495488726169
TR-noTCN,DampedPersistence,3,09302000,-0.05280212409210816
TR-noTCN,DampedPersistence,3,09380000,0.021682308526470906
TR-noTCN,DampedPersistence,3,10129900,-0.0049670210086996125
TR-noTCN,DampedPersistence,3,10301500,-0.03469439945829311
TR-noTCN,DampedPersistence,3,10351600,-0.1503025984070372
TR-noTCN,DampedPersistence,3,11262900,-0.040286266807609605
TR-noTCN,DampedPersistence,3,11467000,-0.06953207034981179
TR-noTCN,DampedPersistence,3,11507500,-0.11637959306388557
TR-noTCN,DampedPersistence,3,12056500,-0.022140240151915624
TR-noTCN,DampedPersistence,3,12115000,0.0028972245971246036
TR-noTCN,DampedPersistence,3,12117600,-0.020450028911899287
TR-noTCN,DampedPersistence,3,12210700,-0.040805530210684005
TR-noTCN,DampedPersistence,3,12212050,-0.030499009687655843
TR-noTCN,DampedPersistence,3,12213100,-0.06675277165553095
TR-noTCN,DampedPersistence,3,12363000,-0.017864427242944902
TR-noTCN,DampedPersistence,3,12398600,-0.11974920055127791
TR-noTCN,DampedPersistence,3,13018350,-0.03128686688995508
TR-noTCN,DampedPersistence,3,13154500,-0.09074695942466482
TR-noTCN,DampedPersistence,3,13317660,-0.0392891522460308
TR-noTCN,DampedPersistence,3,13342500,-0.03628920361862353
TR-noTCN,DampedPersistence,3,14091500,0.010961030243037517
TR-noTCN,DampedPersistence,3,14150800,-0.08371395342845878
TR-noTCN,DampedPersistence,3,14151000,-0.011672350961820621
TR-noTCN,DampedPersistence,3,14152000,-0.021234205147022234
TR-noTCN,DampedPersistence,3,14153500,-0.03660271329656739
TR-noTCN,DampedPersistence,3,14154500,-0.1030238091327258
TR-noTCN,DampedPersistence,3,14159500,-0.007894498885314016
TR-noTCN,DampedPersistence,3,14161500,-0.02928963999934564
TR-noTCN,DampedPersistence,3,14179000,-0.03470252599513002
TR-noTCN,DampedPersistence,3,14185000,-0.08110050241156808
TR-noTCN,DampedPersistence,3,14210000,-0.13012372947423367
TR-noTCN,DampedPersistence,3,14211499,-0.06261938311243354
TR-noTCN,DampedPersistence,3,14211500,-0.09161708345273634
TR-noTCN,DampedPersistence,3,14320934,-0.05175824488378988
TR-noTCN,DampedPersistence,3,255534081324000,-0.14886159938454568
TR-noTCN,DampedPersistence,7,01073319,-0.08893432580852867
TR-noTCN,DampedPersistence,7,01104415,0.009166800227856431
TR-noTCN,DampedPersistence,7,01104455,0.0007385892432469898
TR-noTCN,DampedPersistence,7,01104475,0.04463004651374436
TR-noTCN,DampedPersistence,7,01129500,-0.0919538757597258
TR-noTCN,DampedPersistence,7,01400500,-0.054393592715451966
TR-noTCN,DampedPersistence,7,01408029,-0.008781755577175865
TR-noTCN,DampedPersistence,7,01425000,0.04487191821892755
TR-noTCN,DampedPersistence,7,01426500,0.018719895074110093
TR-noTCN,DampedPersistence,7,01427207,-0.0671610074781035
TR-noTCN,DampedPersistence,7,01428500,-0.1479948886976259
TR-noTCN,DampedPersistence,7,01463500,-0.14073501187181492
TR-noTCN,DampedPersistence,7,01480617,0.020896526109593472
TR-noTCN,DampedPersistence,7,01540500,-0.13350582682526246
TR-noTCN,DampedPersistence,7,01542500,-0.05601409914828093
TR-noTCN,DampedPersistence,7,01549700,-0.1065164170747317
TR-noTCN,DampedPersistence,7,02110701,-0.05323587971057986
TR-noTCN,DampedPersistence,7,02176930,-0.034196277300196254
TR-noTCN,DampedPersistence,7,02266300,0.0027709072900645726
TR-noTCN,DampedPersistence,7,02330450,-0.016324863131552014
TR-noTCN,DampedPersistence,7,02334430,-0.2093615493428569
TR-noTCN,DampedPersistence,7,02334885,-0.05400965885509512
TR-noTCN,DampedPersistence,7,02336120,-0.0274524061011161
TR-noTCN,DampedPersistence,7,02336300,-0.0342714111344673
TR-noTCN,DampedPersistence,7,02336728,0.3423530088476472
TR-noTCN,DampedPersistence,7,02397000,-0.11242723644631503
TR-noTCN,DampedPersistence,7,02455980,-0.010645990019592766
TR-noTCN,DampedPersistence,7,02458450,-0.013135724958802442
TR-noTCN,DampedPersistence,7,02474560,-0.07218092072234317
TR-noTCN,DampedPersistence,7,03007800,-0.08788912799344084
TR-noTCN,DampedPersistence,7,03034000,-0.10639332632806164
TR-noTCN,DampedPersistence,7,03036000,-0.12389072639256682
TR-noTCN,DampedPersistence,7,03047000,-0.18408549126500073
TR-noTCN,DampedPersistence,7,03077500,0.004027305060415931
TR-noTCN,DampedPersistence,7,03105500,-0.07443891421663595
TR-noTCN,DampedPersistence,7,03106000,-0.11894825660094188
TR-noTCN,DampedPersistence,7,03301900,0.020795645194258583
TR-noTCN,DampedPersistence,7,03353200,-0.08248367218926367
TR-noTCN,DampedPersistence,7,03456991,-0.05892505628476319
TR-noTCN,DampedPersistence,7,04027000,-0.0847338251342129
TR-noTCN,DampedPersistence,7,04043238,-0.01644398684426851
TR-noTCN,DampedPersistence,7,04043244,-0.007838704461030632
TR-noTCN,DampedPersistence,7,04067500,-0.10450269680501245
TR-noTCN,DampedPersistence,7,04077630,-0.07729911009781842
TR-noTCN,DampedPersistence,7,04124200,-0.062376432727321074
TR-noTCN,DampedPersistence,7,04125460,-0.030688638057670303
TR-noTCN,DampedPersistence,7,04137005,-0.11577689556936122
TR-noTCN,DampedPersistence,7,04176500,-0.15174284548780226
TR-noTCN,DampedPersistence,7,04208000,-0.07651929552875902
TR-noTCN,DampedPersistence,7,05054000,-0.06820172887861098
TR-noTCN,DampedPersistence,7,05057000,-0.07311906312643668
TR-noTCN,DampedPersistence,7,05289800,-0.11290283776370913
TR-noTCN,DampedPersistence,7,05331833,-0.0018978112110588086
TR-noTCN,DampedPersistence,7,05370000,-0.0391143739039308
TR-noTCN,DampedPersistence,7,05382255,-0.0013781429674624146
TR-noTCN,DampedPersistence,7,05382257,-0.017098927433468747
TR-noTCN,DampedPersistence,7,05406457,0.030444957194170064
TR-noTCN,DampedPersistence,7,05458300,-0.14313981640473505
TR-noTCN,DampedPersistence,7,05517000,-0.07483162295713042
TR-noTCN,DampedPersistence,7,06036805,-0.04462657491692168
TR-noTCN,DampedPersistence,7,06036905,-0.011121370245443352
TR-noTCN,DampedPersistence,7,06036940,0.054087702649231684
TR-noTCN,DampedPersistence,7,06041000,-0.08335226680311991
TR-noTCN,DampedPersistence,7,06623800,0.024206865367422892
TR-noTCN,DampedPersistence,7,06894000,-0.130930699795488
TR-noTCN,DampedPersistence,7,06934500,-0.14367795685923457
TR-noTCN,DampedPersistence,7,07106000,0.07446315411748183
TR-noTCN,DampedPersistence,7,07178200,-0.09170925550848086
TR-noTCN,DampedPersistence,7,07194880,-0.021298612691992513
TR-noTCN,DampedPersistence,7,07332622,-0.053343943715130404
TR-noTCN,DampedPersistence,7,08048000,-0.08797631114917515
TR-noTCN,DampedPersistence,7,08052700,-0.04182226591586202
TR-noTCN,DampedPersistence,7,08065350,-0.17053910616238888
TR-noTCN,DampedPersistence,7,08070200,-0.09283278507480208
TR-noTCN,DampedPersistence,7,08123850,-0.005905042140940786
TR-noTCN,DampedPersistence,7,09136100,-0.08180139711672307
TR-noTCN,DampedPersistence,7,09144250,-0.05246489859071568
TR-noTCN,DampedPersistence,7,09149500,-0.0016039804174783345
TR-noTCN,DampedPersistence,7,09163500,-0.08246729502695938
TR-noTCN,DampedPersistence,7,09180000,-0.07512123953358785
TR-noTCN,DampedPersistence,7,09261000,-0.10558721374083424
TR-noTCN,DampedPersistence,7,09302000,-0.06500067280715127
TR-noTCN,DampedPersistence,7,09380000,0.024513125565264415
TR-noTCN,DampedPersistence,7,10129900,-0.02967465241525935
TR-noTCN,DampedPersistence,7,10301500,-0.001147362100172522
TR-noTCN,DampedPersistence,7,10351600,-0.09608179264281214
TR-noTCN,DampedPersistence,7,11262900,-0.0146190385100744
TR-noTCN,DampedPersistence,7,11467000,-0.021343868840851377
TR-noTCN,DampedPersistence,7,11507500,-0.10959994579106924
TR-noTCN,DampedPersistence,7,12056500,-0.014471395083360927
TR-noTCN,DampedPersistence,7,12115000,-0.0015778090794598132
TR-noTCN,DampedPersistence,7,12117600,-0.04981790696469335
TR-noTCN,DampedPersistence,7,12210700,-0.04528622028728346
TR-noTCN,DampedPersistence,7,12212050,-0.0011853323371611157
TR-noTCN,DampedPersistence,7,12213100,-0.04892385138166189
TR-noTCN,DampedPersistence,7,12363000,-0.021513258985163652
TR-noTCN,DampedPersistence,7,12398600,-0.09177182946971196
TR-noTCN,DampedPersistence,7,13018350,-0.011115591010132597
TR-noTCN,DampedPersistence,7,13154500,-0.03832363726713428
TR-noTCN,DampedPersistence,7,13317660,-0.009981646056927529
TR-noTCN,DampedPersistence,7,13342500,-0.022616787022645912
TR-noTCN,DampedPersistence,7,14091500,0.009261093616120264
TR-noTCN,DampedPersistence,7,14150800,-0.054709506560423726
TR-noTCN,DampedPersistence,7,14151000,-0.007228198723824075
TR-noTCN,DampedPersistence,7,14152000,-0.036534156541227936
TR-noTCN,DampedPersistence,7,14153500,-0.0032283511364906703
TR-noTCN,DampedPersistence,7,14154500,-0.06384109645530556
TR-noTCN,DampedPersistence,7,14159500,-0.0102821723793588
TR-noTCN,DampedPersistence,7,14161500,-0.03304213650229504
TR-noTCN,DampedPersistence,7,14179000,-0.038831924487232605
TR-noTCN,DampedPersistence,7,14185000,-0.0557030741538469
TR-noTCN,DampedPersistence,7,14210000,-0.062210058041211935
TR-noTCN,DampedPersistence,7,14211499,-0.046093174049351315
TR-noTCN,DampedPersistence,7,14211500,-0.06664235241807481
TR-noTCN,DampedPersistence,7,14320934,-0.013643526186501997
TR-noTCN,DampedPersistence,7,255534081324000,-0.12909827038389476
TR-noTCN,Climatology,1,01073319,-1.1977235386797316
TR-noTCN,Climatology,1,01104415,-0.726102440528448
TR-noTCN,Climatology,1,01104455,-0.9335383478450829
TR-noTCN,Climatology,1,01104475,-1.067584854763449
TR-noTCN,Climatology,1,01129500,-1.097637466461757
TR-noTCN,Climatology,1,01400500,-1.4127222036049587
TR-noTCN,Climatology,1,01408029,-1.1517308668826183
TR-noTCN,Climatology,1,01425000,-0.9426614855057085
TR-noTCN,Climatology,1,01426500,-0.7810841607257605
TR-noTCN,Climatology,1,01427207,-1.1393700210219522
TR-noTCN,Climatology,1,01428500,-1.4797641684484297
TR-noTCN,Climatology,1,01463500,-1.3691405581164222
TR-noTCN,Climatology,1,01480617,-1.1742365766691392
TR-noTCN,Climatology,1,01540500,-1.4678621076777576
TR-noTCN,Climatology,1,01542500,-1.4147940701049135
TR-noTCN,Climatology,1,01549700,-1.5337052023004938
TR-noTCN,Climatology,1,02110701,-1.5277602999141793
TR-noTCN,Climatology,1,02176930,-1.2649971515171852
TR-noTCN,Climatology,1,02266300,-1.336436283073493
TR-noTCN,Climatology,1,02330450,-1.0322088712629665
TR-noTCN,Climatology,1,02334430,-1.415148402644244
TR-noTCN,Climatology,1,02334885,-1.4383767811780983
TR-noTCN,Climatology,1,02336120,-1.3629607518002085
TR-noTCN,Climatology,1,02336300,-1.4044124787622363
TR-noTCN,Climatology,1,02336728,-2.4069726714818955
TR-noTCN,Climatology,1,02397000,-1.239651610014457
TR-noTCN,Climatology,1,02455980,-0.9738105124277981
TR-noTCN,Climatology,1,02458450,-1.1644721404779759
TR-noTCN,Climatology,1,02474560,-1.994759087798215
TR-noTCN,Climatology,1,03007800,-1.4177674596145247
TR-noTCN,Climatology,1,03034000,-1.4053366534139893
TR-noTCN,Climatology,1,03036000,-1.2250900738868065
TR-noTCN,Climatology,1,03047000,-1.403265027529061
TR-noTCN,Climatology,1,03077500,-1.1239081259338235
TR-noTCN,Climatology,1,03105500,-1.581934936050399
TR-noTCN,Climatology,1,03106000,-1.5541330538841729
TR-noTCN,Climatology,1,03301900,-1.2303480197225387
TR-noTCN,Climatology,1,03353200,-1.4033511135415342
TR-noTCN,Climatology,1,03456991,-1.184439384418305
TR-noTCN,Climatology,1,04027000,-1.3894101453993282
TR-noTCN,Climatology,1,04043238,-0.9449958679100392
TR-noTCN,Climatology,1,04043244,-0.8553607207839826
TR-noTCN,Climatology,1,04067500,-1.2842539278128071
TR-noTCN,Climatology,1,04077630,-1.137146394587186
TR-noTCN,Climatology,1,04124200,-0.8705470231384361
TR-noTCN,Climatology,1,04125460,-1.003119071758555
TR-noTCN,Climatology,1,04137005,-1.1693470895043054
TR-noTCN,Climatology,1,04176500,-1.504452870479874
TR-noTCN,Climatology,1,04208000,-1.3918510429121294
TR-noTCN,Climatology,1,05054000,-1.660536187226514
TR-noTCN,Climatology,1,05057000,-1.5424013426850662
TR-noTCN,Climatology,1,05289800,-1.3523386272675086
TR-noTCN,Climatology,1,05331833,-0.9736872454117891
TR-noTCN,Climatology,1,05370000,-0.9511212779951301
TR-noTCN,Climatology,1,05382255,-0.765784477147226
TR-noTCN,Climatology,1,05382257,-0.5753249514383632
TR-noTCN,Climatology,1,05406457,-0.5371409329309937
TR-noTCN,Climatology,1,05458300,-1.6394268671535692
TR-noTCN,Climatology,1,05517000,-1.5701274479937843
TR-noTCN,Climatology,1,06036805,-0.8241532663790083
TR-noTCN,Climatology,1,06036905,-1.0223414428304465
TR-noTCN,Climatology,1,06036940,-1.1493980440172429
TR-noTCN,Climatology,1,06041000,-1.2357768859273393
TR-noTCN,Climatology,1,06623800,-0.3357454530182393
TR-noTCN,Climatology,1,06894000,-1.5568313185740812
TR-noTCN,Climatology,1,06934500,-1.4589214150778935
TR-noTCN,Climatology,1,07106000,-0.6887915047196309
TR-noTCN,Climatology,1,07178200,-1.6885507704749023
TR-noTCN,Climatology,1,07194880,-0.681010295497369
TR-noTCN,Climatology,1,07332622,-1.4968104676722098
TR-noTCN,Climatology,1,08048000,-1.5474187701818043
TR-noTCN,Climatology,1,08052700,-1.5358705579379055
TR-noTCN,Climatology,1,08065350,-1.8998134651893217
TR-noTCN,Climatology,1,08070200,-1.7877865513786273
TR-noTCN,Climatology,1,08123850,-1.4715918316147072
TR-noTCN,Climatology,1,09136100,-1.19471570207405
TR-noTCN,Climatology,1,09144250,-1.1996112582089677
TR-noTCN,Climatology,1,09149500,-0.7400169797658283
TR-noTCN,Climatology,1,09163500,-1.3694230029922945
TR-noTCN,Climatology,1,09180000,-1.386391936431556
TR-noTCN,Climatology,1,09261000,-1.1009753302323562
TR-noTCN,Climatology,1,09302000,-1.3595647758282023
TR-noTCN,Climatology,1,09380000,-3.366942562124341
TR-noTCN,Climatology,1,10129900,-0.9455592486570515
TR-noTCN,Climatology,1,10301500,-1.210019987735825
TR-noTCN,Climatology,1,10351600,-1.5092538770879687
TR-noTCN,Climatology,1,11262900,-0.9135716296829453
TR-noTCN,Climatology,1,11467000,-1.1004747288609975
TR-noTCN,Climatology,1,11507500,-1.5048396373272348
TR-noTCN,Climatology,1,12056500,-0.6318549009928243
TR-noTCN,Climatology,1,12115000,-0.5239370970731684
TR-noTCN,Climatology,1,12117600,-0.6473723983666566
TR-noTCN,Climatology,1,12210700,-0.7782376823226526
TR-noTCN,Climatology,1,12212050,-0.9452998702512947
TR-noTCN,Climatology,1,12213100,-1.0408338738538874
TR-noTCN,Climatology,1,12363000,-0.918550463699919
TR-noTCN,Climatology,1,12398600,-1.4978211162375987
TR-noTCN,Climatology,1,13018350,-0.8279138175337551
TR-noTCN,Climatology,1,13154500,-0.8693905479810125
TR-noTCN,Climatology,1,13317660,-0.9117013901296215
TR-noTCN,Climatology,1,13342500,-0.9287223601866997
TR-noTCN,Climatology,1,14091500,-0.22361939903348177
TR-noTCN,Climatology,1,14150800,-1.3425076295240297
TR-noTCN,Climatology,1,14151000,-2.439551440913019
TR-noTCN,Climatology,1,14152000,-1.1122328496640699
TR-noTCN,Climatology,1,14153500,-2.0896305298423035
TR-noTCN,Climatology,1,14154500,-1.745213188426247
TR-noTCN,Climatology,1,14159500,-0.9296507457088596
TR-noTCN,Climatology,1,14161500,-0.9556970049280882
TR-noTCN,Climatology,1,14179000,-1.0101799171111179
TR-noTCN,Climatology,1,14185000,-1.1752841923861999
TR-noTCN,Climatology,1,14210000,-1.2586466516098307
TR-noTCN,Climatology,1,14211499,-1.1280960624180074
TR-noTCN,Climatology,1,14211500,-1.3411632215944276
TR-noTCN,Climatology,1,14320934,-1.4061568903982624
TR-noTCN,Climatology,1,255534081324000,-1.134142699260181
TR-noTCN,Climatology,3,01073319,-0.3214098594591692
TR-noTCN,Climatology,3,01104415,-0.1858599670670975
TR-noTCN,Climatology,3,01104455,-0.40520469843760276
TR-noTCN,Climatology,3,01104475,-0.40123972002837527
TR-noTCN,Climatology,3,01129500,-0.36538872810388967
TR-noTCN,Climatology,3,01400500,-0.435086045608845
TR-noTCN,Climatology,3,01408029,-0.26414785224449133
TR-noTCN,Climatology,3,01425000,-0.6537174406965137
TR-noTCN,Climatology,3,01426500,-0.36249113131059074
TR-noTCN,Climatology,3,01427207,-0.34695518797043023
TR-noTCN,Climatology,3,01428500,-0.5566939193891076
TR-noTCN,Climatology,3,01463500,-0.5489041832756729
TR-noTCN,Climatology,3,01480617,-0.32334546265309894
TR-noTCN,Climatology,3,01540500,-0.7112953688790402
TR-noTCN,Climatology,3,01542500,-0.4846253383556067
TR-noTCN,Climatology,3,01549700,-0.5634987637078399
TR-noTCN,Climatology,3,02110701,-0.4948402058123271
TR-noTCN,Climatology,3,02176930,-0.4680379459485666
TR-noTCN,Climatology,3,02266300,-0.5021131031145365
TR-noTCN,Climatology,3,02330450,-0.35784647914118506
TR-noTCN,Climatology,3,02334430,-1.4084833338158957
TR-noTCN,Climatology,3,02334885,-0.48388904513151254
TR-noTCN,Climatology,3,02336120,-0.43169577618521426
TR-noTCN,Climatology,3,02336300,-0.43737422983658636
TR-noTCN,Climatology,3,02336728,-1.459047122184146
TR-noTCN,Climatology,3,02397000,-0.5455213240793773
TR-noTCN,Climatology,3,02455980,-0.3174395600140114
TR-noTCN,Climatology,3,02458450,-0.44344869914839413
TR-noTCN,Climatology,3,02474560,-1.0371772819652376
TR-noTCN,Climatology,3,03007800,-0.4827086814217989
TR-noTCN,Climatology,3,03034000,-0.44413868397348444
TR-noTCN,Climatology,3,03036000,-0.7844232400894655
TR-noTCN,Climatology,3,03047000,-0.709994627938265
TR-noTCN,Climatology,3,03077500,-0.970724007317924
TR-noTCN,Climatology,3,03105500,-0.6334580301908914
TR-noTCN,Climatology,3,03106000,-0.4600762433186356
TR-noTCN,Climatology,3,03301900,-0.40448943856117525
TR-noTCN,Climatology,3,03353200,-0.3686903653196403
TR-noTCN,Climatology,3,03456991,-0.45411012081021385
TR-noTCN,Climatology,3,04027000,-0.5028572496427346
TR-noTCN,Climatology,3,04043238,-0.30456523718215367
TR-noTCN,Climatology,3,04043244,-0.2740958535553395
TR-noTCN,Climatology,3,04067500,-0.5747817355617078
TR-noTCN,Climatology,3,04077630,-0.3369085068345392
TR-noTCN,Climatology,3,04124200,-0.6976133218414807
TR-noTCN,Climatology,3,04125460,-0.30402207150931027
TR-noTCN,Climatology,3,04137005,-0.7543790521139447
TR-noTCN,Climatology,3,04176500,-0.6812389679824136
TR-noTCN,Climatology,3,04208000,-0.4389175883469194
TR-noTCN,Climatology,3,05054000,-1.1019363455493056
TR-noTCN,Climatology,3,05057000,-0.6801414488343385
TR-noTCN,Climatology,3,05289800,-0.6045221426008716
TR-noTCN,Climatology,3,05331833,-0.32609996986245715
TR-noTCN,Climatology,3,05370000,-0.5058038072913922
TR-noTCN,Climatology,3,05382255,-0.2765946828365031
TR-noTCN,Climatology,3,05382257,-0.13676052814702966
TR-noTCN,Climatology,3,05406457,-0.16799708929756707
TR-noTCN,Climatology,3,05458300,-0.6007918825515586
TR-noTCN,Climatology,3,05517000,-0.56692480800114
TR-noTCN,Climatology,3,06036805,-0.3220185076938722
TR-noTCN,Climatology,3,06036905,-0.31322552308825813
TR-noTCN,Climatology,3,06036940,-0.4212790976511458
TR-noTCN,Climatology,3,06041000,-0.6136812219921317
TR-noTCN,Climatology,3,06623800,-0.10351082965442893
TR-noTCN,Climatology,3,06894000,-0.5708675693813825
TR-noTCN,Climatology,3,06934500,-0.807905839078758
TR-noTCN,Climatology,3,07106000,-0.05514639115922115
TR-noTCN,Climatology,3,07178200,-0.843956454002861
TR-noTCN,Climatology,3,07194880,-0.2305127504198321
TR-noTCN,Climatology,3,07332622,-0.5116549191028503
TR-noTCN,Climatology,3,08048000,-0.7202111464601646
TR-noTCN,Climatology,3,08052700,-0.39183219753324305
TR-noTCN,Climatology,3,08065350,-1.013388727921739
TR-noTCN,Climatology,3,08070200,-0.8035752655767858
TR-noTCN,Climatology,3,08123850,-0.39533127623045994
TR-noTCN,Climatology,3,09136100,-0.7367088647342313
TR-noTCN,Climatology,3,09144250,-0.6923198288115293
TR-noTCN,Climatology,3,09149500,-0.28699346008315607
TR-noTCN,Climatology,3,09163500,-0.7553367109873907
TR-noTCN,Climatology,3,09180000,-0.7411846543635554
TR-noTCN,Climatology,3,09261000,-0.42088411572125617
TR-noTCN,Climatology,3,09302000,-0.7539277868550958
TR-noTCN,Climatology,3,09380000,-3.134232292369492
TR-noTCN,Climatology,3,10129900,-0.42813128784172405
TR-noTCN,Climatology,3,10301500,-0.4555818812608803
TR-noTCN,Climatology,3,10351600,-0.737397573319847
TR-noTCN,Climatology,3,11262900,-0.18386282648915686
TR-noTCN,Climatology,3,11467000,-0.5555498603825572
TR-noTCN,Climatology,3,11507500,-0.7083065186238853
TR-noTCN,Climatology,3,12056500,-0.38374194283278396
TR-noTCN,Climatology,3,12115000,-0.31943091615199737
TR-noTCN,Climatology,3,12117600,-0.39869523705960774
TR-noTCN,Climatology,3,12210700,-0.3338103055538941
TR-noTCN,Climatology,3,12212050,-0.42422759586965175
TR-noTCN,Climatology,3,12213100,-0.4775011927110424
TR-noTCN,Climatology,3,12363000,-0.5395741648603297
TR-noTCN,Climatology,3,12398600,-1.2319545441384991
TR-noTCN,Climatology,3,13018350,-0.19500216375718527
TR-noTCN,Climatology,3,13154500,-0.5137859124622567
TR-noTCN,Climatology,3,13317660,-0.5909131373146993
TR-noTCN,Climatology,3,13342500,-0.4871715999715748
TR-noTCN,Climatology,3,14091500,-0.02744123039400337
TR-noTCN,Climatology,3,14150800,-0.660806239665634
TR-noTCN,Climatology,3,14151000,-1.7897754095748442
TR-noTCN,Climatology,3,14152000,-0.807136528087493
TR-noTCN,Climatology,3,14153500,-1.8098182623642507
TR-noTCN,Climatology,3,14154500,-1.017300056948567
TR-noTCN,Climatology,3,14159500,-0.7149586247866481
TR-noTCN,Climatology,3,14161500,-0.5527452725569173
TR-noTCN,Climatology,3,14179000,-0.5968663703773017
TR-noTCN,Climatology,3,14185000,-0.5931220157969626
TR-noTCN,Climatology,3,14210000,-0.9396364972734433
TR-noTCN,Climatology,3,14211499,-0.41820754031481044
TR-noTCN,Climatology,3,14211500,-0.5095767483692613
TR-noTCN,Climatology,3,14320934,-0.801031319084869
TR-noTCN,Climatology,3,255534081324000,-0.23202762663069731
TR-noTCN,Climatology,7,01073319,-0.045197145479103584
TR-noTCN,Climatology,7,01104415,-0.05723024257913134
TR-noTCN,Climatology,7,01104455,-0.22760926934960257
TR-noTCN,Climatology,7,01104475,-0.14756171100064086
TR-noTCN,Climatology,7,01129500,-0.14130899731084323
TR-noTCN,Climatology,7,01400500,-0.08706996789289434
TR-noTCN,Climatology,7,01408029,-0.06712253327599882
TR-noTCN,Climatology,7,01425000,-0.42978121017024973
TR-noTCN,Climatology,7,01426500,-0.1708034467448254
TR-noTCN,Climatology,7,01427207,-0.032107171859243167
TR-noTCN,Climatology,7,01428500,-0.08707530060122037
TR-noTCN,Climatology,7,01463500,-0.1098795095371714
TR-noTCN,Climatology,7,01480617,-0.06397769776428608
TR-noTCN,Climatology,7,01540500,-0.18303588214709166
TR-noTCN,Climatology,7,01542500,-0.09839111509358345
TR-noTCN,Climatology,7,01549700,-0.14460619959634613
TR-noTCN,Climatology,7,02110701,-0.09940358490137458
TR-noTCN,Climatology,7,02176930,-0.15450861123854898
TR-noTCN,Climatology,7,02266300,-0.1748420763966836
TR-noTCN,Climatology,7,02330450,-0.0880387582611235
TR-noTCN,Climatology,7,02334430,-1.3357166118992052
TR-noTCN,Climatology,7,02334885,-0.0970821843662768
TR-noTCN,Climatology,7,02336120,-0.08520850322224982
TR-noTCN,Climatology,7,02336300,-0.08841620903075631
TR-noTCN,Climatology,7,02336728,-0.6329101404495132
TR-noTCN,Climatology,7,02397000,-0.13138548036689035
TR-noTCN,Climatology,7,02455980,-0.05968081169558337
TR-noTCN,Climatology,7,02458450,-0.12586754547605672
TR-noTCN,Climatology,7,02474560,-0.3235480266147115
TR-noTCN,Climatology,7,03007800,-0.14109029353251223
TR-noTCN,Climatology,7,03034000,-0.15648862274589748
TR-noTCN,Climatology,7,03036000,-0.2930215744529916
TR-noTCN,Climatology,7,03047000,-0.09376651208684406
TR-noTCN,Climatology,7,03077500,-0.7775327144881534
TR-noTCN,Climatology,7,03105500,-0.25432322157866816
TR-noTCN,Climatology,7,03106000,-0.08352140160516619
TR-noTCN,Climatology,7,03301900,-0.11629695019582575
TR-noTCN,Climatology,7,03353200,-0.059672245489890585
TR-noTCN,Climatology,7,03456991,-0.1399726000796495
TR-noTCN,Climatology,7,04027000,-0.15980472485423558
TR-noTCN,Climatology,7,04043238,-0.04097190783457405
TR-noTCN,Climatology,7,04043244,-0.0270977695643555
TR-noTCN,Climatology,7,04067500,-0.04970879414521234
TR-noTCN,Climatology,7,04077630,0.012316882368128335
TR-noTCN,Climatology,7,04124200,-0.31371357438676994
TR-noTCN,Climatology,7,04125460,-0.011330133907050177
TR-noTCN,Climatology,7,04137005,-0.17263307117664506
TR-noTCN,Climatology,7,04176500,-0.07801518625363357
TR-noTCN,Climatology,7,04208000,-0.08345275759428805
TR-noTCN,Climatology,7,05054000,-0.5015071736220049
TR-noTCN,Climatology,7,05057000,-0.21027529312244608
TR-noTCN,Climatology,7,05289800,-0.18161221105471315
TR-noTCN,Climatology,7,05331833,-0.06401149668743034
TR-noTCN,Climatology,7,05370000,-0.12584178043560756
TR-noTCN,Climatology,7,05382255,0.006493578249918919
TR-noTCN,Climatology,7,05382257,-0.04351118545254251
TR-noTCN,Climatology,7,05406457,-0.024574013556651453
TR-noTCN,Climatology,7,05458300,-0.09262375579992677
TR-noTCN,Climatology,7,05517000,-0.11613913305178114
TR-noTCN,Climatology,7,06036805,-0.15846279219592652
TR-noTCN,Climatology,7,06036905,-0.11614472866491754
TR-noTCN,Climatology,7,06036940,-0.08513272064766308
TR-noTCN,Climatology,7,06041000,-0.14981946445102
TR-noTCN,Climatology,7,06623800,0.0005613165806163112
TR-noTCN,Climatology,7,06894000,-0.06046274904854654
TR-noTCN,Climatology,7,06934500,-0.20247209557371493
TR-noTCN,Climatology,7,07106000,0.05408369275552993
TR-noTCN,Climatology,7,07178200,-0.3127204229551128
TR-noTCN,Climatology,7,07194880,-0.07602617440095494
TR-noTCN,Climatology,7,07332622,-0.11659363567249104
TR-noTCN,Climatology,7,08048000,-0.24587967337131644
TR-noTCN,Climatology,7,08052700,-0.04913085126019823
TR-noTCN,Climatology,7,08065350,-0.24711320959885663
TR-noTCN,Climatology,7,08070200,-0.1687542649865712
TR-noTCN,Climatology,7,08123850,-0.042134568558704455
TR-noTCN,Climatology,7,09136100,-0.5409349547515874
TR-noTCN,Climatology,7,09144250,-0.5008003097623841
TR-noTCN,Climatology,7,09149500,-0.12031821823541855
TR-noTCN,Climatology,7,09163500,-0.4267544387306377
TR-noTCN,Climatology,7,09180000,-0.4497777055366434
TR-noTCN,Climatology,7,09261000,-0.08224665260610031
TR-noTCN,Climatology,7,09302000,-0.4410424948386753
TR-noTCN,Climatology,7,09380000,-2.81478696215719
TR-noTCN,Climatology,7,10129900,-0.2947197926661185
TR-noTCN,Climatology,7,10301500,-0.13825968986291204
TR-noTCN,Climatology,7,10351600,-0.3947030108344658
TR-noTCN,Climatology,7,11262900,-0.015277600489122634
TR-noTCN,Climatology,7,11467000,-0.2112302319030943
TR-noTCN,Climatology,7,11507500,-0.18390805207074568
TR-noTCN,Climatology,7,12056500,-0.2107821257015553
TR-noTCN,Climatology,7,12115000,-0.17143264196977637
TR-noTCN,Climatology,7,12117600,-0.2478871117860909
TR-noTCN,Climatology,7,12210700,-0.15697663938475648
TR-noTCN,Climatology,7,12212050,-0.13264722511062121
TR-noTCN,Climatology,7,12213100,-0.27937364373992035
TR-noTCN,Climatology,7,12363000,-0.3425062270651902
TR-noTCN,Climatology,7,12398600,-0.7902588975532531
TR-noTCN,Climatology,7,13018350,-0.09199013050075289
TR-noTCN,Climatology,7,13154500,-0.21794728017864684
TR-noTCN,Climatology,7,13317660,-0.35943477570938553
TR-noTCN,Climatology,7,13342500,-0.21302550086038785
TR-noTCN,Climatology,7,14091500,-0.0004528931133752634
TR-noTCN,Climatology,7,14150800,-0.2904139429720982
TR-noTCN,Climatology,7,14151000,-1.274985612656107
TR-noTCN,Climatology,7,14152000,-0.5465594222520673
TR-noTCN,Climatology,7,14153500,-1.4226287103143738
TR-noTCN,Climatology,7,14154500,-0.5806045878914037
TR-noTCN,Climatology,7,14159500,-0.4381735335029724
TR-noTCN,Climatology,7,14161500,-0.3031251728000821
TR-noTCN,Climatology,7,14179000,-0.37819440319614217
TR-noTCN,Climatology,7,14185000,-0.29561779322427584
TR-noTCN,Climatology,7,14210000,-0.5328287546264863
TR-noTCN,Climatology,7,14211499,-0.10983736771698527
TR-noTCN,Climatology,7,14211500,-0.1341980110356018
TR-noTCN,Climatology,7,14320934,-0.3896096773298521
TR-noTCN,Climatology,7,255534081324000,-0.04503544253009584
TR-unbounded,Persistence,1,01073319,-0.2507485064021674
TR-unbounded,Persistence,1,01104415,-0.1963918389492635
TR-unbounded,Persistence,1,01104455,-0.11108880174005564
TR-unbounded,Persistence,1,01104475,-0.13998828686543818
TR-unbounded,Persistence,1,01129500,-0.23891265676190243
TR-unbounded,Persistence,1,01400500,-0.35260353835364955
TR-unbounded,Persistence,1,01408029,-0.369675240265558
TR-unbounded,Persistence,1,01425000,0.022506278051337758
TR-unbounded,Persistence,1,01426500,-0.051581350976224294
TR-unbounded,Persistence,1,01427207,-0.27186241270977773
TR-unbounded,Persistence,1,01428500,-0.2698069920211652
TR-unbounded,Persistence,1,01463500,-0.2407137915123066
TR-unbounded,Persistence,1,01480617,-0.2409799699830657
TR-unbounded,Persistence,1,01540500,-0.18162282484433373
TR-unbounded,Persistence,1,01542500,-0.2596431076695829
TR-unbounded,Persistence,1,01549700,-0.2852376604288014
TR-unbounded,Persistence,1,02110701,-0.3863050401268946
TR-unbounded,Persistence,1,02176930,-0.22665941369749387
TR-unbounded,Persistence,1,02266300,-0.26323816892706553
TR-unbounded,Persistence,1,02330450,-0.18080951827192937
TR-unbounded,Persistence,1,02334430,0.1521096982176037
TR-unbounded,Persistence,1,02334885,-0.3512678206796267
TR-unbounded,Persistence,1,02336120,-0.35075158716265065
TR-unbounded,Persistence,1,02336300,-0.3561335287440589
TR-unbounded,Persistence,1,02336728,-0.004762774054815622
TR-unbounded,Persistence,1,02397000,-0.21960690835602925
TR-unbounded,Persistence,1,02455980,-0.2879757629627687
TR-unbounded,Persistence,1,02458450,-0.2814210626312875
TR-unbounded,Persistence,1,02474560,-0.26019795054519657
TR-unbounded,Persistence,1,03007800,-0.3200834937934246
TR-unbounded,Persistence,1,03034000,-0.33221659626246847
TR-unbounded,Persistence,1,03036000,0.015124204063178825
TR-unbounded,Persistence,1,03047000,-0.050434873004744585
TR-unbounded,Persistence,1,03077500,0.04306172502735667
TR-unbounded,Persistence,1,03105500,-0.30174620895914517
TR-unbounded,Persistence,1,03106000,-0.3872099365470576
TR-unbounded,Persistence,1,03301900,-0.2737109866053592
TR-unbounded,Persistence,1,03353200,-0.3834315561326991
TR-unbounded,Persistence,1,03456991,-0.25547314430260537
TR-unbounded,Persistence,1,04027000,-0.2860003449404125
TR-unbounded,Persistence,1,04043238,-0.16742857033475
TR-unbounded,Persistence,1,04043244,-0.171716694331841
TR-unbounded,Persistence,1,04067500,-0.17777986662498763
TR-unbounded,Persistence,1,04077630,-0.21348074548728424
TR-unbounded,Persistence,1,04124200,0.08576682473280639
TR-unbounded,Persistence,1,04125460,-0.2326584510468228
TR-unbounded,Persistence,1,04137005,-0.018396959799481305
TR-unbounded,Persistence,1,04176500,-0.22575124376615746
TR-unbounded,Persistence,1,04208000,-0.36175492071068827
TR-unbounded,Persistence,1,05054000,-0.079474913846388
TR-unbounded,Persistence,1,05057000,-0.22577244511249928
TR-unbounded,Persistence,1,05289800,-0.14652400358051665
TR-unbounded,Persistence,1,05331833,-0.14418059086737878
TR-unbounded,Persistence,1,05370000,-0.022204853787721357
TR-unbounded,Persistence,1,05382255,-0.06708546088564538
TR-unbounded,Persistence,1,05382257,-0.1199714012746742
TR-unbounded,Persistence,1,05406457,-0.015301047375309351
TR-unbounded,Persistence,1,05458300,-0.2977937354644391
TR-unbounded,Persistence,1,05517000,-0.2957349503069824
TR-unbounded,Persistence,1,06036805,-0.11192036225140611
TR-unbounded,Persistence,1,06036905,-0.12711490613053322
TR-unbounded,Persistence,1,06036940,-0.030123351083641392
TR-unbounded,Persistence,1,06041000,-0.12175570586257517
TR-unbounded,Persistence,1,06623800,-0.03612693380376841
TR-unbounded,Persistence,1,06894000,-0.336639017059155
TR-unbounded,Persistence,1,06934500,-0.153381026726301
TR-unbounded,Persistence,1,07106000,-0.1165723256024307
TR-unbounded,Persistence,1,07178200,-0.23206081561541714
TR-unbounded,Persistence,1,07194880,-0.10568539493284024
TR-unbounded,Persistence,1,07332622,-0.2876208608683156
TR-unbounded,Persistence,1,08048000,-0.17991355645308782
TR-unbounded,Persistence,1,08052700,-0.3632126489070371
TR-unbounded,Persistence,1,08065350,-0.2115937647955518
TR-unbounded,Persistence,1,08070200,-0.23115107281936986
TR-unbounded,Persistence,1,08123850,-0.3688036347940361
TR-unbounded,Persistence,1,09136100,-0.0850641330103803
TR-unbounded,Persistence,1,09144250,-0.09963822086182705
TR-unbounded,Persistence,1,09149500,-0.1258336125165621
TR-unbounded,Persistence,1,09163500,-0.1433026794223169
TR-unbounded,Persistence,1,09180000,-0.12187533371786585
TR-unbounded,Persistence,1,09261000,-0.14016511430985834
TR-unbounded,Persistence,1,09302000,-0.08883705787179852
TR-unbounded,Persistence,1,09380000,0.010120373273197647
TR-unbounded,Persistence,1,10129900,-0.0684314635757961
TR-unbounded,Persistence,1,10301500,-0.14653073269209294
TR-unbounded,Persistence,1,10351600,-0.21784288349629521
TR-unbounded,Persistence,1,11262900,-0.16483846110382816
TR-unbounded,Persistence,1,11467000,-0.09754530322922528
TR-unbounded,Persistence,1,11507500,-0.22097506997014194
TR-unbounded,Persistence,1,12056500,-0.052809112045710704
TR-unbounded,Persistence,1,12115000,0.016511551726748397
TR-unbounded,Persistence,1,12117600,0.01887908252807341
TR-unbounded,Persistence,1,12210700,-0.07570182079810395
TR-unbounded,Persistence,1,12212050,-0.07684525858710611
TR-unbounded,Persistence,1,12213100,-0.15078219788267655
TR-unbounded,Persistence,1,12363000,-0.08148238354783433
TR-unbounded,Persistence,1,12398600,-0.004975841909284073
TR-unbounded,Persistence,1,13018350,-0.1280630094100883
TR-unbounded,Persistence,1,13154500,-0.034034134743655964
TR-unbounded,Persistence,1,13317660,-0.07538840378417988
TR-unbounded,Persistence,1,13342500,-0.06692591494837413
TR-unbounded,Persistence,1,14091500,-0.05339630003085538
TR-unbounded,Persistence,1,14150800,-0.1549564557665235
TR-unbounded,Persistence,1,14151000,-0.01308601988270619
TR-unbounded,Persistence,1,14152000,-0.017145240917387172
TR-unbounded,Persistence,1,14153500,0.013416621701325293
TR-unbounded,Persistence,1,14154500,-0.17610193204779978
TR-unbounded,Persistence,1,14159500,0.025733475261601413
TR-unbounded,Persistence,1,14161500,-0.05964104681193477
TR-unbounded,Persistence,1,14179000,-0.054069116478326074
TR-unbounded,Persistence,1,14185000,-0.13185966103345287
TR-unbounded,Persistence,1,14210000,-0.027095418584778708
TR-unbounded,Persistence,1,14211499,-0.1542401278751503
TR-unbounded,Persistence,1,14211500,-0.18951889762551133
TR-unbounded,Persistence,1,14320934,-0.13410265826673218
TR-unbounded,Persistence,1,255534081324000,-0.23526346422855837
TR-unbounded,Persistence,3,01073319,-0.4254744483260193
TR-unbounded,Persistence,3,01104415,-0.39003553071451913
TR-unbounded,Persistence,3,01104455,-0.20274903384578646
TR-unbounded,Persistence,3,01104475,-0.26036297637137373
TR-unbounded,Persistence,3,01129500,-0.4118251127076269
TR-unbounded,Persistence,3,01400500,-0.4374348224077331
TR-unbounded,Persistence,3,01408029,-0.5009008328072262
TR-unbounded,Persistence,3,01425000,0.014538435408834594
TR-unbounded,Persistence,3,01426500,-0.17151927605066208
TR-unbounded,Persistence,3,01427207,-0.4268219639528865
TR-unbounded,Persistence,3,01428500,-0.43189117388823406
TR-unbounded,Persistence,3,01463500,-0.3889966939213716
TR-unbounded,Persistence,3,01480617,-0.44021447047051754
TR-unbounded,Persistence,3,01540500,-0.3776770501708777
TR-unbounded,Persistence,3,01542500,-0.42227118338487246
TR-unbounded,Persistence,3,01549700,-0.472655384058531
TR-unbounded,Persistence,3,02110701,-0.537808272367847
TR-unbounded,Persistence,3,02176930,-0.4309489199962213
TR-unbounded,Persistence,3,02266300,-0.3303088153173468
TR-unbounded,Persistence,3,02330450,-0.39701256467342416
TR-unbounded,Persistence,3,02334430,0.17500683575152837
TR-unbounded,Persistence,3,02334885,-0.4786485010823964
TR-unbounded,Persistence,3,02336120,-0.500587525158074
TR-unbounded,Persistence,3,02336300,-0.5135994028805664
TR-unbounded,Persistence,3,02336728,0.25666024201903537
TR-unbounded,Persistence,3,02397000,-0.3765768873598869
TR-unbounded,Persistence,3,02455980,-0.3990995772070094
TR-unbounded,Persistence,3,02458450,-0.38842569640018043
TR-unbounded,Persistence,3,02474560,-0.3665453910673204
TR-unbounded,Persistence,3,03007800,-0.46431509678393534
TR-unbounded,Persistence,3,03034000,-0.4807941288950759
TR-unbounded,Persistence,3,03036000,-0.2470238185081296
TR-unbounded,Persistence,3,03047000,-0.4156508241412049
TR-unbounded,Persistence,3,03077500,-0.05545210829649605
TR-unbounded,Persistence,3,03105500,-0.4462796144486454
TR-unbounded,Persistence,3,03106000,-0.5732853727385501
TR-unbounded,Persistence,3,03301900,-0.4480367224428281
TR-unbounded,Persistence,3,03353200,-0.5307374972412207
TR-unbounded,Persistence,3,03456991,-0.3886560769566474
TR-unbounded,Persistence,3,04027000,-0.40520336990442973
TR-unbounded,Persistence,3,04043238,-0.3058119957100025
TR-unbounded,Persistence,3,04043244,-0.29419331898017953
TR-unbounded,Persistence,3,04067500,-0.25512728401014195
TR-unbounded,Persistence,3,04077630,-0.38857806695790353
TR-unbounded,Persistence,3,04124200,-0.04959482557376238
TR-unbounded,Persistence,3,04125460,-0.3142178946346963
TR-unbounded,Persistence,3,04137005,-0.18950933609274445
TR-unbounded,Persistence,3,04176500,-0.35823766100731125
TR-unbounded,Persistence,3,04208000,-0.47351901233123916
TR-unbounded,Persistence,3,05054000,-0.21453115604388373
TR-unbounded,Persistence,3,05057000,-0.32106481642300744
TR-unbounded,Persistence,3,05289800,-0.2861367420314378
TR-unbounded,Persistence,3,05331833,-0.30363387466114444
TR-unbounded,Persistence,3,05370000,-0.13655929691460778
TR-unbounded,Persistence,3,05382255,-0.21703110551581295
TR-unbounded,Persistence,3,05382257,-0.4248509485517602
TR-unbounded,Persistence,3,05406457,-0.16707385589433632
TR-unbounded,Persistence,3,05458300,-0.4260340953402264
TR-unbounded,Persistence,3,05517000,-0.44502683050171443
TR-unbounded,Persistence,3,06036805,-0.2849922495854016
TR-unbounded,Persistence,3,06036905,-0.3331745852496859
TR-unbounded,Persistence,3,06036940,-0.14640615107753163
TR-unbounded,Persistence,3,06041000,-0.25144281602697705
TR-unbounded,Persistence,3,06623800,-0.1792382329703366
TR-unbounded,Persistence,3,06894000,-0.4730413000378384
TR-unbounded,Persistence,3,06934500,-0.28834973925678076
TR-unbounded,Persistence,3,07106000,-0.37053275214809966
TR-unbounded,Persistence,3,07178200,-0.2747582715975019
TR-unbounded,Persistence,3,07194880,-0.24862848771808688
TR-unbounded,Persistence,3,07332622,-0.4631885137046601
TR-unbounded,Persistence,3,08048000,-0.23500437283396391
TR-unbounded,Persistence,3,08052700,-0.5812969199711948
TR-unbounded,Persistence,3,08065350,-0.33355755776083296
TR-unbounded,Persistence,3,08070200,-0.3690077460638206
TR-unbounded,Persistence,3,08123850,-0.4888947582492231
TR-unbounded,Persistence,3,09136100,-0.2251478038548187
TR-unbounded,Persistence,3,09144250,-0.2159536030525897
TR-unbounded,Persistence,3,09149500,-0.29486139829713887
TR-unbounded,Persistence,3,09163500,-0.2831186946001154
TR-unbounded,Persistence,3,09180000,-0.30893813496065414
TR-unbounded,Persistence,3,09261000,-0.31744383572269297
TR-unbounded,Persistence,3,09302000,-0.26396161055550604
TR-unbounded,Persistence,3,09380000,0.005246902712610635
TR-unbounded,Persistence,3,10129900,-0.17703440625754108
TR-unbounded,Persistence,3,10301500,-0.3110015962370014
TR-unbounded,Persistence,3,10351600,-0.3405563786183958
TR-unbounded,Persistence,3,11262900,-0.32848813707720015
TR-unbounded,Persistence,3,11467000,-0.1777426690569497
TR-unbounded,Persistence,3,11507500,-0.3027690937496179
TR-unbounded,Persistence,3,12056500,-0.09588459930462834
TR-unbounded,Persistence,3,12115000,-0.008132844570135411
TR-unbounded,Persistence,3,12117600,-0.037282655305222234
TR-unbounded,Persistence,3,12210700,-0.16390771886558486
TR-unbounded,Persistence,3,12212050,-0.15296580468823873
TR-unbounded,Persistence,3,12213100,-0.22203723704453426
TR-unbounded,Persistence,3,12363000,-0.12095395397476028
TR-unbounded,Persistence,3,12398600,-0.15340680095222226
TR-unbounded,Persistence,3,13018350,-0.29757259591252394
TR-unbounded,Persistence,3,13154500,-0.16062536726120902
TR-unbounded,Persistence,3,13317660,-0.1703090307600662
TR-unbounded,Persistence,3,13342500,-0.11318659250466734
TR-unbounded,Persistence,3,14091500,-0.11705965111570071
TR-unbounded,Persistence,3,14150800,-0.23755143913576404
TR-unbounded,Persistence,3,14151000,-0.057092197054095406
TR-unbounded,Persistence,3,14152000,-0.06118424801250799
TR-unbounded,Persistence,3,14153500,-0.06950567132486163
TR-unbounded,Persistence,3,14154500,-0.2562286359910044
TR-unbounded,Persistence,3,14159500,-0.029931063857840612
TR-unbounded,Persistence,3,14161500,-0.11571045138109293
TR-unbounded,Persistence,3,14179000,-0.10990107894037482
TR-unbounded,Persistence,3,14185000,-0.20254777786544276
TR-unbounded,Persistence,3,14210000,-0.15339711401950495
TR-unbounded,Persistence,3,14211499,-0.2338644426757852
TR-unbounded,Persistence,3,14211500,-0.27484275641585487
TR-unbounded,Persistence,3,14320934,-0.16463775363443744
TR-unbounded,Persistence,3,255534081324000,-0.43318976432768563
TR-unbounded,Persistence,7,01073319,-0.8171188346590406
TR-unbounded,Persistence,7,01104415,-0.5565750526312163
TR-unbounded,Persistence,7,01104455,-0.37556477763658225
TR-unbounded,Persistence,7,01104475,-0.38364372517013123
TR-unbounded,Persistence,7,01129500,-0.7197566491631917
TR-unbounded,Persistence,7,01400500,-0.7600954212691549
TR-unbounded,Persistence,7,01408029,-0.7117682463880426
TR-unbounded,Persistence,7,01425000,-0.08637417856753427
TR-unbounded,Persistence,7,01426500,-0.2927605396950901
TR-unbounded,Persistence,7,01427207,-0.6763405866466738
TR-unbounded,Persistence,7,01428500,-0.753668176814938
TR-unbounded,Persistence,7,01463500,-0.6568386558165114
TR-unbounded,Persistence,7,01480617,-0.6523463083092365
TR-unbounded,Persistence,7,01540500,-0.7192552958807847
TR-unbounded,Persistence,7,01542500,-0.7347830326121358
TR-unbounded,Persistence,7,01549700,-0.8002586414207742
TR-unbounded,Persistence,7,02110701,-0.7740373852487759
TR-unbounded,Persistence,7,02176930,-0.6037346938736599
TR-unbounded,Persistence,7,02266300,-0.4901914382164265
TR-unbounded,Persistence,7,02330450,-0.5920325264582262
TR-unbounded,Persistence,7,02334430,0.07653497207678867
TR-unbounded,Persistence,7,02334885,-0.6550493826674031
TR-unbounded,Persistence,7,02336120,-0.6992850830328714
TR-unbounded,Persistence,7,02336300,-0.7276962724674996
TR-unbounded,Persistence,7,02336728,0.5773298968366818
TR-unbounded,Persistence,7,02397000,-0.540237276283297
TR-unbounded,Persistence,7,02455980,-0.5619537204918026
TR-unbounded,Persistence,7,02458450,-0.5640779552700086
TR-unbounded,Persistence,7,02474560,-0.6056217911856021
TR-unbounded,Persistence,7,03007800,-0.7296510275461059
TR-unbounded,Persistence,7,03034000,-0.7557795258898392
TR-unbounded,Persistence,7,03036000,-0.5732676985079053
TR-unbounded,Persistence,7,03047000,-0.6849993081449111
TR-unbounded,Persistence,7,03077500,-0.3540994582814878
TR-unbounded,Persistence,7,03105500,-0.6727495621805777
TR-unbounded,Persistence,7,03106000,-0.8906013128275614
TR-unbounded,Persistence,7,03301900,-0.5831080479162343
TR-unbounded,Persistence,7,03353200,-0.817162643743703
TR-unbounded,Persistence,7,03456991,-0.6150822711273907
TR-unbounded,Persistence,7,04027000,-0.8247650440663783
TR-unbounded,Persistence,7,04043238,-0.6826069853693648
TR-unbounded,Persistence,7,04043244,-0.6371985221873053
TR-unbounded,Persistence,7,04067500,-0.7204638369495271
TR-unbounded,Persistence,7,04077630,-0.8185985709499866
TR-unbounded,Persistence,7,04124200,-0.4265095663691213
TR-unbounded,Persistence,7,04125460,-0.5952824307625288
TR-unbounded,Persistence,7,04137005,-0.537211600632709
TR-unbounded,Persistence,7,04176500,-0.7071980036529171
TR-unbounded,Persistence,7,04208000,-0.805282837814739
TR-unbounded,Persistence,7,05054000,-0.6608714691062292
TR-unbounded,Persistence,7,05057000,-0.7414873899060748
TR-unbounded,Persistence,7,05289800,-0.781227171485301
TR-unbounded,Persistence,7,05331833,-0.6527690612205421
TR-unbounded,Persistence,7,05370000,-0.5568457173774857
TR-unbounded,Persistence,7,05382255,-0.5445024094082729
TR-unbounded,Persistence,7,05382257,-0.6940895899039647
TR-unbounded,Persistence,7,05406457,-0.3032200710729642
TR-unbounded,Persistence,7,05458300,-0.8893357771732857
TR-unbounded,Persistence,7,05517000,-0.7708145532690032
TR-unbounded,Persistence,7,06036805,-0.4991706661718873
TR-unbounded,Persistence,7,06036905,-0.5752127515680245
TR-unbounded,Persistence,7,06036940,-0.2889774743768809
TR-unbounded,Persistence,7,06041000,-0.5339598139567308
TR-unbounded,Persistence,7,06623800,-0.48332532694634645
TR-unbounded,Persistence,7,06894000,-0.8282787383680477
TR-unbounded,Persistence,7,06934500,-0.6366681442502342
TR-unbounded,Persistence,7,07106000,-0.6888589388799793
TR-unbounded,Persistence,7,07178200,-0.5600655230226916
TR-unbounded,Persistence,7,07194880,-0.4246684010731485
TR-unbounded,Persistence,7,07332622,-0.8437603255747894
TR-unbounded,Persistence,7,08048000,-0.5416198448316596
TR-unbounded,Persistence,7,08052700,-1.0209927910866683
TR-unbounded,Persistence,7,08065350,-0.643599496962902
TR-unbounded,Persistence,7,08070200,-0.6871653269013387
TR-unbounded,Persistence,7,08123850,-0.8665673965418721
TR-unbounded,Persistence,7,09136100,-0.40394716469384284
TR-unbounded,Persistence,7,09144250,-0.3831841537896845
TR-unbounded,Persistence,7,09149500,-0.4700690943640673
TR-unbounded,Persistence,7,09163500,-0.5550726043770435
TR-unbounded,Persistence,7,09180000,-0.5792153458289631
TR-unbounded,Persistence,7,09261000,-0.6248544453954696
TR-unbounded,Persistence,7,09302000,-0.5781966539535028
TR-unbounded,Persistence,7,09380000,0.03976825559452557
TR-unbounded,Persistence,7,10129900,-0.38561112683342635
TR-unbounded,Persistence,7,10301500,-0.6285710538316074
TR-unbounded,Persistence,7,10351600,-0.5164910560581097
TR-unbounded,Persistence,7,11262900,-0.6243079427073521
TR-unbounded,Persistence,7,11467000,-0.33183954955727635
TR-unbounded,Persistence,7,11507500,-0.5990550880646208
TR-unbounded,Persistence,7,12056500,-0.21796398036903208
TR-unbounded,Persistence,7,12115000,-0.14754390738056078
TR-unbounded,Persistence,7,12117600,-0.18029245634944413
TR-unbounded,Persistence,7,12210700,-0.35741458062125653
TR-unbounded,Persistence,7,12212050,-0.30768733758133493
TR-unbounded,Persistence,7,12213100,-0.3505691472513923
TR-unbounded,Persistence,7,12363000,-0.29745931090334454
TR-unbounded,Persistence,7,12398600,-0.4506450426766472
TR-unbounded,Persistence,7,13018350,-0.5340303899693066
TR-unbounded,Persistence,7,13154500,-0.24462177557466114
TR-unbounded,Persistence,7,13317660,-0.42324414109082964
TR-unbounded,Persistence,7,13342500,-0.2757943009345827
TR-unbounded,Persistence,7,14091500,-0.2170932012964869
TR-unbounded,Persistence,7,14150800,-0.4873736837332481
TR-unbounded,Persistence,7,14151000,-0.1600431137138596
TR-unbounded,Persistence,7,14152000,-0.19153175243640175
TR-unbounded,Persistence,7,14153500,-0.17596020209155327
TR-unbounded,Persistence,7,14154500,-0.451587516040471
TR-unbounded,Persistence,7,14159500,-0.18104365172943415
TR-unbounded,Persistence,7,14161500,-0.3049090730214683
TR-unbounded,Persistence,7,14179000,-0.24347027015201284
TR-unbounded,Persistence,7,14185000,-0.4146314860355367
TR-unbounded,Persistence,7,14210000,-0.30723454862637345
TR-unbounded,Persistence,7,14211499,-0.518204338756334
TR-unbounded,Persistence,7,14211500,-0.5854132510971573
TR-unbounded,Persistence,7,14320934,-0.35684320369210276
TR-unbounded,Persistence,7,255534081324000,-0.7751111829024857
TR-unbounded,DampedPersistence,1,01073319,-0.21407276576082757
TR-unbounded,DampedPersistence,1,01104415,-0.1274492640547472
TR-unbounded,DampedPersistence,1,01104455,-0.07932655539317957
TR-unbounded,DampedPersistence,1,01104475,-0.1078891844301777
TR-unbounded,DampedPersistence,1,01129500,-0.20332555831580468
TR-unbounded,DampedPersistence,1,01400500,-0.3147150309052634
TR-unbounded,DampedPersistence,1,01408029,-0.3197903839141448
TR-unbounded,DampedPersistence,1,01425000,0.03275252851246008
TR-unbounded,DampedPersistence,1,01426500,-0.020404995717225094
TR-unbounded,DampedPersistence,1,01427207,-0.23572910766130284
TR-unbounded,DampedPersistence,1,01428500,-0.24123538390666177
TR-unbounded,DampedPersistence,1,01463500,-0.21742570881492101
TR-unbounded,DampedPersistence,1,01480617,-0.19573076750624963
TR-unbounded,DampedPersistence,1,01540500,-0.1591219929669992
TR-unbounded,DampedPersistence,1,01542500,-0.22650520279994524
TR-unbounded,DampedPersistence,1,01549700,-0.2535148721365418
TR-unbounded,DampedPersistence,1,02110701,-0.3509917476603508
TR-unbounded,DampedPersistence,1,02176930,-0.1901562261632742
TR-unbounded,DampedPersistence,1,02266300,-0.24756115995944483
TR-unbounded,DampedPersistence,1,02330450,-0.14116405454950154
TR-unbounded,DampedPersistence,1,02334430,0.14045420239680392
TR-unbounded,DampedPersistence,1,02334885,-0.3211232959176218
TR-unbounded,DampedPersistence,1,02336120,-0.3105631936719465
TR-unbounded,DampedPersistence,1,02336300,-0.3143880606310753
TR-unbounded,DampedPersistence,1,02336728,-0.08028284686529741
TR-unbounded,DampedPersistence,1,02397000,-0.19949785797848996
TR-unbounded,DampedPersistence,1,02455980,-0.2441969673531189
TR-unbounded,DampedPersistence,1,02458450,-0.24258571604846668
TR-unbounded,DampedPersistence,1,02474560,-0.2473789389323804
TR-unbounded,DampedPersistence,1,03007800,-0.2836862337463456
TR-unbounded,DampedPersistence,1,03034000,-0.2928233429548729
TR-unbounded,DampedPersistence,1,03036000,0.03762265855715663
TR-unbounded,DampedPersistence,1,03047000,-0.028342260799448016
TR-unbounded,DampedPersistence,1,03077500,0.06712916411796399
TR-unbounded,DampedPersistence,1,03105500,-0.2698719487098459
TR-unbounded,DampedPersistence,1,03106000,-0.3472639269670674
TR-unbounded,DampedPersistence,1,03301900,-0.22726490705576563
TR-unbounded,DampedPersistence,1,03353200,-0.33575361629545797
TR-unbounded,DampedPersistence,1,03456991,-0.2185629675189319
TR-unbounded,DampedPersistence,1,04027000,-0.2446494139735499
TR-unbounded,DampedPersistence,1,04043238,-0.1267241857731617
TR-unbounded,DampedPersistence,1,04043244,-0.12826265171408258
TR-unbounded,DampedPersistence,1,04067500,-0.14537402609249944
TR-unbounded,DampedPersistence,1,04077630,-0.1761961463741185
TR-unbounded,DampedPersistence,1,04124200,0.12364892005067588
TR-unbounded,DampedPersistence,1,04125460,-0.20622435150865115
TR-unbounded,DampedPersistence,1,04137005,0.009459273327473816
TR-unbounded,DampedPersistence,1,04176500,-0.20020582587213437
TR-unbounded,DampedPersistence,1,04208000,-0.3265056174448119
TR-unbounded,DampedPersistence,1,05054000,-0.036335618361748534
TR-unbounded,DampedPersistence,1,05057000,-0.19104958989838572
TR-unbounded,DampedPersistence,1,05289800,-0.10799879997103612
TR-unbounded,DampedPersistence,1,05331833,-0.10354957800282083
TR-unbounded,DampedPersistence,1,05370000,0.006054706009800126
TR-unbounded,DampedPersistence,1,05382255,-0.03772131648938315
TR-unbounded,DampedPersistence,1,05382257,-0.016075357558187786
TR-unbounded,DampedPersistence,1,05406457,0.021295255013763836
TR-unbounded,DampedPersistence,1,05458300,-0.2687528052664785
TR-unbounded,DampedPersistence,1,05517000,-0.2685733386526409
TR-unbounded,DampedPersistence,1,06036805,-0.07036622987868313
TR-unbounded,DampedPersistence,1,06036905,-0.08510489976774438
TR-unbounded,DampedPersistence,1,06036940,-0.02749783313691001
TR-unbounded,DampedPersistence,1,06041000,-0.0979103967894524
TR-unbounded,DampedPersistence,1,06623800,0.0037843324538801015
TR-unbounded,DampedPersistence,1,06894000,-0.303609874398148
TR-unbounded,DampedPersistence,1,06934500,-0.11714908141935054
TR-unbounded,DampedPersistence,1,07106000,-0.03549684770534145
TR-unbounded,DampedPersistence,1,07178200,-0.21066014818082412
TR-unbounded,DampedPersistence,1,07194880,-0.06108505232483474
TR-unbounded,DampedPersistence,1,07332622,-0.24480417569280333
TR-unbounded,DampedPersistence,1,08048000,-0.16011419208493582
TR-unbounded,DampedPersistence,1,08052700,-0.294437981582081
TR-unbounded,DampedPersistence,1,08065350,-0.19447644454395308
TR-unbounded,DampedPersistence,1,08070200,-0.21577307962538528
TR-unbounded,DampedPersistence,1,08123850,-0.32850277268215355
TR-unbounded,DampedPersistence,1,09136100,-0.05827270357688874
TR-unbounded,DampedPersistence,1,09144250,-0.07844495450409383
TR-unbounded,DampedPersistence,1,09149500,-0.08639833184622892
TR-unbounded,DampedPersistence,1,09163500,-0.11892447473503254
TR-unbounded,DampedPersistence,1,09180000,-0.09556657853190309
TR-unbounded,DampedPersistence,1,09261000,-0.11488242043220298
TR-unbounded,DampedPersistence,1,09302000,-0.06297046070734957
TR-unbounded,DampedPersistence,1,09380000,-0.0006669591923143536
TR-unbounded,DampedPersistence,1,10129900,-0.04451514626090125
TR-unbounded,DampedPersistence,1,10301500,-0.11463343625286992
TR-unbounded,DampedPersistence,1,10351600,-0.2013393482140866
TR-unbounded,DampedPersistence,1,11262900,-0.12858017233981778
TR-unbounded,DampedPersistence,1,11467000,-0.08756873585190833
TR-unbounded,DampedPersistence,1,11507500,-0.198369923228625
TR-unbounded,DampedPersistence,1,12056500,-0.041239764805923784
TR-unbounded,DampedPersistence,1,12115000,0.025305083601425082
TR-unbounded,DampedPersistence,1,12117600,0.028439139842117933
TR-unbounded,DampedPersistence,1,12210700,-0.05394096023374717
TR-unbounded,DampedPersistence,1,12212050,-0.06397333464025479
TR-unbounded,DampedPersistence,1,12213100,-0.12730690638277742
TR-unbounded,DampedPersistence,1,12363000,-0.06588751576524904
TR-unbounded,DampedPersistence,1,12398600,0.02969411588612103
TR-unbounded,DampedPersistence,1,13018350,-0.08998074958690405
TR-unbounded,DampedPersistence,1,13154500,-0.024629217384226465
TR-unbounded,DampedPersistence,1,13317660,-0.047658260031032185
TR-unbounded,DampedPersistence,1,13342500,-0.05436555715712954
TR-unbounded,DampedPersistence,1,14091500,-0.026364343988408034
TR-unbounded,DampedPersistence,1,14150800,-0.13636875044738528
TR-unbounded,DampedPersistence,1,14151000,-0.007376804100729495
TR-unbounded,DampedPersistence,1,14152000,-0.008221953387991365
TR-unbounded,DampedPersistence,1,14153500,0.02646248237848514
TR-unbounded,DampedPersistence,1,14154500,-0.16226455957075325
TR-unbounded,DampedPersistence,1,14159500,0.03484534495881059
TR-unbounded,DampedPersistence,1,14161500,-0.04610423015152271
TR-unbounded,DampedPersistence,1,14179000,-0.04186338220702429
TR-unbounded,DampedPersistence,1,14185000,-0.11475341995164873
TR-unbounded,DampedPersistence,1,14210000,-0.012876084996083781
TR-unbounded,DampedPersistence,1,14211499,-0.13057371824628905
TR-unbounded,DampedPersistence,1,14211500,-0.16535889924001512
TR-unbounded,DampedPersistence,1,14320934,-0.12670943036530824
TR-unbounded,DampedPersistence,1,255534081324000,-0.19874447616564073
TR-unbounded,DampedPersistence,3,01073319,-0.18060014906416888
TR-unbounded,DampedPersistence,3,01104415,-0.07485287499034099
TR-unbounded,DampedPersistence,3,01104455,-0.06438701901455524
TR-unbounded,DampedPersistence,3,01104475,-0.056598231497446694
TR-unbounded,DampedPersistence,3,01129500,-0.1762173102186928
TR-unbounded,DampedPersistence,3,01400500,-0.1898421110555275
TR-unbounded,DampedPersistence,3,01408029,-0.17930093071598763
TR-unbounded,DampedPersistence,3,01425000,0.06899981460001259
TR-unbounded,DampedPersistence,3,01426500,-0.03305384971573733
TR-unbounded,DampedPersistence,3,01427207,-0.20367729004963486
TR-unbounded,DampedPersistence,3,01428500,-0.24215986644397058
TR-unbounded,DampedPersistence,3,01463500,-0.24159746682060512
TR-unbounded,DampedPersistence,3,01480617,-0.15266916566487065
TR-unbounded,DampedPersistence,3,01540500,-0.21744005065261263
TR-unbounded,DampedPersistence,3,01542500,-0.1822897874971794
TR-unbounded,DampedPersistence,3,01549700,-0.24223450516584055
TR-unbounded,DampedPersistence,3,02110701,-0.257247984103129
TR-unbounded,DampedPersistence,3,02176930,-0.18727398273111517
TR-unbounded,DampedPersistence,3,02266300,-0.14058688719454904
TR-unbounded,DampedPersistence,3,02330450,-0.1368560347945138
TR-unbounded,DampedPersistence,3,02334430,0.10181241249976852
TR-unbounded,DampedPersistence,3,02334885,-0.24996021106607613
TR-unbounded,DampedPersistence,3,02336120,-0.2211833535895249
TR-unbounded,DampedPersistence,3,02336300,-0.22492751532910082
TR-unbounded,DampedPersistence,3,02336728,0.027967260580740172
TR-unbounded,DampedPersistence,3,02397000,-0.24486133243069697
TR-unbounded,DampedPersistence,3,02455980,-0.1403117772194986
TR-unbounded,DampedPersistence,3,02458450,-0.15536644829017998
TR-unbounded,DampedPersistence,3,02474560,-0.22762225932609725
TR-unbounded,DampedPersistence,3,03007800,-0.21465511248116376
TR-unbounded,DampedPersistence,3,03034000,-0.2133916754307137
TR-unbounded,DampedPersistence,3,03036000,-0.12636899894081044
TR-unbounded,DampedPersistence,3,03047000,-0.2845571353302556
TR-unbounded,DampedPersistence,3,03077500,0.05402198194845509
TR-unbounded,DampedPersistence,3,03105500,-0.2364565752608574
TR-unbounded,DampedPersistence,3,03106000,-0.2860251848085982
TR-unbounded,DampedPersistence,3,03301900,-0.15687411564546272
TR-unbounded,DampedPersistence,3,03353200,-0.22879191523929898
TR-unbounded,DampedPersistence,3,03456991,-0.16571763992996535
TR-unbounded,DampedPersistence,3,04027000,-0.15503788600687818
TR-unbounded,DampedPersistence,3,04043238,-0.05665223416464804
TR-unbounded,DampedPersistence,3,04043244,-0.05410281561271102
TR-unbounded,DampedPersistence,3,04067500,-0.08852874190508775
TR-unbounded,DampedPersistence,3,04077630,-0.14967248087222096
TR-unbounded,DampedPersistence,3,04124200,0.09501701498527465
TR-unbounded,DampedPersistence,3,04125460,-0.11732202662178493
TR-unbounded,DampedPersistence,3,04137005,-0.06456585828695094
TR-unbounded,DampedPersistence,3,04176500,-0.20778316466214686
TR-unbounded,DampedPersistence,3,04208000,-0.22586883471287877
TR-unbounded,DampedPersistence,3,05054000,-0.037490171096089986
TR-unbounded,DampedPersistence,3,05057000,-0.12107053378206523
TR-unbounded,DampedPersistence,3,05289800,-0.09279515171418606
TR-unbounded,DampedPersistence,3,05331833,-0.06417132622569932
TR-unbounded,DampedPersistence,3,05370000,0.0086257233145689
TR-unbounded,DampedPersistence,3,05382255,-0.03434393322163487
TR-unbounded,DampedPersistence,3,05382257,-0.025247152665165196
TR-unbounded,DampedPersistence,3,05406457,0.003094437846974385
TR-unbounded,DampedPersistence,3,05458300,-0.22514407824015703
TR-unbounded,DampedPersistence,3,05517000,-0.20316282872016367
TR-unbounded,DampedPersistence,3,06036805,-0.0706451641675423
TR-unbounded,DampedPersistence,3,06036905,-0.05750470869220625
TR-unbounded,DampedPersistence,3,06036940,-0.06360616125046903
TR-unbounded,DampedPersistence,3,06041000,-0.11917742111804497
TR-unbounded,DampedPersistence,3,06623800,0.00026041363104623017
TR-unbounded,DampedPersistence,3,06894000,-0.25462528442875376
TR-unbounded,DampedPersistence,3,06934500,-0.1389212207689593
TR-unbounded,DampedPersistence,3,07106000,0.04351443659586751
TR-unbounded,DampedPersistence,3,07178200,-0.1279165410390506
TR-unbounded,DampedPersistence,3,07194880,-0.048857706002113366
TR-unbounded,DampedPersistence,3,07332622,-0.15543688341459982
TR-unbounded,DampedPersistence,3,08048000,-0.09374374682988029
TR-unbounded,DampedPersistence,3,08052700,-0.1462224865225572
TR-unbounded,DampedPersistence,3,08065350,-0.21313502108525295
TR-unbounded,DampedPersistence,3,08070200,-0.1983007068138154
TR-unbounded,DampedPersistence,3,08123850,-0.11805451958778823
TR-unbounded,DampedPersistence,3,09136100,-0.08714381668844084
TR-unbounded,DampedPersistence,3,09144250,-0.09288529170491744
TR-unbounded,DampedPersistence,3,09149500,-0.09051552699214804
TR-unbounded,DampedPersistence,3,09163500,-0.14960026886194022
TR-unbounded,DampedPersistence,3,09180000,-0.14015501248253992
TR-unbounded,DampedPersistence,3,09261000,-0.16130679704435846
TR-unbounded,DampedPersistence,3,09302000,-0.10721585242067255
TR-unbounded,DampedPersistence,3,09380000,-0.043413857227200814
TR-unbounded,DampedPersistence,3,10129900,-0.0450378645296432
TR-unbounded,DampedPersistence,3,10301500,-0.07405587811785663
TR-unbounded,DampedPersistence,3,10351600,-0.1864134937485391
TR-unbounded,DampedPersistence,3,11262900,-0.10048231034906863
TR-unbounded,DampedPersistence,3,11467000,-0.08538839843387591
TR-unbounded,DampedPersistence,3,11507500,-0.16268665049793518
TR-unbounded,DampedPersistence,3,12056500,-0.03586069482892129
TR-unbounded,DampedPersistence,3,12115000,0.03782143970955332
TR-unbounded,DampedPersistence,3,12117600,0.018739119067809784
TR-unbounded,DampedPersistence,3,12210700,-0.03854328166240584
TR-unbounded,DampedPersistence,3,12212050,-0.0529975396173199
TR-unbounded,DampedPersistence,3,12213100,-0.08160143201564707
TR-unbounded,DampedPersistence,3,12363000,-0.032504750705828145
TR-unbounded,DampedPersistence,3,12398600,-0.022351432079616318
TR-unbounded,DampedPersistence,3,13018350,-0.06649498673478016
TR-unbounded,DampedPersistence,3,13154500,-0.10672471640362957
TR-unbounded,DampedPersistence,3,13317660,-0.04887320842080922
TR-unbounded,DampedPersistence,3,13342500,-0.023838156566715507
TR-unbounded,DampedPersistence,3,14091500,0.0164785694873123
TR-unbounded,DampedPersistence,3,14150800,-0.10121587688173306
TR-unbounded,DampedPersistence,3,14151000,-0.017115008685507638
TR-unbounded,DampedPersistence,3,14152000,-0.012121680705124205
TR-unbounded,DampedPersistence,3,14153500,-0.013520300363350946
TR-unbounded,DampedPersistence,3,14154500,-0.1487402513491336
TR-unbounded,DampedPersistence,3,14159500,0.01693189287162311
TR-unbounded,DampedPersistence,3,14161500,-0.03728416004207413
TR-unbounded,DampedPersistence,3,14179000,-0.03362431241546038
TR-unbounded,DampedPersistence,3,14185000,-0.08815433209301005
TR-unbounded,DampedPersistence,3,14210000,-0.08347576082697339
TR-unbounded,DampedPersistence,3,14211499,-0.06086632025649141
TR-unbounded,DampedPersistence,3,14211500,-0.09177756139349413
TR-unbounded,DampedPersistence,3,14320934,-0.07938700780703023
TR-unbounded,DampedPersistence,3,255534081324000,-0.15727502049516384
TR-unbounded,DampedPersistence,7,01073319,-0.13074224008109114
TR-unbounded,DampedPersistence,7,01104415,-0.06731667637222127
TR-unbounded,DampedPersistence,7,01104455,-0.052254640733753854
TR-unbounded,DampedPersistence,7,01104475,-0.04946373322777009
TR-unbounded,DampedPersistence,7,01129500,-0.11163594140343736
TR-unbounded,DampedPersistence,7,01400500,-0.0856696937764867
TR-unbounded,DampedPersistence,7,01408029,-0.07529336519378793
TR-unbounded,DampedPersistence,7,01425000,0.07499594566642753
TR-unbounded,DampedPersistence,7,01426500,-0.020770625169362233
TR-unbounded,DampedPersistence,7,01427207,-0.07741906779218555
TR-unbounded,DampedPersistence,7,01428500,-0.1593098625270435
TR-unbounded,DampedPersistence,7,01463500,-0.1490475646612961
TR-unbounded,DampedPersistence,7,01480617,-0.05440237306840112
TR-unbounded,DampedPersistence,7,01540500,-0.16896859913068396
TR-unbounded,DampedPersistence,7,01542500,-0.06107697134903001
TR-unbounded,DampedPersistence,7,01549700,-0.1343681062782185
TR-unbounded,DampedPersistence,7,02110701,-0.09399899045854498
TR-unbounded,DampedPersistence,7,02176930,-0.07478716816177067
TR-unbounded,DampedPersistence,7,02266300,-0.10028373521344203
TR-unbounded,DampedPersistence,7,02330450,-0.05461861103427479
TR-unbounded,DampedPersistence,7,02334430,-0.1455574866755739
TR-unbounded,DampedPersistence,7,02334885,-0.09005018679646293
TR-unbounded,DampedPersistence,7,02336120,-0.0598778910374933
TR-unbounded,DampedPersistence,7,02336300,-0.07123148854866024
TR-unbounded,DampedPersistence,7,02336728,-0.006821163696087762
TR-unbounded,DampedPersistence,7,02397000,-0.12838000371535196
TR-unbounded,DampedPersistence,7,02455980,-0.03526580396936474
TR-unbounded,DampedPersistence,7,02458450,-0.05484919805092936
TR-unbounded,DampedPersistence,7,02474560,-0.12064048952737583
TR-unbounded,DampedPersistence,7,03007800,-0.09760988733227327
TR-unbounded,DampedPersistence,7,03034000,-0.116851788436521
TR-unbounded,DampedPersistence,7,03036000,-0.1418670769714434
TR-unbounded,DampedPersistence,7,03047000,-0.22657859995922225
TR-unbounded,DampedPersistence,7,03077500,0.013315709412328292
TR-unbounded,DampedPersistence,7,03105500,-0.09934484913397768
TR-unbounded,DampedPersistence,7,03106000,-0.1416773372524469
TR-unbounded,DampedPersistence,7,03301900,-0.049642875203245396
TR-unbounded,DampedPersistence,7,03353200,-0.08924211093962064
TR-unbounded,DampedPersistence,7,03456991,-0.0695206920012017
TR-unbounded,DampedPersistence,7,04027000,-0.12414563762050523
TR-unbounded,DampedPersistence,7,04043238,-0.05115560298727728
TR-unbounded,DampedPersistence,7,04043244,-0.05052150676927103
TR-unbounded,DampedPersistence,7,04067500,-0.15023321125366484
TR-unbounded,DampedPersistence,7,04077630,-0.11985417782141439
TR-unbounded,DampedPersistence,7,04124200,-0.012319683207997922
TR-unbounded,DampedPersistence,7,04125460,-0.08043019077716429
TR-unbounded,DampedPersistence,7,04137005,-0.11695607923174833
TR-unbounded,DampedPersistence,7,04176500,-0.18161802053119702
TR-unbounded,DampedPersistence,7,04208000,-0.12282538884506256
TR-unbounded,DampedPersistence,7,05054000,-0.09351786308623078
TR-unbounded,DampedPersistence,7,05057000,-0.08302155303078651
TR-unbounded,DampedPersistence,7,05289800,-0.14326237639857098
TR-unbounded,DampedPersistence,7,05331833,-0.04746130032927054
TR-unbounded,DampedPersistence,7,05370000,-0.06082464524294151
TR-unbounded,DampedPersistence,7,05382255,-0.01076323528493539
TR-unbounded,DampedPersistence,7,05382257,-0.03557383309324025
TR-unbounded,DampedPersistence,7,05406457,0.0029159688689548435
TR-unbounded,DampedPersistence,7,05458300,-0.2247653376201506
TR-unbounded,DampedPersistence,7,05517000,-0.10136711676190746
TR-unbounded,DampedPersistence,7,06036805,-0.08100744068668897
TR-unbounded,DampedPersistence,7,06036905,-0.06511026679698806
TR-unbounded,DampedPersistence,7,06036940,-0.11686310369553699
TR-unbounded,DampedPersistence,7,06041000,-0.08892008848601152
TR-unbounded,DampedPersistence,7,06623800,0.009979706271816657
TR-unbounded,DampedPersistence,7,06894000,-0.14446336949875205
TR-unbounded,DampedPersistence,7,06934500,-0.15572396406507227
TR-unbounded,DampedPersistence,7,07106000,0.018249221943204663
TR-unbounded,DampedPersistence,7,07178200,-0.06727762417564964
TR-unbounded,DampedPersistence,7,07194880,0.0008203785819529408
TR-unbounded,DampedPersistence,7,07332622,-0.07186968569333763
TR-unbounded,DampedPersistence,7,08048000,-0.08498224210656247
TR-unbounded,DampedPersistence,7,08052700,-0.04340183851799573
TR-unbounded,DampedPersistence,7,08065350,-0.19154639111531324
TR-unbounded,DampedPersistence,7,08070200,-0.10541387238448507
TR-unbounded,DampedPersistence,7,08123850,-0.01781816078542775
TR-unbounded,DampedPersistence,7,09136100,-0.10037277084258256
TR-unbounded,DampedPersistence,7,09144250,-0.06637598328074956
TR-unbounded,DampedPersistence,7,09149500,-0.05046633251323884
TR-unbounded,DampedPersistence,7,09163500,-0.11361917285925549
TR-unbounded,DampedPersistence,7,09180000,-0.10896065283005174
TR-unbounded,DampedPersistence,7,09261000,-0.12286687848268785
TR-unbounded,DampedPersistence,7,09302000,-0.10158949741918977
TR-unbounded,DampedPersistence,7,09380000,-0.14157577531945975
TR-unbounded,DampedPersistence,7,10129900,-0.02976137573169413
TR-unbounded,DampedPersistence,7,10301500,-0.03307305868358812
TR-unbounded,DampedPersistence,7,10351600,-0.1163743508038384
TR-unbounded,DampedPersistence,7,11262900,-0.08202349516708884
TR-unbounded,DampedPersistence,7,11467000,-0.04114951507369691
TR-unbounded,DampedPersistence,7,11507500,-0.12179491422471722
TR-unbounded,DampedPersistence,7,12056500,-0.025654563918922513
TR-unbounded,DampedPersistence,7,12115000,0.0018745316832985415
TR-unbounded,DampedPersistence,7,12117600,-0.017570894768382694
TR-unbounded,DampedPersistence,7,12210700,-0.035192576434866174
TR-unbounded,DampedPersistence,7,12212050,-0.03169622311896836
TR-unbounded,DampedPersistence,7,12213100,-0.04696766444032163
TR-unbounded,DampedPersistence,7,12363000,-0.041591621891376995
TR-unbounded,DampedPersistence,7,12398600,-0.047982962014384456
TR-unbounded,DampedPersistence,7,13018350,-0.028701540059577146
TR-unbounded,DampedPersistence,7,13154500,-0.05978877994576237
TR-unbounded,DampedPersistence,7,13317660,-0.00889783175534975
TR-unbounded,DampedPersistence,7,13342500,-0.0028233548075082826
TR-unbounded,DampedPersistence,7,14091500,0.0047395187405506745
TR-unbounded,DampedPersistence,7,14150800,-0.1010539967424462
TR-unbounded,DampedPersistence,7,14151000,-0.02322358327101748
TR-unbounded,DampedPersistence,7,14152000,-0.02156582087596981
TR-unbounded,DampedPersistence,7,14153500,0.00910513574624816
TR-unbounded,DampedPersistence,7,14154500,-0.11951645368867303
TR-unbounded,DampedPersistence,7,14159500,-0.014917844305839756
TR-unbounded,DampedPersistence,7,14161500,-0.055068391106829706
TR-unbounded,DampedPersistence,7,14179000,-0.05659205557974478
TR-unbounded,DampedPersistence,7,14185000,-0.07556545888250366
TR-unbounded,DampedPersistence,7,14210000,-0.06211233034763053
TR-unbounded,DampedPersistence,7,14211499,-0.056775028314398845
TR-unbounded,DampedPersistence,7,14211500,-0.07974852954287148
TR-unbounded,DampedPersistence,7,14320934,-0.09105864910770167
TR-unbounded,DampedPersistence,7,255534081324000,-0.14808207410979635
TR-unbounded,Climatology,1,01073319,-1.2469288770530524
TR-unbounded,Climatology,1,01104415,-0.7959544870357794
TR-unbounded,Climatology,1,01104455,-1.0156988765502364
TR-unbounded,Climatology,1,01104475,-1.124498964590472
TR-unbounded,Climatology,1,01129500,-1.1469365273136907
TR-unbounded,Climatology,1,01400500,-1.5123001183862819
TR-unbounded,Climatology,1,01408029,-1.278042341059289
TR-unbounded,Climatology,1,01425000,-0.9495539386833882
TR-unbounded,Climatology,1,01426500,-0.8107891546227061
TR-unbounded,Climatology,1,01427207,-1.200260497328855
TR-unbounded,Climatology,1,01428500,-1.5220107524876145
TR-unbounded,Climatology,1,01463500,-1.407113248566091
TR-unbounded,Climatology,1,01480617,-1.198145526699392
TR-unbounded,Climatology,1,01540500,-1.4650067665166049
TR-unbounded,Climatology,1,01542500,-1.4692799772493554
TR-unbounded,Climatology,1,01549700,-1.5889727395663198
TR-unbounded,Climatology,1,02110701,-1.6195544634400019
TR-unbounded,Climatology,1,02176930,-1.3313552373591793
TR-unbounded,Climatology,1,02266300,-1.4351687354733174
TR-unbounded,Climatology,1,02330450,-1.0776254304825859
TR-unbounded,Climatology,1,02334430,-1.3696163256955143
TR-unbounded,Climatology,1,02334885,-1.532302537685808
TR-unbounded,Climatology,1,02336120,-1.4722180431261664
TR-unbounded,Climatology,1,02336300,-1.5129556256332037
TR-unbounded,Climatology,1,02336728,-2.586856374797048
TR-unbounded,Climatology,1,02397000,-1.2383708717805608
TR-unbounded,Climatology,1,02455980,-1.0712672944706063
TR-unbounded,Climatology,1,02458450,-1.2622975118471071
TR-unbounded,Climatology,1,02474560,-2.0297861683073775
TR-unbounded,Climatology,1,03007800,-1.507320065580965
TR-unbounded,Climatology,1,03034000,-1.5019301199899844
TR-unbounded,Climatology,1,03036000,-1.14565072254247
TR-unbounded,Climatology,1,03047000,-1.3069093473209739
TR-unbounded,Climatology,1,03077500,-1.0983407427725183
TR-unbounded,Climatology,1,03105500,-1.6625600452390563
TR-unbounded,Climatology,1,03106000,-1.65913255834302
TR-unbounded,Climatology,1,03301900,-1.333589878782011
TR-unbounded,Climatology,1,03353200,-1.5255055942910616
TR-unbounded,Climatology,1,03456991,-1.2628198445881638
TR-unbounded,Climatology,1,04027000,-1.4827105452322287
TR-unbounded,Climatology,1,04043238,-0.9805095495224785
TR-unbounded,Climatology,1,04043244,-0.8979744242093883
TR-unbounded,Climatology,1,04067500,-1.324804013196689
TR-unbounded,Climatology,1,04077630,-1.1884618992438503
TR-unbounded,Climatology,1,04124200,-0.7810905897846003
TR-unbounded,Climatology,1,04125460,-1.058310054969497
TR-unbounded,Climatology,1,04137005,-1.0822588409526912
TR-unbounded,Climatology,1,04176500,-1.5269903718759739
TR-unbounded,Climatology,1,04208000,-1.494030429082009
TR-unbounded,Climatology,1,05054000,-1.6456391486061563
TR-unbounded,Climatology,1,05057000,-1.6061653096558017
TR-unbounded,Climatology,1,05289800,-1.3831783653807057
TR-unbounded,Climatology,1,05331833,-1.0131132568562755
TR-unbounded,Climatology,1,05370000,-0.9228953933921583
TR-unbounded,Climatology,1,05382255,-0.7704813945347531
TR-unbounded,Climatology,1,05382257,-0.6036783847749747
TR-unbounded,Climatology,1,05406457,-0.5457212172494695
TR-unbounded,Climatology,1,05458300,-1.7203924240204214
TR-unbounded,Climatology,1,05517000,-1.643128184828683
TR-unbounded,Climatology,1,06036805,-0.8475663878463776
TR-unbounded,Climatology,1,06036905,-1.038915565787577
TR-unbounded,Climatology,1,06036940,-1.2008350289606367
TR-unbounded,Climatology,1,06041000,-1.2582822938265688
TR-unbounded,Climatology,1,06623800,-0.3520703252640831
TR-unbounded,Climatology,1,06894000,-1.620758493974975
TR-unbounded,Climatology,1,06934500,-1.429875785782595
TR-unbounded,Climatology,1,07106000,-0.6878719054588436
TR-unbounded,Climatology,1,07178200,-1.7278368610954085
TR-unbounded,Climatology,1,07194880,-0.6928147524905626
TR-unbounded,Climatology,1,07332622,-1.5787311713339132
TR-unbounded,Climatology,1,08048000,-1.5562156361226371
TR-unbounded,Climatology,1,08052700,-1.6325099455607865
TR-unbounded,Climatology,1,08065350,-1.8837014567765755
TR-unbounded,Climatology,1,08070200,-1.8054172941627267
TR-unbounded,Climatology,1,08123850,-1.5969952469862947
TR-unbounded,Climatology,1,09136100,-1.2302149577607282
TR-unbounded,Climatology,1,09144250,-1.2330136952109163
TR-unbounded,Climatology,1,09149500,-0.7659959047279378
TR-unbounded,Climatology,1,09163500,-1.3894855421905947
TR-unbounded,Climatology,1,09180000,-1.4154183132163352
TR-unbounded,Climatology,1,09261000,-1.1127206757767367
TR-unbounded,Climatology,1,09302000,-1.3886750291224936
TR-unbounded,Climatology,1,09380000,-3.4229068687322863
TR-unbounded,Climatology,1,10129900,-0.9738783033634267
TR-unbounded,Climatology,1,10301500,-1.247910910733051
TR-unbounded,Climatology,1,10351600,-1.5329694550381254
TR-unbounded,Climatology,1,11262900,-0.9391312499140223
TR-unbounded,Climatology,1,11467000,-1.0953387474931264
TR-unbounded,Climatology,1,11507500,-1.544605604996033
TR-unbounded,Climatology,1,12056500,-0.669584367559305
TR-unbounded,Climatology,1,12115000,-0.5373088704788289
TR-unbounded,Climatology,1,12117600,-0.6384958115960628
TR-unbounded,Climatology,1,12210700,-0.7926138930715122
TR-unbounded,Climatology,1,12212050,-0.9649050324770804
TR-unbounded,Climatology,1,12213100,-1.0771297039542014
TR-unbounded,Climatology,1,12363000,-0.9551975570090956
TR-unbounded,Climatology,1,12398600,-1.4629399668245158
TR-unbounded,Climatology,1,13018350,-0.8480903685949555
TR-unbounded,Climatology,1,13154500,-0.8336135199293317
TR-unbounded,Climatology,1,13317660,-0.9108784560747183
TR-unbounded,Climatology,1,13342500,-0.9361894454582746
TR-unbounded,Climatology,1,14091500,-0.2635027246078729
TR-unbounded,Climatology,1,14150800,-1.3667512158536268
TR-unbounded,Climatology,1,14151000,-2.4132636256116435
TR-unbounded,Climatology,1,14152000,-1.1240486764274367
TR-unbounded,Climatology,1,14153500,-2.076439191867765
TR-unbounded,Climatology,1,14154500,-1.7726476273015417
TR-unbounded,Climatology,1,14159500,-0.9405950279332709
TR-unbounded,Climatology,1,14161500,-0.9809594365905472
TR-unbounded,Climatology,1,14179000,-1.0134876274759919
TR-unbounded,Climatology,1,14185000,-1.1961925585692956
TR-unbounded,Climatology,1,14210000,-1.2336640494689775
TR-unbounded,Climatology,1,14211499,-1.1496395615036317
TR-unbounded,Climatology,1,14211500,-1.3582764892053936
TR-unbounded,Climatology,1,14320934,-1.4337842368831322
TR-unbounded,Climatology,1,255534081324000,-1.1536671082702887
TR-unbounded,Climatology,3,01073319,-0.38708607173999243
TR-unbounded,Climatology,3,01104415,-0.23034104907755593
TR-unbounded,Climatology,3,01104455,-0.4822982233368618
TR-unbounded,Climatology,3,01104475,-0.4583075816873947
TR-unbounded,Climatology,3,01129500,-0.422601876982003
TR-unbounded,Climatology,3,01400500,-0.5182451259928298
TR-unbounded,Climatology,3,01408029,-0.349960009757843
TR-unbounded,Climatology,3,01425000,-0.6128963513433312
TR-unbounded,Climatology,3,01426500,-0.3988117030105276
TR-unbounded,Climatology,3,01427207,-0.4243586547725642
TR-unbounded,Climatology,3,01428500,-0.6302835788840886
TR-unbounded,Climatology,3,01463500,-0.6325688124702002
TR-unbounded,Climatology,3,01480617,-0.39991526879443895
TR-unbounded,Climatology,3,01540500,-0.7674331612608245
TR-unbounded,Climatology,3,01542500,-0.5475482158308203
TR-unbounded,Climatology,3,01549700,-0.6419770553315785
TR-unbounded,Climatology,3,02110701,-0.589303489047396
TR-unbounded,Climatology,3,02176930,-0.5289048800067513
TR-unbounded,Climatology,3,02266300,-0.5816787610921657
TR-unbounded,Climatology,3,02330450,-0.38690458092927327
TR-unbounded,Climatology,3,02334430,-1.270150767710766
TR-unbounded,Climatology,3,02334885,-0.5715037980424336
TR-unbounded,Climatology,3,02336120,-0.5201541057941867
TR-unbounded,Climatology,3,02336300,-0.5318228569089918
TR-unbounded,Climatology,3,02336728,-1.6986287308775547
TR-unbounded,Climatology,3,02397000,-0.6006879394699309
TR-unbounded,Climatology,3,02455980,-0.35217640757375857
TR-unbounded,Climatology,3,02458450,-0.5028330713203117
TR-unbounded,Climatology,3,02474560,-1.1238455957565292
TR-unbounded,Climatology,3,03007800,-0.5565368169338407
TR-unbounded,Climatology,3,03034000,-0.510011411550825
TR-unbounded,Climatology,3,03036000,-0.7537723347139728
TR-unbounded,Climatology,3,03047000,-0.7599211553905034
TR-unbounded,Climatology,3,03077500,-0.9204042513785243
TR-unbounded,Climatology,3,03105500,-0.7247508271452334
TR-unbounded,Climatology,3,03106000,-0.5595401516407987
TR-unbounded,Climatology,3,03301900,-0.5007066209099167
TR-unbounded,Climatology,3,03353200,-0.4580091337419112
TR-unbounded,Climatology,3,03456991,-0.49567226362870187
TR-unbounded,Climatology,3,04027000,-0.5543435468444147
TR-unbounded,Climatology,3,04043238,-0.3150935021907797
TR-unbounded,Climatology,3,04043244,-0.2819468771207223
TR-unbounded,Climatology,3,04067500,-0.5854642392672922
TR-unbounded,Climatology,3,04077630,-0.3854492128883129
TR-unbounded,Climatology,3,04124200,-0.5447666540378548
TR-unbounded,Climatology,3,04125460,-0.327829711933153
TR-unbounded,Climatology,3,04137005,-0.6788544206641274
TR-unbounded,Climatology,3,04176500,-0.744451605349786
TR-unbounded,Climatology,3,04208000,-0.5223937909408534
TR-unbounded,Climatology,3,05054000,-1.0948424762995943
TR-unbounded,Climatology,3,05057000,-0.7153171717133224
TR-unbounded,Climatology,3,05289800,-0.6238183838744165
TR-unbounded,Climatology,3,05331833,-0.36213551591464044
TR-unbounded,Climatology,3,05370000,-0.4724437064084682
TR-unbounded,Climatology,3,05382255,-0.27592407126542917
TR-unbounded,Climatology,3,05382257,-0.14311610682375409
TR-unbounded,Climatology,3,05406457,-0.18751806867735943
TR-unbounded,Climatology,3,05458300,-0.6948879942507102
TR-unbounded,Climatology,3,05517000,-0.6342248586417476
TR-unbounded,Climatology,3,06036805,-0.33606517824819204
TR-unbounded,Climatology,3,06036905,-0.3439019999932793
TR-unbounded,Climatology,3,06036940,-0.571193962937947
TR-unbounded,Climatology,3,06041000,-0.6509567130611078
TR-unbounded,Climatology,3,06623800,-0.11266124247073583
TR-unbounded,Climatology,3,06894000,-0.6597883794698758
TR-unbounded,Climatology,3,06934500,-0.8248704962664345
TR-unbounded,Climatology,3,07106000,-0.0489293953103942
TR-unbounded,Climatology,3,07178200,-0.865101351742088
TR-unbounded,Climatology,3,07194880,-0.23293575376279985
TR-unbounded,Climatology,3,07332622,-0.5797032971358342
TR-unbounded,Climatology,3,08048000,-0.7245765752536415
TR-unbounded,Climatology,3,08052700,-0.44636126980141055
TR-unbounded,Climatology,3,08065350,-1.0448320932920732
TR-unbounded,Climatology,3,08070200,-0.8670454170012409
TR-unbounded,Climatology,3,08123850,-0.4376998697733878
TR-unbounded,Climatology,3,09136100,-0.7666024351611949
TR-unbounded,Climatology,3,09144250,-0.7288421676377468
TR-unbounded,Climatology,3,09149500,-0.31677094613275214
TR-unbounded,Climatology,3,09163500,-0.8069863060771978
TR-unbounded,Climatology,3,09180000,-0.7911186821611669
TR-unbounded,Climatology,3,09261000,-0.46486595787835294
TR-unbounded,Climatology,3,09302000,-0.8083415151836602
TR-unbounded,Climatology,3,09380000,-3.199328458123164
TR-unbounded,Climatology,3,10129900,-0.46820213136266764
TR-unbounded,Climatology,3,10301500,-0.4949433599204438
TR-unbounded,Climatology,3,10351600,-0.7735084686613489
TR-unbounded,Climatology,3,11262900,-0.24405887003061588
TR-unbounded,Climatology,3,11467000,-0.5714061884666213
TR-unbounded,Climatology,3,11507500,-0.7546135760579349
TR-unbounded,Climatology,3,12056500,-0.3974623975097896
TR-unbounded,Climatology,3,12115000,-0.28450670103956865
TR-unbounded,Climatology,3,12117600,-0.35950608907989867
TR-unbounded,Climatology,3,12210700,-0.33154805700561596
TR-unbounded,Climatology,3,12212050,-0.4467261257993158
TR-unbounded,Climatology,3,12213100,-0.4923498530711585
TR-unbounded,Climatology,3,12363000,-0.554214488323213
TR-unbounded,Climatology,3,12398600,-1.1345567756668378
TR-unbounded,Climatology,3,13018350,-0.23021028360201035
TR-unbounded,Climatology,3,13154500,-0.5297636694412214
TR-unbounded,Climatology,3,13317660,-0.6004971934894777
TR-unbounded,Climatology,3,13342500,-0.47472055291966675
TR-unbounded,Climatology,3,14091500,-0.021923691149728586
TR-unbounded,Climatology,3,14150800,-0.6783081631189083
TR-unbounded,Climatology,3,14151000,-1.7952180672985312
TR-unbounded,Climatology,3,14152000,-0.798024003645595
TR-unbounded,Climatology,3,14153500,-1.7867358494310341
TR-unbounded,Climatology,3,14154500,-1.0630164991649749
TR-unbounded,Climatology,3,14159500,-0.6901322330297109
TR-unbounded,Climatology,3,14161500,-0.5607397925996458
TR-unbounded,Climatology,3,14179000,-0.5957881567976321
TR-unbounded,Climatology,3,14185000,-0.6001758454784045
TR-unbounded,Climatology,3,14210000,-0.892988528626183
TR-unbounded,Climatology,3,14211499,-0.4164544774588683
TR-unbounded,Climatology,3,14211500,-0.509737226310019
TR-unbounded,Climatology,3,14320934,-0.8286600820081094
TR-unbounded,Climatology,3,255534081324000,-0.24044104774131547
TR-unbounded,Climatology,7,01073319,-0.08700505975166606
TR-unbounded,Climatology,7,01104415,-0.13371371917920905
TR-unbounded,Climatology,7,01104455,-0.2806024993266034
TR-unbounded,Climatology,7,01104475,-0.2416554907421553
TR-unbounded,Climatology,7,01129500,-0.1609910629545548
TR-unbounded,Climatology,7,01400500,-0.11834606895392907
TR-unbounded,Climatology,7,01408029,-0.13363414289261089
TR-unbounded,Climatology,7,01425000,-0.39965718272274975
TR-unbounded,Climatology,7,01426500,-0.21029396698829772
TR-unbounded,Climatology,7,01427207,-0.04236523217332522
TR-unbounded,Climatology,7,01428500,-0.09839027443063797
TR-unbounded,Climatology,7,01463500,-0.11819206232665258
TR-unbounded,Climatology,7,01480617,-0.13927659694228067
TR-unbounded,Climatology,7,01540500,-0.21849865445251315
TR-unbounded,Climatology,7,01542500,-0.10345398729433253
TR-unbounded,Climatology,7,01549700,-0.17245788879983293
TR-unbounded,Climatology,7,02110701,-0.1401666956493397
TR-unbounded,Climatology,7,02176930,-0.1950995021001234
TR-unbounded,Climatology,7,02266300,-0.2778967189001902
TR-unbounded,Climatology,7,02330450,-0.12633250616384628
TR-unbounded,Climatology,7,02334430,-1.2719125492319223
TR-unbounded,Climatology,7,02334885,-0.1331227123076446
TR-unbounded,Climatology,7,02336120,-0.11763398815862702
TR-unbounded,Climatology,7,02336300,-0.12537628644494925
TR-unbounded,Climatology,7,02336728,-0.9820843129932482
TR-unbounded,Climatology,7,02397000,-0.1473382476359273
TR-unbounded,Climatology,7,02455980,-0.08430062564535534
TR-unbounded,Climatology,7,02458450,-0.16758101856818364
TR-unbounded,Climatology,7,02474560,-0.37200759541974415
TR-unbounded,Climatology,7,03007800,-0.15081105287134466
TR-unbounded,Climatology,7,03034000,-0.16694708485435683
TR-unbounded,Climatology,7,03036000,-0.3109979250318682
TR-unbounded,Climatology,7,03047000,-0.13625962078106557
TR-unbounded,Climatology,7,03077500,-0.7682443101362411
TR-unbounded,Climatology,7,03105500,-0.2792291564960099
TR-unbounded,Climatology,7,03106000,-0.10625048225667122
TR-unbounded,Climatology,7,03301900,-0.18673547059332973
TR-unbounded,Climatology,7,03353200,-0.06643068424024756
TR-unbounded,Climatology,7,03456991,-0.15056823579608802
TR-unbounded,Climatology,7,04027000,-0.1992165373405279
TR-unbounded,Climatology,7,04043238,-0.07568352397758282
TR-unbounded,Climatology,7,04043244,-0.0697805718725959
TR-unbounded,Climatology,7,04067500,-0.09543930859386474
TR-unbounded,Climatology,7,04077630,-0.03023818535546763
TR-unbounded,Climatology,7,04124200,-0.2636568248674468
TR-unbounded,Climatology,7,04125460,-0.061071686626544164
TR-unbounded,Climatology,7,04137005,-0.17381225483903218
TR-unbounded,Climatology,7,04176500,-0.10789036129702834
TR-unbounded,Climatology,7,04208000,-0.12975885091059158
TR-unbounded,Climatology,7,05054000,-0.5268233078296247
TR-unbounded,Climatology,7,05057000,-0.22017778302679591
TR-unbounded,Climatology,7,05289800,-0.211971749689575
TR-unbounded,Climatology,7,05331833,-0.10957498580564207
TR-unbounded,Climatology,7,05370000,-0.14755205177461828
TR-unbounded,Climatology,7,05382255,-0.0028915140675540574
TR-unbounded,Climatology,7,05382257,-0.06198609111231401
TR-unbounded,Climatology,7,05406457,-0.05210300188186667
TR-unbounded,Climatology,7,05458300,-0.17424927701534232
TR-unbounded,Climatology,7,05517000,-0.14267462685655818
TR-unbounded,Climatology,7,06036805,-0.1948436579656938
TR-unbounded,Climatology,7,06036905,-0.17013362521646225
TR-unbounded,Climatology,7,06036940,-0.25608352699243175
TR-unbounded,Climatology,7,06041000,-0.15538728613391162
TR-unbounded,Climatology,7,06623800,-0.013665842514989923
TR-unbounded,Climatology,7,06894000,-0.0739954187518106
TR-unbounded,Climatology,7,06934500,-0.21451810277955263
TR-unbounded,Climatology,7,07106000,-0.0021302394187472373
TR-unbounded,Climatology,7,07178200,-0.2882887916222816
TR-unbounded,Climatology,7,07194880,-0.053907183127009484
TR-unbounded,Climatology,7,07332622,-0.13511937765069826
TR-unbounded,Climatology,7,08048000,-0.24288560432870376
TR-unbounded,Climatology,7,08052700,-0.05071042386233193
TR-unbounded,Climatology,7,08065350,-0.268120494551781
TR-unbounded,Climatology,7,08070200,-0.1813353522962542
TR-unbounded,Climatology,7,08123850,-0.05404768720319142
TR-unbounded,Climatology,7,09136100,-0.5595063284774469
TR-unbounded,Climatology,7,09144250,-0.514711394452418
TR-unbounded,Climatology,7,09149500,-0.16918057033117906
TR-unbounded,Climatology,7,09163500,-0.4579063165629338
TR-unbounded,Climatology,7,09180000,-0.4836171188331073
TR-unbounded,Climatology,7,09261000,-0.09952631734795392
TR-unbounded,Climatology,7,09302000,-0.4776313194507138
TR-unbounded,Climatology,7,09380000,-2.980875863041914
TR-unbounded,Climatology,7,10129900,-0.29480651598255325
TR-unbounded,Climatology,7,10301500,-0.17018538644632764
TR-unbounded,Climatology,7,10351600,-0.41499556899549206
TR-unbounded,Climatology,7,11262900,-0.08268205714613708
TR-unbounded,Climatology,7,11467000,-0.23103587813593984
TR-unbounded,Climatology,7,11507500,-0.19610302050439365
TR-unbounded,Climatology,7,12056500,-0.2219652945371169
TR-unbounded,Climatology,7,12115000,-0.167980301207018
TR-unbounded,Climatology,7,12117600,-0.21564009958978025
TR-unbounded,Climatology,7,12210700,-0.1468829955323392
TR-unbounded,Climatology,7,12212050,-0.16315811589242846
TR-unbounded,Climatology,7,12213100,-0.2774174567985801
TR-unbounded,Climatology,7,12363000,-0.3625845899714035
TR-unbounded,Climatology,7,12398600,-0.7464700300979256
TR-unbounded,Climatology,7,13018350,-0.10957607955019744
TR-unbounded,Climatology,7,13154500,-0.23941242285727493
TR-unbounded,Climatology,7,13317660,-0.35835096140780776
TR-unbounded,Climatology,7,13342500,-0.19323206864525022
TR-unbounded,Climatology,7,14091500,-0.004974467988944853
TR-unbounded,Climatology,7,14150800,-0.3367584331541207
TR-unbounded,Climatology,7,14151000,-1.2909809972033004
TR-unbounded,Climatology,7,14152000,-0.5315910865868092
TR-unbounded,Climatology,7,14153500,-1.410295223431635
TR-unbounded,Climatology,7,14154500,-0.6362799451247712
TR-unbounded,Climatology,7,14159500,-0.44280920542945335
TR-unbounded,Climatology,7,14161500,-0.3251514274046168
TR-unbounded,Climatology,7,14179000,-0.39595453428865435
TR-unbounded,Climatology,7,14185000,-0.3154801779529326
TR-unbounded,Climatology,7,14210000,-0.5327310269329049
TR-unbounded,Climatology,7,14211499,-0.1205192219820328
TR-unbounded,Climatology,7,14211500,-0.14730418816039847
TR-unbounded,Climatology,7,14320934,-0.46702480025105175
TR-unbounded,Climatology,7,255534081324000,-0.06401924625599742
ThermoRoute,Persistence,1,01073319,-0.24741511084115564
ThermoRoute,Persistence,1,01104415,-0.20303032440070934
ThermoRoute,Persistence,1,01104455,-0.1153394141635804
ThermoRoute,Persistence,1,01104475,-0.15677855775216842
ThermoRoute,Persistence,1,01129500,-0.23713927349659614
ThermoRoute,Persistence,1,01400500,-0.32265647742116466
ThermoRoute,Persistence,1,01408029,-0.32854260517052514
ThermoRoute,Persistence,1,01425000,0.01894063330901785
ThermoRoute,Persistence,1,01426500,-0.05995447927069508
ThermoRoute,Persistence,1,01427207,-0.26889652853659685
ThermoRoute,Persistence,1,01428500,-0.2650037188973451
ThermoRoute,Persistence,1,01463500,-0.2404832818292167
ThermoRoute,Persistence,1,01480617,-0.2428936309092935
ThermoRoute,Persistence,1,01540500,-0.19034758349961722
ThermoRoute,Persistence,1,01542500,-0.25904540220628003
ThermoRoute,Persistence,1,01549700,-0.2788053779999383
ThermoRoute,Persistence,1,02110701,-0.33461812980518946
ThermoRoute,Persistence,1,02176930,-0.21924172996059688
ThermoRoute,Persistence,1,02266300,-0.2359244771026796
ThermoRoute,Persistence,1,02330450,-0.19002398704481582
ThermoRoute,Persistence,1,02334430,0.11497482860231564
ThermoRoute,Persistence,1,02334885,-0.328518540065182
ThermoRoute,Persistence,1,02336120,-0.3178721470952317
ThermoRoute,Persistence,1,02336300,-0.3259281361721956
ThermoRoute,Persistence,1,02336728,-0.008578833262516072
ThermoRoute,Persistence,1,02397000,-0.22052050461772676
ThermoRoute,Persistence,1,02455980,-0.2684893331072802
ThermoRoute,Persistence,1,02458450,-0.2609863653375085
ThermoRoute,Persistence,1,02474560,-0.2500036492923151
ThermoRoute,Persistence,1,03007800,-0.3074286228929072
ThermoRoute,Persistence,1,03034000,-0.31518948433669824
ThermoRoute,Persistence,1,03036000,0.0017192241449303092
ThermoRoute,Persistence,1,03047000,-0.0727950333984414
ThermoRoute,Persistence,1,03077500,0.02988761663537709
ThermoRoute,Persistence,1,03105500,-0.2901160438294682
ThermoRoute,Persistence,1,03106000,-0.3626982090797546
ThermoRoute,Persistence,1,03301900,-0.26573574832321023
ThermoRoute,Persistence,1,03353200,-0.3456782265795836
ThermoRoute,Persistence,1,03456991,-0.24262029548808572
ThermoRoute,Persistence,1,04027000,-0.2799126128289139
ThermoRoute,Persistence,1,04043238,-0.17052665742273931
ThermoRoute,Persistence,1,04043244,-0.1720751612282181
ThermoRoute,Persistence,1,04067500,-0.18176782176268486
ThermoRoute,Persistence,1,04077630,-0.21496267335122832
ThermoRoute,Persistence,1,04124200,0.08615286465017502
ThermoRoute,Persistence,1,04125460,-0.2258697646218094
ThermoRoute,Persistence,1,04137005,-0.035136543588187075
ThermoRoute,Persistence,1,04176500,-0.2172103029075692
ThermoRoute,Persistence,1,04208000,-0.32778122810974464
ThermoRoute,Persistence,1,05054000,-0.08872562026025904
ThermoRoute,Persistence,1,05057000,-0.22998057157506158
ThermoRoute,Persistence,1,05289800,-0.15130598230786618
ThermoRoute,Persistence,1,05331833,-0.15218239735429506
ThermoRoute,Persistence,1,05370000,-0.030491637417273065
ThermoRoute,Persistence,1,05382255,-0.069968353889998
ThermoRoute,Persistence,1,05382257,-0.12100074349132206
ThermoRoute,Persistence,1,05406457,-0.025884692434355983
ThermoRoute,Persistence,1,05458300,-0.27437754477429177
ThermoRoute,Persistence,1,05517000,-0.2887038530178071
ThermoRoute,Persistence,1,06036805,-0.11779684458571182
ThermoRoute,Persistence,1,06036905,-0.13193056532571135
ThermoRoute,Persistence,1,06036940,-0.025979977622667016
ThermoRoute,Persistence,1,06041000,-0.11398492311184771
ThermoRoute,Persistence,1,06623800,-0.03892310417907796
ThermoRoute,Persistence,1,06894000,-0.3263460143922845
ThermoRoute,Persistence,1,06934500,-0.15875768640889953
ThermoRoute,Persistence,1,07106000,-0.11996146427063725
ThermoRoute,Persistence,1,07178200,-0.2208728565166902
ThermoRoute,Persistence,1,07194880,-0.1074690488833937
ThermoRoute,Persistence,1,07332622,-0.2562477686237208
ThermoRoute,Persistence,1,08048000,-0.17508404713427594
ThermoRoute,Persistence,1,08052700,-0.3199526195805542
ThermoRoute,Persistence,1,08065350,-0.21380033441846202
ThermoRoute,Persistence,1,08070200,-0.22374104787791194
ThermoRoute,Persistence,1,08123850,-0.32999528698742797
ThermoRoute,Persistence,1,09136100,-0.09503361554826195
ThermoRoute,Persistence,1,09144250,-0.11080739978994025
ThermoRoute,Persistence,1,09149500,-0.13492230864927424
ThermoRoute,Persistence,1,09163500,-0.15548057494781292
ThermoRoute,Persistence,1,09180000,-0.13642367702703906
ThermoRoute,Persistence,1,09261000,-0.149445934695824
ThermoRoute,Persistence,1,09302000,-0.09941829517755041
ThermoRoute,Persistence,1,09380000,0.006202237505245511
ThermoRoute,Persistence,1,10129900,-0.06487753518920747
ThermoRoute,Persistence,1,10301500,-0.14853997802836094
ThermoRoute,Persistence,1,10351600,-0.224417344691189
ThermoRoute,Persistence,1,11262900,-0.17157996743449422
ThermoRoute,Persistence,1,11467000,-0.10107384332485281
ThermoRoute,Persistence,1,11507500,-0.21773761416849102
ThermoRoute,Persistence,1,12056500,-0.05265236649548627
ThermoRoute,Persistence,1,12115000,0.032782394679600146
ThermoRoute,Persistence,1,12117600,0.007036890706588417
ThermoRoute,Persistence,1,12210700,-0.08043649045759205
ThermoRoute,Persistence,1,12212050,-0.07498370040929037
ThermoRoute,Persistence,1,12213100,-0.15268162579229416
ThermoRoute,Persistence,1,12363000,-0.08421874655309985
ThermoRoute,Persistence,1,12398600,-0.0133361634752997
ThermoRoute,Persistence,1,13018350,-0.13193389060042826
ThermoRoute,Persistence,1,13154500,-0.03864644069043188
ThermoRoute,Persistence,1,13317660,-0.06926140322201993
ThermoRoute,Persistence,1,13342500,-0.07361815177195036
ThermoRoute,Persistence,1,14091500,-0.059460510081025986
ThermoRoute,Persistence,1,14150800,-0.16710687277058278
ThermoRoute,Persistence,1,14151000,-0.025773855946720103
ThermoRoute,Persistence,1,14152000,-0.018304439803698114
ThermoRoute,Persistence,1,14153500,-0.007784639798693094
ThermoRoute,Persistence,1,14154500,-0.18638025522824198
ThermoRoute,Persistence,1,14159500,0.02740583967427518
ThermoRoute,Persistence,1,14161500,-0.06208979891044897
ThermoRoute,Persistence,1,14179000,-0.06767485257187217
ThermoRoute,Persistence,1,14185000,-0.14128363571595287
ThermoRoute,Persistence,1,14210000,-0.04091565155235255
ThermoRoute,Persistence,1,14211499,-0.15855573449884586
ThermoRoute,Persistence,1,14211500,-0.19799023490802892
ThermoRoute,Persistence,1,14320934,-0.1358701461416003
ThermoRoute,Persistence,1,255534081324000,-0.21573340156972054
ThermoRoute,Persistence,3,01073319,-0.3996820757867767
ThermoRoute,Persistence,3,01104415,-0.4038648054770799
ThermoRoute,Persistence,3,01104455,-0.2048120751593454
ThermoRoute,Persistence,3,01104475,-0.2780464597665673
ThermoRoute,Persistence,3,01129500,-0.3978780500778998
ThermoRoute,Persistence,3,01400500,-0.4146219783577927
ThermoRoute,Persistence,3,01408029,-0.4790479323488621
ThermoRoute,Persistence,3,01425000,0.002930709408725529
ThermoRoute,Persistence,3,01426500,-0.18288010875862382
ThermoRoute,Persistence,3,01427207,-0.3958515650061267
ThermoRoute,Persistence,3,01428500,-0.3972419275944219
ThermoRoute,Persistence,3,01463500,-0.36494969500636154
ThermoRoute,Persistence,3,01480617,-0.42614551995674765
ThermoRoute,Persistence,3,01540500,-0.3720311346961558
ThermoRoute,Persistence,3,01542500,-0.401576791145434
ThermoRoute,Persistence,3,01549700,-0.44400374070127113
ThermoRoute,Persistence,3,02110701,-0.4894743494815732
ThermoRoute,Persistence,3,02176930,-0.4259050079292017
ThermoRoute,Persistence,3,02266300,-0.3213812013064017
ThermoRoute,Persistence,3,02330450,-0.3972499103485594
ThermoRoute,Persistence,3,02334430,0.13709197857566807
ThermoRoute,Persistence,3,02334885,-0.44405021779124243
ThermoRoute,Persistence,3,02336120,-0.4565762149448138
ThermoRoute,Persistence,3,02336300,-0.468056138795675
ThermoRoute,Persistence,3,02336728,0.23089719052485447
ThermoRoute,Persistence,3,02397000,-0.3594421057734083
ThermoRoute,Persistence,3,02455980,-0.3899221013119125
ThermoRoute,Persistence,3,02458450,-0.3759727677772857
ThermoRoute,Persistence,3,02474560,-0.3169568886117291
ThermoRoute,Persistence,3,03007800,-0.4408975473926464
ThermoRoute,Persistence,3,03034000,-0.4552939519616379
ThermoRoute,Persistence,3,03036000,-0.2595068336332427
ThermoRoute,Persistence,3,03047000,-0.39161224417071394
ThermoRoute,Persistence,3,03077500,-0.06995926441928824
ThermoRoute,Persistence,3,03105500,-0.42836262780963175
ThermoRoute,Persistence,3,03106000,-0.5306373197364254
ThermoRoute,Persistence,3,03301900,-0.4227379154019486
ThermoRoute,Persistence,3,03353200,-0.48876213608771146
ThermoRoute,Persistence,3,03456991,-0.3808728117379676
ThermoRoute,Persistence,3,04027000,-0.3878590746892425
ThermoRoute,Persistence,3,04043238,-0.319122831375813
ThermoRoute,Persistence,3,04043244,-0.30279582126868854
ThermoRoute,Persistence,3,04067500,-0.25493692651855815
ThermoRoute,Persistence,3,04077630,-0.36555258213446695
ThermoRoute,Persistence,3,04124200,-0.08453610490517183
ThermoRoute,Persistence,3,04125460,-0.31645113653853896
ThermoRoute,Persistence,3,04137005,-0.20868953323234762
ThermoRoute,Persistence,3,04176500,-0.32923018264243153
ThermoRoute,Persistence,3,04208000,-0.4463828201321005
ThermoRoute,Persistence,3,05054000,-0.2476770504915483
ThermoRoute,Persistence,3,05057000,-0.3220399929488309
ThermoRoute,Persistence,3,05289800,-0.26979333063184807
ThermoRoute,Persistence,3,05331833,-0.3077350628940463
ThermoRoute,Persistence,3,05370000,-0.14663269748989582
ThermoRoute,Persistence,3,05382255,-0.223023519902535
ThermoRoute,Persistence,3,05382257,-0.43804612706723534
ThermoRoute,Persistence,3,05406457,-0.1712785423843457
ThermoRoute,Persistence,3,05458300,-0.3743353875737194
ThermoRoute,Persistence,3,05517000,-0.41388538293472443
ThermoRoute,Persistence,3,06036805,-0.29695139484029665
ThermoRoute,Persistence,3,06036905,-0.3445049048391189
ThermoRoute,Persistence,3,06036940,-0.12550391023327956
ThermoRoute,Persistence,3,06041000,-0.24636266722473898
ThermoRoute,Persistence,3,06623800,-0.18013755039331059
ThermoRoute,Persistence,3,06894000,-0.4514323381330325
ThermoRoute,Persistence,3,06934500,-0.29515005211908374
ThermoRoute,Persistence,3,07106000,-0.39107978814044153
ThermoRoute,Persistence,3,07178200,-0.271495285094129
ThermoRoute,Persistence,3,07194880,-0.2677972986159285
ThermoRoute,Persistence,3,07332622,-0.4365576962652109
ThermoRoute,Persistence,3,08048000,-0.2340396128069675
ThermoRoute,Persistence,3,08052700,-0.5704575078278853
ThermoRoute,Persistence,3,08065350,-0.3089968571238393
ThermoRoute,Persistence,3,08070200,-0.3501601745983671
ThermoRoute,Persistence,3,08123850,-0.49390738791511435
ThermoRoute,Persistence,3,09136100,-0.24087878275458197
ThermoRoute,Persistence,3,09144250,-0.22900877134714692
ThermoRoute,Persistence,3,09149500,-0.30452435424759994
ThermoRoute,Persistence,3,09163500,-0.28862169747441513
ThermoRoute,Persistence,3,09180000,-0.318792013749547
ThermoRoute,Persistence,3,09261000,-0.3064006817499141
ThermoRoute,Persistence,3,09302000,-0.26199974853174246
ThermoRoute,Persistence,3,09380000,0.015190516208045457
ThermoRoute,Persistence,3,10129900,-0.17948572379423644
ThermoRoute,Persistence,3,10301500,-0.3198030812453263
ThermoRoute,Persistence,3,10351600,-0.3405412775421284
ThermoRoute,Persistence,3,11262900,-0.32829298745083424
ThermoRoute,Persistence,3,11467000,-0.17710920020012255
ThermoRoute,Persistence,3,11507500,-0.2902059748547494
ThermoRoute,Persistence,3,12056500,-0.09367383856490841
ThermoRoute,Persistence,3,12115000,-0.0025815158786732795
ThermoRoute,Persistence,3,12117600,-0.05283438917856398
ThermoRoute,Persistence,3,12210700,-0.17334788776467103
ThermoRoute,Persistence,3,12212050,-0.15445413901432414
ThermoRoute,Persistence,3,12213100,-0.23067121064712537
ThermoRoute,Persistence,3,12363000,-0.12907576385655195
ThermoRoute,Persistence,3,12398600,-0.17126780180097223
ThermoRoute,Persistence,3,13018350,-0.30390770678550494
ThermoRoute,Persistence,3,13154500,-0.1754382240265916
ThermoRoute,Persistence,3,13317660,-0.1733574428062561
ThermoRoute,Persistence,3,13342500,-0.12834661838552497
ThermoRoute,Persistence,3,14091500,-0.1265046762672396
ThermoRoute,Persistence,3,14150800,-0.24839607915261586
ThermoRoute,Persistence,3,14151000,-0.07059484309506758
ThermoRoute,Persistence,3,14152000,-0.06783737278405866
ThermoRoute,Persistence,3,14153500,-0.11980488971962044
ThermoRoute,Persistence,3,14154500,-0.2541167912189004
ThermoRoute,Persistence,3,14159500,-0.038788369611927886
ThermoRoute,Persistence,3,14161500,-0.1206371827179169
ThermoRoute,Persistence,3,14179000,-0.11787975223890268
ThermoRoute,Persistence,3,14185000,-0.20773136587856422
ThermoRoute,Persistence,3,14210000,-0.1790656158442403
ThermoRoute,Persistence,3,14211499,-0.2375527584376005
ThermoRoute,Persistence,3,14211500,-0.280457495992104
ThermoRoute,Persistence,3,14320934,-0.16430433841010772
ThermoRoute,Persistence,3,255534081324000,-0.4115250712212204
ThermoRoute,Persistence,7,01073319,-0.7956104598366067
ThermoRoute,Persistence,7,01104415,-0.5542005134987107
ThermoRoute,Persistence,7,01104455,-0.37902864741536346
ThermoRoute,Persistence,7,01104475,-0.388323613177054
ThermoRoute,Persistence,7,01129500,-0.7150103236440946
ThermoRoute,Persistence,7,01400500,-0.7420536329891223
ThermoRoute,Persistence,7,01408029,-0.7037806472907306
ThermoRoute,Persistence,7,01425000,-0.09602964646247503
ThermoRoute,Persistence,7,01426500,-0.302508373202665
ThermoRoute,Persistence,7,01427207,-0.6550275076018641
ThermoRoute,Persistence,7,01428500,-0.7099858824460106
ThermoRoute,Persistence,7,01463500,-0.6357156453898407
ThermoRoute,Persistence,7,01480617,-0.6360146232534885
ThermoRoute,Persistence,7,01540500,-0.6949622061121512
ThermoRoute,Persistence,7,01542500,-0.727516520127852
ThermoRoute,Persistence,7,01549700,-0.7819001760420852
ThermoRoute,Persistence,7,02110701,-0.7631542153167943
ThermoRoute,Persistence,7,02176930,-0.5943580585139563
ThermoRoute,Persistence,7,02266300,-0.4867937497542598
ThermoRoute,Persistence,7,02330450,-0.5879635317755241
ThermoRoute,Persistence,7,02334430,0.041012073941851135
ThermoRoute,Persistence,7,02334885,-0.6492073996250456
ThermoRoute,Persistence,7,02336120,-0.698116436727537
ThermoRoute,Persistence,7,02336300,-0.7272863970134757
ThermoRoute,Persistence,7,02336728,0.5599798838920884
ThermoRoute,Persistence,7,02397000,-0.5323735131505556
ThermoRoute,Persistence,7,02455980,-0.5595989980059326
ThermoRoute,Persistence,7,02458450,-0.5636656576027022
ThermoRoute,Persistence,7,02474560,-0.5887840203184895
ThermoRoute,Persistence,7,03007800,-0.7194273972644591
ThermoRoute,Persistence,7,03034000,-0.7424396833937417
ThermoRoute,Persistence,7,03036000,-0.559859483687301
ThermoRoute,Persistence,7,03047000,-0.6514245720838823
ThermoRoute,Persistence,7,03077500,-0.375717911232222
ThermoRoute,Persistence,7,03105500,-0.6670774550171079
ThermoRoute,Persistence,7,03106000,-0.8642863372670773
ThermoRoute,Persistence,7,03301900,-0.5659882229324444
ThermoRoute,Persistence,7,03353200,-0.7991926498255775
ThermoRoute,Persistence,7,03456991,-0.6062491780715329
ThermoRoute,Persistence,7,04027000,-0.8025941600781534
ThermoRoute,Persistence,7,04043238,-0.6796746589751148
ThermoRoute,Persistence,7,04043244,-0.6333923813946374
ThermoRoute,Persistence,7,04067500,-0.6930952246222564
ThermoRoute,Persistence,7,04077630,-0.7984752054685951
ThermoRoute,Persistence,7,04124200,-0.4428963115947062
ThermoRoute,Persistence,7,04125460,-0.5780124242023048
ThermoRoute,Persistence,7,04137005,-0.5236929319611547
ThermoRoute,Persistence,7,04176500,-0.6623276802998523
ThermoRoute,Persistence,7,04208000,-0.7783102927176704
ThermoRoute,Persistence,7,05054000,-0.6635679380900656
ThermoRoute,Persistence,7,05057000,-0.7322402253853577
ThermoRoute,Persistence,7,05289800,-0.755521286648343
ThermoRoute,Persistence,7,05331833,-0.653976097127609
ThermoRoute,Persistence,7,05370000,-0.5518330467828461
ThermoRoute,Persistence,7,05382255,-0.5461296612565307
ThermoRoute,Persistence,7,05382257,-0.6891228648135352
ThermoRoute,Persistence,7,05406457,-0.3001273710222252
ThermoRoute,Persistence,7,05458300,-0.8319572286977874
ThermoRoute,Persistence,7,05517000,-0.7487942839729609
ThermoRoute,Persistence,7,06036805,-0.5071256164494888
ThermoRoute,Persistence,7,06036905,-0.573640203264316
ThermoRoute,Persistence,7,06036940,-0.27344380595268003
ThermoRoute,Persistence,7,06041000,-0.5167296041434923
ThermoRoute,Persistence,7,06623800,-0.4782591323810411
ThermoRoute,Persistence,7,06894000,-0.8148306319497856
ThermoRoute,Persistence,7,06934500,-0.6182433376731091
ThermoRoute,Persistence,7,07106000,-0.6814089969030186
ThermoRoute,Persistence,7,07178200,-0.5671478472535663
ThermoRoute,Persistence,7,07194880,-0.4324149451442594
ThermoRoute,Persistence,7,07332622,-0.8478037909720775
ThermoRoute,Persistence,7,08048000,-0.5359444517166068
ThermoRoute,Persistence,7,08052700,-1.0229727985300134
ThermoRoute,Persistence,7,08065350,-0.6083053353792449
ThermoRoute,Persistence,7,08070200,-0.6929738110666421
ThermoRoute,Persistence,7,08123850,-0.8713413514781956
ThermoRoute,Persistence,7,09136100,-0.4096712228462478
ThermoRoute,Persistence,7,09144250,-0.38447081403423256
ThermoRoute,Persistence,7,09149500,-0.46700275773281175
ThermoRoute,Persistence,7,09163500,-0.5596793204293797
ThermoRoute,Persistence,7,09180000,-0.5880043031765827
ThermoRoute,Persistence,7,09261000,-0.6053948955025306
ThermoRoute,Persistence,7,09302000,-0.5820901014010564
ThermoRoute,Persistence,7,09380000,0.11136623719834349
ThermoRoute,Persistence,7,10129900,-0.39087736631709813
ThermoRoute,Persistence,7,10301500,-0.6289933996364796
ThermoRoute,Persistence,7,10351600,-0.520055094920556
ThermoRoute,Persistence,7,11262900,-0.6029606495982192
ThermoRoute,Persistence,7,11467000,-0.32845729029409765
ThermoRoute,Persistence,7,11507500,-0.5809973866300102
ThermoRoute,Persistence,7,12056500,-0.21127244897306785
ThermoRoute,Persistence,7,12115000,-0.1434006589332244
ThermoRoute,Persistence,7,12117600,-0.1840963215176783
ThermoRoute,Persistence,7,12210700,-0.35167449705309206
ThermoRoute,Persistence,7,12212050,-0.30037375795342935
ThermoRoute,Persistence,7,12213100,-0.34388853490095794
ThermoRoute,Persistence,7,12363000,-0.29660227902846903
ThermoRoute,Persistence,7,12398600,-0.4770706479144129
ThermoRoute,Persistence,7,13018350,-0.5381726081652691
ThermoRoute,Persistence,7,13154500,-0.2613140353784412
ThermoRoute,Persistence,7,13317660,-0.4290299269721183
ThermoRoute,Persistence,7,13342500,-0.2868941375291123
ThermoRoute,Persistence,7,14091500,-0.2148426720513099
ThermoRoute,Persistence,7,14150800,-0.4876117633377477
ThermoRoute,Persistence,7,14151000,-0.17098578169885137
ThermoRoute,Persistence,7,14152000,-0.19869521694296877
ThermoRoute,Persistence,7,14153500,-0.24144066958755483
ThermoRoute,Persistence,7,14154500,-0.45128484472258457
ThermoRoute,Persistence,7,14159500,-0.18235712552480443
ThermoRoute,Persistence,7,14161500,-0.30728220665332806
ThermoRoute,Persistence,7,14179000,-0.2479218735116102
ThermoRoute,Persistence,7,14185000,-0.416466727218912
ThermoRoute,Persistence,7,14210000,-0.3245009694512132
ThermoRoute,Persistence,7,14211499,-0.5179441073871951
ThermoRoute,Persistence,7,14211500,-0.5814853300813705
ThermoRoute,Persistence,7,14320934,-0.34381510660320735
ThermoRoute,Persistence,7,255534081324000,-0.7411300207467768
ThermoRoute,DampedPersistence,1,01073319,-0.2107393701998158
ThermoRoute,DampedPersistence,1,01104415,-0.13408774950619307
ThermoRoute,DampedPersistence,1,01104455,-0.08357716781670432
ThermoRoute,DampedPersistence,1,01104475,-0.12467945531690794
ThermoRoute,DampedPersistence,1,01129500,-0.20155217505049838
ThermoRoute,DampedPersistence,1,01400500,-0.28476796997277853
ThermoRoute,DampedPersistence,1,01408029,-0.278657748819112
ThermoRoute,DampedPersistence,1,01425000,0.02918688377014017
ThermoRoute,DampedPersistence,1,01426500,-0.028778124011695883
ThermoRoute,DampedPersistence,1,01427207,-0.23276322348812195
ThermoRoute,DampedPersistence,1,01428500,-0.23643211078284165
ThermoRoute,DampedPersistence,1,01463500,-0.2171951991318311
ThermoRoute,DampedPersistence,1,01480617,-0.19764442843247743
ThermoRoute,DampedPersistence,1,01540500,-0.16784675162228269
ThermoRoute,DampedPersistence,1,01542500,-0.2259074973366424
ThermoRoute,DampedPersistence,1,01549700,-0.2470825897076787
ThermoRoute,DampedPersistence,1,02110701,-0.29930483733864566
ThermoRoute,DampedPersistence,1,02176930,-0.18273854242637722
ThermoRoute,DampedPersistence,1,02266300,-0.2202474681350589
ThermoRoute,DampedPersistence,1,02330450,-0.150378523322388
ThermoRoute,DampedPersistence,1,02334430,0.10331933278151587
ThermoRoute,DampedPersistence,1,02334885,-0.2983740153031771
ThermoRoute,DampedPersistence,1,02336120,-0.2776837536045276
ThermoRoute,DampedPersistence,1,02336300,-0.284182668059212
ThermoRoute,DampedPersistence,1,02336728,-0.08409890607299786
ThermoRoute,DampedPersistence,1,02397000,-0.20041145424018747
ThermoRoute,DampedPersistence,1,02455980,-0.22471053749763037
ThermoRoute,DampedPersistence,1,02458450,-0.22215101875468768
ThermoRoute,DampedPersistence,1,02474560,-0.23718463767949893
ThermoRoute,DampedPersistence,1,03007800,-0.2710313628458282
ThermoRoute,DampedPersistence,1,03034000,-0.27579623102910267
ThermoRoute,DampedPersistence,1,03036000,0.024217678638908113
ThermoRoute,DampedPersistence,1,03047000,-0.05070242119314483
ThermoRoute,DampedPersistence,1,03077500,0.05395505572598441
ThermoRoute,DampedPersistence,1,03105500,-0.2582417835801689
ThermoRoute,DampedPersistence,1,03106000,-0.3227521994997644
ThermoRoute,DampedPersistence,1,03301900,-0.21928966877361666
ThermoRoute,DampedPersistence,1,03353200,-0.29800028674234247
ThermoRoute,DampedPersistence,1,03456991,-0.20571011870441225
ThermoRoute,DampedPersistence,1,04027000,-0.2385616818620513
ThermoRoute,DampedPersistence,1,04043238,-0.129822272861151
ThermoRoute,DampedPersistence,1,04043244,-0.12862111861045966
ThermoRoute,DampedPersistence,1,04067500,-0.14936198123019667
ThermoRoute,DampedPersistence,1,04077630,-0.1776780742380626
ThermoRoute,DampedPersistence,1,04124200,0.1240349599680445
ThermoRoute,DampedPersistence,1,04125460,-0.19943566508363775
ThermoRoute,DampedPersistence,1,04137005,-0.007280310461231954
ThermoRoute,DampedPersistence,1,04176500,-0.19166488501354612
ThermoRoute,DampedPersistence,1,04208000,-0.29253192484386825
ThermoRoute,DampedPersistence,1,05054000,-0.04558632477561958
ThermoRoute,DampedPersistence,1,05057000,-0.19525771636094802
ThermoRoute,DampedPersistence,1,05289800,-0.11278077869838565
ThermoRoute,DampedPersistence,1,05331833,-0.11155138448973712
ThermoRoute,DampedPersistence,1,05370000,-0.0022320776197515824
ThermoRoute,DampedPersistence,1,05382255,-0.04060420949373578
ThermoRoute,DampedPersistence,1,05382257,-0.01710469977483564
ThermoRoute,DampedPersistence,1,05406457,0.010711609954717205
ThermoRoute,DampedPersistence,1,05458300,-0.24533661457633116
ThermoRoute,DampedPersistence,1,05517000,-0.2615422413634656
ThermoRoute,DampedPersistence,1,06036805,-0.07624271221298884
ThermoRoute,DampedPersistence,1,06036905,-0.0899205589629225
ThermoRoute,DampedPersistence,1,06036940,-0.023354459675935635
ThermoRoute,DampedPersistence,1,06041000,-0.09013961403872495
ThermoRoute,DampedPersistence,1,06623800,0.0009881620785705536
ThermoRoute,DampedPersistence,1,06894000,-0.2933168717312775
ThermoRoute,DampedPersistence,1,06934500,-0.12252574110194908
ThermoRoute,DampedPersistence,1,07106000,-0.03888598637354801
ThermoRoute,DampedPersistence,1,07178200,-0.19947218908209718
ThermoRoute,DampedPersistence,1,07194880,-0.06286870627538821
ThermoRoute,DampedPersistence,1,07332622,-0.2134310834482085
ThermoRoute,DampedPersistence,1,08048000,-0.15528468276612395
ThermoRoute,DampedPersistence,1,08052700,-0.25117795225559814
ThermoRoute,DampedPersistence,1,08065350,-0.1966830141668633
ThermoRoute,DampedPersistence,1,08070200,-0.20836305468392735
ThermoRoute,DampedPersistence,1,08123850,-0.2896944248755454
ThermoRoute,DampedPersistence,1,09136100,-0.0682421861147704
ThermoRoute,DampedPersistence,1,09144250,-0.08961413343220703
ThermoRoute,DampedPersistence,1,09149500,-0.09548702797894104
ThermoRoute,DampedPersistence,1,09163500,-0.13110237026052857
ThermoRoute,DampedPersistence,1,09180000,-0.1101149218410763
ThermoRoute,DampedPersistence,1,09261000,-0.12416324081816865
ThermoRoute,DampedPersistence,1,09302000,-0.07355169801310146
ThermoRoute,DampedPersistence,1,09380000,-0.004585094960266489
ThermoRoute,DampedPersistence,1,10129900,-0.040961217874312617
ThermoRoute,DampedPersistence,1,10301500,-0.11664268158913793
ThermoRoute,DampedPersistence,1,10351600,-0.2079138094089804
ThermoRoute,DampedPersistence,1,11262900,-0.13532167867048384
ThermoRoute,DampedPersistence,1,11467000,-0.09109727594753586
ThermoRoute,DampedPersistence,1,11507500,-0.1951324674269741
ThermoRoute,DampedPersistence,1,12056500,-0.04108301925569935
ThermoRoute,DampedPersistence,1,12115000,0.04157592655427683
ThermoRoute,DampedPersistence,1,12117600,0.01659694802063294
ThermoRoute,DampedPersistence,1,12210700,-0.05867562989323527
ThermoRoute,DampedPersistence,1,12212050,-0.06211177646243904
ThermoRoute,DampedPersistence,1,12213100,-0.12920633429239503
ThermoRoute,DampedPersistence,1,12363000,-0.06862387877051457
ThermoRoute,DampedPersistence,1,12398600,0.021333794320105404
ThermoRoute,DampedPersistence,1,13018350,-0.09385163077724401
ThermoRoute,DampedPersistence,1,13154500,-0.029241523331002384
ThermoRoute,DampedPersistence,1,13317660,-0.041531259468872234
ThermoRoute,DampedPersistence,1,13342500,-0.061057793980705766
ThermoRoute,DampedPersistence,1,14091500,-0.03242855403857864
ThermoRoute,DampedPersistence,1,14150800,-0.14851916745144456
ThermoRoute,DampedPersistence,1,14151000,-0.020064640164743408
ThermoRoute,DampedPersistence,1,14152000,-0.009381152274302307
ThermoRoute,DampedPersistence,1,14153500,0.005261220878466755
ThermoRoute,DampedPersistence,1,14154500,-0.17254288275119545
ThermoRoute,DampedPersistence,1,14159500,0.03651770937148435
ThermoRoute,DampedPersistence,1,14161500,-0.0485529822500369
ThermoRoute,DampedPersistence,1,14179000,-0.055469118300570386
ThermoRoute,DampedPersistence,1,14185000,-0.12417739463414873
ThermoRoute,DampedPersistence,1,14210000,-0.026696317963657623
ThermoRoute,DampedPersistence,1,14211499,-0.13488932486998462
ThermoRoute,DampedPersistence,1,14211500,-0.1738302365225327
ThermoRoute,DampedPersistence,1,14320934,-0.12847691824017637
ThermoRoute,DampedPersistence,1,255534081324000,-0.1792144135068029
ThermoRoute,DampedPersistence,3,01073319,-0.15480777652492628
ThermoRoute,DampedPersistence,3,01104415,-0.08868214975290178
ThermoRoute,DampedPersistence,3,01104455,-0.06645006032811418
ThermoRoute,DampedPersistence,3,01104475,-0.07428171489264024
ThermoRoute,DampedPersistence,3,01129500,-0.1622702475889657
ThermoRoute,DampedPersistence,3,01400500,-0.16702926700558707
ThermoRoute,DampedPersistence,3,01408029,-0.15744803025762355
ThermoRoute,DampedPersistence,3,01425000,0.057392088599903524
ThermoRoute,DampedPersistence,3,01426500,-0.04441468242369906
ThermoRoute,DampedPersistence,3,01427207,-0.17270689110287507
ThermoRoute,DampedPersistence,3,01428500,-0.20751062015015842
ThermoRoute,DampedPersistence,3,01463500,-0.21755046790559507
ThermoRoute,DampedPersistence,3,01480617,-0.13860021515110077
ThermoRoute,DampedPersistence,3,01540500,-0.2117941351778907
ThermoRoute,DampedPersistence,3,01542500,-0.16159539525774091
ThermoRoute,DampedPersistence,3,01549700,-0.21358286180858066
ThermoRoute,DampedPersistence,3,02110701,-0.20891406121685518
ThermoRoute,DampedPersistence,3,02176930,-0.18223007066409558
ThermoRoute,DampedPersistence,3,02266300,-0.13165927318360393
ThermoRoute,DampedPersistence,3,02330450,-0.13709338046964903
ThermoRoute,DampedPersistence,3,02334430,0.06389755532390823
ThermoRoute,DampedPersistence,3,02334885,-0.21536192777492214
ThermoRoute,DampedPersistence,3,02336120,-0.1771720433762647
ThermoRoute,DampedPersistence,3,02336300,-0.17938425124420943
ThermoRoute,DampedPersistence,3,02336728,0.0022042090865592723
ThermoRoute,DampedPersistence,3,02397000,-0.22772655084421833
ThermoRoute,DampedPersistence,3,02455980,-0.13113430132440174
ThermoRoute,DampedPersistence,3,02458450,-0.14291351966728527
ThermoRoute,DampedPersistence,3,02474560,-0.17803375687050593
ThermoRoute,DampedPersistence,3,03007800,-0.19123756308987483
ThermoRoute,DampedPersistence,3,03034000,-0.1878914984972757
ThermoRoute,DampedPersistence,3,03036000,-0.1388520140659235
ThermoRoute,DampedPersistence,3,03047000,-0.26051855535976465
ThermoRoute,DampedPersistence,3,03077500,0.0395148258256629
ThermoRoute,DampedPersistence,3,03105500,-0.21853958862184375
ThermoRoute,DampedPersistence,3,03106000,-0.24337713180647347
ThermoRoute,DampedPersistence,3,03301900,-0.13157530860458322
ThermoRoute,DampedPersistence,3,03353200,-0.1868165540857898
ThermoRoute,DampedPersistence,3,03456991,-0.15793437471128557
ThermoRoute,DampedPersistence,3,04027000,-0.13769359079169097
ThermoRoute,DampedPersistence,3,04043238,-0.06996306983045852
ThermoRoute,DampedPersistence,3,04043244,-0.06270531790122003
ThermoRoute,DampedPersistence,3,04067500,-0.08833838441350395
ThermoRoute,DampedPersistence,3,04077630,-0.12664699604878438
ThermoRoute,DampedPersistence,3,04124200,0.0600757356538652
ThermoRoute,DampedPersistence,3,04125460,-0.11955526852562759
ThermoRoute,DampedPersistence,3,04137005,-0.08374605542655411
ThermoRoute,DampedPersistence,3,04176500,-0.17877568629726714
ThermoRoute,DampedPersistence,3,04208000,-0.19873264251374012
ThermoRoute,DampedPersistence,3,05054000,-0.07063606554375457
ThermoRoute,DampedPersistence,3,05057000,-0.12204571030788869
ThermoRoute,DampedPersistence,3,05289800,-0.07645174031459634
ThermoRoute,DampedPersistence,3,05331833,-0.06827251445860116
ThermoRoute,DampedPersistence,3,05370000,-0.001447677260719149
ThermoRoute,DampedPersistence,3,05382255,-0.040336347608356915
ThermoRoute,DampedPersistence,3,05382257,-0.03844233118064033
ThermoRoute,DampedPersistence,3,05406457,-0.0011102486430349945
ThermoRoute,DampedPersistence,3,05458300,-0.17344537047365005
ThermoRoute,DampedPersistence,3,05517000,-0.17202138115317367
ThermoRoute,DampedPersistence,3,06036805,-0.08260430942243735
ThermoRoute,DampedPersistence,3,06036905,-0.06883502828163923
ThermoRoute,DampedPersistence,3,06036940,-0.042703920406216955
ThermoRoute,DampedPersistence,3,06041000,-0.11409727231580691
ThermoRoute,DampedPersistence,3,06623800,-0.0006389037919277696
ThermoRoute,DampedPersistence,3,06894000,-0.23301632252394788
ThermoRoute,DampedPersistence,3,06934500,-0.14572153363126228
ThermoRoute,DampedPersistence,3,07106000,0.022967400603525645
ThermoRoute,DampedPersistence,3,07178200,-0.12465355453567772
ThermoRoute,DampedPersistence,3,07194880,-0.06802651689995498
ThermoRoute,DampedPersistence,3,07332622,-0.12880606597515065
ThermoRoute,DampedPersistence,3,08048000,-0.09277898680288388
ThermoRoute,DampedPersistence,3,08052700,-0.13538307437924768
ThermoRoute,DampedPersistence,3,08065350,-0.18857432044825928
ThermoRoute,DampedPersistence,3,08070200,-0.17945313534836194
ThermoRoute,DampedPersistence,3,08123850,-0.12306714925367945
ThermoRoute,DampedPersistence,3,09136100,-0.10287479558820412
ThermoRoute,DampedPersistence,3,09144250,-0.10594045999947466
ThermoRoute,DampedPersistence,3,09149500,-0.10017848294260912
ThermoRoute,DampedPersistence,3,09163500,-0.15510327173623994
ThermoRoute,DampedPersistence,3,09180000,-0.1500088912714328
ThermoRoute,DampedPersistence,3,09261000,-0.15026364307157958
ThermoRoute,DampedPersistence,3,09302000,-0.10525399039690897
ThermoRoute,DampedPersistence,3,09380000,-0.03347024373176599
ThermoRoute,DampedPersistence,3,10129900,-0.047489182066338564
ThermoRoute,DampedPersistence,3,10301500,-0.08285736312618153
ThermoRoute,DampedPersistence,3,10351600,-0.18639839267227165
ThermoRoute,DampedPersistence,3,11262900,-0.10028716072270272
ThermoRoute,DampedPersistence,3,11467000,-0.08475492957704878
ThermoRoute,DampedPersistence,3,11507500,-0.15012353160306668
ThermoRoute,DampedPersistence,3,12056500,-0.03364993408920136
ThermoRoute,DampedPersistence,3,12115000,0.04337276840101545
ThermoRoute,DampedPersistence,3,12117600,0.00318738519446804
ThermoRoute,DampedPersistence,3,12210700,-0.047983450561492
ThermoRoute,DampedPersistence,3,12212050,-0.054485873943405316
ThermoRoute,DampedPersistence,3,12213100,-0.09023540561823817
ThermoRoute,DampedPersistence,3,12363000,-0.04062656058761982
ThermoRoute,DampedPersistence,3,12398600,-0.04021243292836629
ThermoRoute,DampedPersistence,3,13018350,-0.07283009760776116
ThermoRoute,DampedPersistence,3,13154500,-0.12153757316901215
ThermoRoute,DampedPersistence,3,13317660,-0.05192162046699911
ThermoRoute,DampedPersistence,3,13342500,-0.03899818244757314
ThermoRoute,DampedPersistence,3,14091500,0.007033544335773412
ThermoRoute,DampedPersistence,3,14150800,-0.11206051689858487
ThermoRoute,DampedPersistence,3,14151000,-0.030617654726479815
ThermoRoute,DampedPersistence,3,14152000,-0.018774805476674872
ThermoRoute,DampedPersistence,3,14153500,-0.06381951875810976
ThermoRoute,DampedPersistence,3,14154500,-0.14662840657702958
ThermoRoute,DampedPersistence,3,14159500,0.008074587117535836
ThermoRoute,DampedPersistence,3,14161500,-0.04221089137889811
ThermoRoute,DampedPersistence,3,14179000,-0.04160298571398824
ThermoRoute,DampedPersistence,3,14185000,-0.09333792010613151
ThermoRoute,DampedPersistence,3,14210000,-0.10914426265170873
ThermoRoute,DampedPersistence,3,14211499,-0.06455463601830669
ThermoRoute,DampedPersistence,3,14211500,-0.09739230096974327
ThermoRoute,DampedPersistence,3,14320934,-0.0790535925827005
ThermoRoute,DampedPersistence,3,255534081324000,-0.1356103273886986
ThermoRoute,DampedPersistence,7,01073319,-0.1092338652586573
ThermoRoute,DampedPersistence,7,01104415,-0.06494213723971565
ThermoRoute,DampedPersistence,7,01104455,-0.05571851051253507
ThermoRoute,DampedPersistence,7,01104475,-0.05414362123469285
ThermoRoute,DampedPersistence,7,01129500,-0.1068896158843402
ThermoRoute,DampedPersistence,7,01400500,-0.06762790549645414
ThermoRoute,DampedPersistence,7,01408029,-0.06730576609647598
ThermoRoute,DampedPersistence,7,01425000,0.06534047777148677
ThermoRoute,DampedPersistence,7,01426500,-0.030518458676937144
ThermoRoute,DampedPersistence,7,01427207,-0.05610598874737582
ThermoRoute,DampedPersistence,7,01428500,-0.11562756815811603
ThermoRoute,DampedPersistence,7,01463500,-0.12792455423462545
ThermoRoute,DampedPersistence,7,01480617,-0.03807068801265312
ThermoRoute,DampedPersistence,7,01540500,-0.14467550936205043
ThermoRoute,DampedPersistence,7,01542500,-0.053810458864746114
ThermoRoute,DampedPersistence,7,01549700,-0.11600964089952948
ThermoRoute,DampedPersistence,7,02110701,-0.08311582052656341
ThermoRoute,DampedPersistence,7,02176930,-0.0654105328020671
ThermoRoute,DampedPersistence,7,02266300,-0.09688604675127532
ThermoRoute,DampedPersistence,7,02330450,-0.050549616351572624
ThermoRoute,DampedPersistence,7,02334430,-0.18108038481051142
ThermoRoute,DampedPersistence,7,02334885,-0.08420820375410543
ThermoRoute,DampedPersistence,7,02336120,-0.05870924473215888
ThermoRoute,DampedPersistence,7,02336300,-0.07082161309463642
ThermoRoute,DampedPersistence,7,02336728,-0.024171176640681136
ThermoRoute,DampedPersistence,7,02397000,-0.12051624058261057
ThermoRoute,DampedPersistence,7,02455980,-0.03291108148349475
ThermoRoute,DampedPersistence,7,02458450,-0.05443690038362292
ThermoRoute,DampedPersistence,7,02474560,-0.10380271866026325
ThermoRoute,DampedPersistence,7,03007800,-0.08738625705062653
ThermoRoute,DampedPersistence,7,03034000,-0.10351194594042346
ThermoRoute,DampedPersistence,7,03036000,-0.12845886215083913
ThermoRoute,DampedPersistence,7,03047000,-0.19300386389819346
ThermoRoute,DampedPersistence,7,03077500,-0.008302743538405877
ThermoRoute,DampedPersistence,7,03105500,-0.0936727419705079
ThermoRoute,DampedPersistence,7,03106000,-0.11536236169196279
ThermoRoute,DampedPersistence,7,03301900,-0.03252305021945556
ThermoRoute,DampedPersistence,7,03353200,-0.07127211702149516
ThermoRoute,DampedPersistence,7,03456991,-0.060687598945343924
ThermoRoute,DampedPersistence,7,04027000,-0.10197475363228037
ThermoRoute,DampedPersistence,7,04043238,-0.048223276593027276
ThermoRoute,DampedPersistence,7,04043244,-0.046715365976603085
ThermoRoute,DampedPersistence,7,04067500,-0.12286459892639412
ThermoRoute,DampedPersistence,7,04077630,-0.0997308123400229
ThermoRoute,DampedPersistence,7,04124200,-0.028706428433582842
ThermoRoute,DampedPersistence,7,04125460,-0.06316018421694025
ThermoRoute,DampedPersistence,7,04137005,-0.10343741056019407
ThermoRoute,DampedPersistence,7,04176500,-0.1367476971781323
ThermoRoute,DampedPersistence,7,04208000,-0.09585284374799397
ThermoRoute,DampedPersistence,7,05054000,-0.09621433207006724
ThermoRoute,DampedPersistence,7,05057000,-0.07377438851006946
ThermoRoute,DampedPersistence,7,05289800,-0.11755649156161296
ThermoRoute,DampedPersistence,7,05331833,-0.04866833623633737
ThermoRoute,DampedPersistence,7,05370000,-0.0558119746483019
ThermoRoute,DampedPersistence,7,05382255,-0.01239048713319324
ThermoRoute,DampedPersistence,7,05382257,-0.030607108002810746
ThermoRoute,DampedPersistence,7,05406457,0.006008668919693871
ThermoRoute,DampedPersistence,7,05458300,-0.16738678914465233
ThermoRoute,DampedPersistence,7,05517000,-0.07934684746586518
ThermoRoute,DampedPersistence,7,06036805,-0.08896239096429048
ThermoRoute,DampedPersistence,7,06036905,-0.0635377184932795
ThermoRoute,DampedPersistence,7,06036940,-0.10132943527133609
ThermoRoute,DampedPersistence,7,06041000,-0.0716898786727731
ThermoRoute,DampedPersistence,7,06623800,0.015045900837121984
ThermoRoute,DampedPersistence,7,06894000,-0.13101526308048994
ThermoRoute,DampedPersistence,7,06934500,-0.1372991574879472
ThermoRoute,DampedPersistence,7,07106000,0.025699163920165358
ThermoRoute,DampedPersistence,7,07178200,-0.07435994840652427
ThermoRoute,DampedPersistence,7,07194880,-0.0069261654891579205
ThermoRoute,DampedPersistence,7,07332622,-0.07591315109062569
ThermoRoute,DampedPersistence,7,08048000,-0.07930684899150964
ThermoRoute,DampedPersistence,7,08052700,-0.04538184596134087
ThermoRoute,DampedPersistence,7,08065350,-0.15625222953165618
ThermoRoute,DampedPersistence,7,08070200,-0.11122235654978851
ThermoRoute,DampedPersistence,7,08123850,-0.022592115721751238
ThermoRoute,DampedPersistence,7,09136100,-0.10609682899498751
ThermoRoute,DampedPersistence,7,09144250,-0.0676626435252976
ThermoRoute,DampedPersistence,7,09149500,-0.04739999588198329
ThermoRoute,DampedPersistence,7,09163500,-0.11822588891159169
ThermoRoute,DampedPersistence,7,09180000,-0.11774961017767138
ThermoRoute,DampedPersistence,7,09261000,-0.10340732858974877
ThermoRoute,DampedPersistence,7,09302000,-0.10548294486674337
ThermoRoute,DampedPersistence,7,09380000,-0.06997779371564183
ThermoRoute,DampedPersistence,7,10129900,-0.035027615215365904
ThermoRoute,DampedPersistence,7,10301500,-0.033495404488460334
ThermoRoute,DampedPersistence,7,10351600,-0.11993838966628467
ThermoRoute,DampedPersistence,7,11262900,-0.060676202057955875
ThermoRoute,DampedPersistence,7,11467000,-0.03776725581051821
ThermoRoute,DampedPersistence,7,11507500,-0.10373721279010661
ThermoRoute,DampedPersistence,7,12056500,-0.01896303252295828
ThermoRoute,DampedPersistence,7,12115000,0.00601778013063492
ThermoRoute,DampedPersistence,7,12117600,-0.02137475993661686
ThermoRoute,DampedPersistence,7,12210700,-0.029452492866701707
ThermoRoute,DampedPersistence,7,12212050,-0.024382643491062783
ThermoRoute,DampedPersistence,7,12213100,-0.040287052089887254
ThermoRoute,DampedPersistence,7,12363000,-0.04073459001650148
ThermoRoute,DampedPersistence,7,12398600,-0.07440856725215017
ThermoRoute,DampedPersistence,7,13018350,-0.032843758255539646
ThermoRoute,DampedPersistence,7,13154500,-0.07648103974954246
ThermoRoute,DampedPersistence,7,13317660,-0.01468361763663839
ThermoRoute,DampedPersistence,7,13342500,-0.013923191402037904
ThermoRoute,DampedPersistence,7,14091500,0.006990047985727665
ThermoRoute,DampedPersistence,7,14150800,-0.10129207634694581
ThermoRoute,DampedPersistence,7,14151000,-0.03416625125600925
ThermoRoute,DampedPersistence,7,14152000,-0.02872928538253683
ThermoRoute,DampedPersistence,7,14153500,-0.0563753317497534
ThermoRoute,DampedPersistence,7,14154500,-0.11921378237078661
ThermoRoute,DampedPersistence,7,14159500,-0.016231318101210035
ThermoRoute,DampedPersistence,7,14161500,-0.057441524738689465
ThermoRoute,DampedPersistence,7,14179000,-0.06104365893934216
ThermoRoute,DampedPersistence,7,14185000,-0.07740070006587896
ThermoRoute,DampedPersistence,7,14210000,-0.07937875117247029
ThermoRoute,DampedPersistence,7,14211499,-0.05651479694525996
ThermoRoute,DampedPersistence,7,14211500,-0.07582060852708472
ThermoRoute,DampedPersistence,7,14320934,-0.07803055201880627
ThermoRoute,DampedPersistence,7,255534081324000,-0.11410091195408745
ThermoRoute,Climatology,1,01073319,-1.2435954814920405
ThermoRoute,Climatology,1,01104415,-0.8025929724872253
ThermoRoute,Climatology,1,01104455,-1.0199494889737613
ThermoRoute,Climatology,1,01104475,-1.1412892354772022
ThermoRoute,Climatology,1,01129500,-1.1451631440483845
ThermoRoute,Climatology,1,01400500,-1.482353057453797
ThermoRoute,Climatology,1,01408029,-1.2369097059642562
ThermoRoute,Climatology,1,01425000,-0.9531195834257081
ThermoRoute,Climatology,1,01426500,-0.8191622829171769
ThermoRoute,Climatology,1,01427207,-1.1972946131556743
ThermoRoute,Climatology,1,01428500,-1.5172074793637944
ThermoRoute,Climatology,1,01463500,-1.4068827388830012
ThermoRoute,Climatology,1,01480617,-1.2000591876256197
ThermoRoute,Climatology,1,01540500,-1.4737315251718885
ThermoRoute,Climatology,1,01542500,-1.4686822717860526
ThermoRoute,Climatology,1,01549700,-1.5825404571374568
ThermoRoute,Climatology,1,02110701,-1.5678675531182966
ThermoRoute,Climatology,1,02176930,-1.3239375536222824
ThermoRoute,Climatology,1,02266300,-1.4078550436489317
ThermoRoute,Climatology,1,02330450,-1.0868398992554722
ThermoRoute,Climatology,1,02334430,-1.4067511953108023
ThermoRoute,Climatology,1,02334885,-1.5095532570713632
ThermoRoute,Climatology,1,02336120,-1.4393386030587474
ThermoRoute,Climatology,1,02336300,-1.4827502330613407
ThermoRoute,Climatology,1,02336728,-2.5906724340047487
ThermoRoute,Climatology,1,02397000,-1.2392844680422583
ThermoRoute,Climatology,1,02455980,-1.0517808646151179
ThermoRoute,Climatology,1,02458450,-1.2418628145533281
ThermoRoute,Climatology,1,02474560,-2.019591867054496
ThermoRoute,Climatology,1,03007800,-1.4946651946804477
ThermoRoute,Climatology,1,03034000,-1.4849030080642143
ThermoRoute,Climatology,1,03036000,-1.1590557024607184
ThermoRoute,Climatology,1,03047000,-1.3292695077146708
ThermoRoute,Climatology,1,03077500,-1.1115148511644977
ThermoRoute,Climatology,1,03105500,-1.6509298801093792
ThermoRoute,Climatology,1,03106000,-1.634620830875717
ThermoRoute,Climatology,1,03301900,-1.3256146404998619
ThermoRoute,Climatology,1,03353200,-1.4877522647379462
ThermoRoute,Climatology,1,03456991,-1.2499669957736441
ThermoRoute,Climatology,1,04027000,-1.47662281312073
ThermoRoute,Climatology,1,04043238,-0.9836076366104678
ThermoRoute,Climatology,1,04043244,-0.8983328911057654
ThermoRoute,Climatology,1,04067500,-1.3287919683343863
ThermoRoute,Climatology,1,04077630,-1.1899438271077944
ThermoRoute,Climatology,1,04124200,-0.7807045498672316
ThermoRoute,Climatology,1,04125460,-1.0515213685444835
ThermoRoute,Climatology,1,04137005,-1.098998424741397
ThermoRoute,Climatology,1,04176500,-1.5184494310173855
ThermoRoute,Climatology,1,04208000,-1.4600567364810655
ThermoRoute,Climatology,1,05054000,-1.6548898550200275
ThermoRoute,Climatology,1,05057000,-1.6103734361183641
ThermoRoute,Climatology,1,05289800,-1.3879603441080552
ThermoRoute,Climatology,1,05331833,-1.021115063343192
ThermoRoute,Climatology,1,05370000,-0.93118217702171
ThermoRoute,Climatology,1,05382255,-0.7733642875391057
ThermoRoute,Climatology,1,05382257,-0.6047077269916226
ThermoRoute,Climatology,1,05406457,-0.5563048623085162
ThermoRoute,Climatology,1,05458300,-1.696976233330274
ThermoRoute,Climatology,1,05517000,-1.6360970875395076
ThermoRoute,Climatology,1,06036805,-0.8534428701806833
ThermoRoute,Climatology,1,06036905,-1.0437312249827553
ThermoRoute,Climatology,1,06036940,-1.1966916554996623
ThermoRoute,Climatology,1,06041000,-1.2505115110758414
ThermoRoute,Climatology,1,06623800,-0.35486649563939265
ThermoRoute,Climatology,1,06894000,-1.6104654913081047
ThermoRoute,Climatology,1,06934500,-1.4352524454651934
ThermoRoute,Climatology,1,07106000,-0.6912610441270501
ThermoRoute,Climatology,1,07178200,-1.7166489019966815
ThermoRoute,Climatology,1,07194880,-0.694598406441116
ThermoRoute,Climatology,1,07332622,-1.5473580790893182
ThermoRoute,Climatology,1,08048000,-1.5513861268038254
ThermoRoute,Climatology,1,08052700,-1.5892499162343037
ThermoRoute,Climatology,1,08065350,-1.8859080263994858
ThermoRoute,Climatology,1,08070200,-1.7980072692212687
ThermoRoute,Climatology,1,08123850,-1.5581868991796863
ThermoRoute,Climatology,1,09136100,-1.24018444029861
ThermoRoute,Climatology,1,09144250,-1.2441828741390295
ThermoRoute,Climatology,1,09149500,-0.7750846008606499
ThermoRoute,Climatology,1,09163500,-1.4016634377160908
ThermoRoute,Climatology,1,09180000,-1.4299666565255085
ThermoRoute,Climatology,1,09261000,-1.1220014961627025
ThermoRoute,Climatology,1,09302000,-1.3992562664282455
ThermoRoute,Climatology,1,09380000,-3.4268250045002384
ThermoRoute,Climatology,1,10129900,-0.9703243749768381
ThermoRoute,Climatology,1,10301500,-1.2499201560693192
ThermoRoute,Climatology,1,10351600,-1.5395439162330191
ThermoRoute,Climatology,1,11262900,-0.9458727562446884
ThermoRoute,Climatology,1,11467000,-1.098867287588754
ThermoRoute,Climatology,1,11507500,-1.541368149194382
ThermoRoute,Climatology,1,12056500,-0.6694276220090805
ThermoRoute,Climatology,1,12115000,-0.5210380275259772
ThermoRoute,Climatology,1,12117600,-0.6503380034175479
ThermoRoute,Climatology,1,12210700,-0.7973485627310003
ThermoRoute,Climatology,1,12212050,-0.9630434742992646
ThermoRoute,Climatology,1,12213100,-1.0790291318638192
ThermoRoute,Climatology,1,12363000,-0.9579339200143611
ThermoRoute,Climatology,1,12398600,-1.4713002883905313
ThermoRoute,Climatology,1,13018350,-0.8519612497852954
ThermoRoute,Climatology,1,13154500,-0.8382258258761077
ThermoRoute,Climatology,1,13317660,-0.9047514555125583
ThermoRoute,Climatology,1,13342500,-0.9428816822818509
ThermoRoute,Climatology,1,14091500,-0.2695669346580435
ThermoRoute,Climatology,1,14150800,-1.378901632857686
ThermoRoute,Climatology,1,14151000,-2.4259514616756577
ThermoRoute,Climatology,1,14152000,-1.1252078753137478
ThermoRoute,Climatology,1,14153500,-2.097640453367783
ThermoRoute,Climatology,1,14154500,-1.7829259504819839
ThermoRoute,Climatology,1,14159500,-0.9389226635205972
ThermoRoute,Climatology,1,14161500,-0.9834081886890613
ThermoRoute,Climatology,1,14179000,-1.027093363569538
ThermoRoute,Climatology,1,14185000,-1.2056165332517956
ThermoRoute,Climatology,1,14210000,-1.2474842824365513
ThermoRoute,Climatology,1,14211499,-1.1539551681273272
ThermoRoute,Climatology,1,14211500,-1.3667478264879112
ThermoRoute,Climatology,1,14320934,-1.4355517247580003
ThermoRoute,Climatology,1,255534081324000,-1.134137045611451
ThermoRoute,Climatology,3,01073319,-0.36129369920074983
ThermoRoute,Climatology,3,01104415,-0.24417032384011672
ThermoRoute,Climatology,3,01104455,-0.48436126465042073
ThermoRoute,Climatology,3,01104475,-0.47599106508258826
ThermoRoute,Climatology,3,01129500,-0.4086548143522759
ThermoRoute,Climatology,3,01400500,-0.49543228194288935
ThermoRoute,Climatology,3,01408029,-0.32810710929947895
ThermoRoute,Climatology,3,01425000,-0.6245040773434403
ThermoRoute,Climatology,3,01426500,-0.41017253571848933
ThermoRoute,Climatology,3,01427207,-0.3933882558258044
ThermoRoute,Climatology,3,01428500,-0.5956343325902764
ThermoRoute,Climatology,3,01463500,-0.6085218135551902
ThermoRoute,Climatology,3,01480617,-0.38584631828066907
ThermoRoute,Climatology,3,01540500,-0.7617872457861026
ThermoRoute,Climatology,3,01542500,-0.5268538235913818
ThermoRoute,Climatology,3,01549700,-0.6133254119743186
ThermoRoute,Climatology,3,02110701,-0.5409695661611222
ThermoRoute,Climatology,3,02176930,-0.5238609679397317
ThermoRoute,Climatology,3,02266300,-0.5727511470812205
ThermoRoute,Climatology,3,02330450,-0.3871419266044085
ThermoRoute,Climatology,3,02334430,-1.3080656248866263
ThermoRoute,Climatology,3,02334885,-0.5369055147512796
ThermoRoute,Climatology,3,02336120,-0.47614279558092654
ThermoRoute,Climatology,3,02336300,-0.4862795928241004
ThermoRoute,Climatology,3,02336728,-1.7243917823717356
ThermoRoute,Climatology,3,02397000,-0.5835531578834523
ThermoRoute,Climatology,3,02455980,-0.3429989316786617
ThermoRoute,Climatology,3,02458450,-0.49038014269741703
ThermoRoute,Climatology,3,02474560,-1.0742570933009379
ThermoRoute,Climatology,3,03007800,-0.5331192675425518
ThermoRoute,Climatology,3,03034000,-0.484511234617387
ThermoRoute,Climatology,3,03036000,-0.7662553498390858
ThermoRoute,Climatology,3,03047000,-0.7358825754200125
ThermoRoute,Climatology,3,03077500,-0.9349114075013165
ThermoRoute,Climatology,3,03105500,-0.7068338405062198
ThermoRoute,Climatology,3,03106000,-0.516892098638674
ThermoRoute,Climatology,3,03301900,-0.4754078138690372
ThermoRoute,Climatology,3,03353200,-0.416033772588402
ThermoRoute,Climatology,3,03456991,-0.4878889984100221
ThermoRoute,Climatology,3,04027000,-0.5369992516292275
ThermoRoute,Climatology,3,04043238,-0.3284043378565902
ThermoRoute,Climatology,3,04043244,-0.2905493794092313
ThermoRoute,Climatology,3,04067500,-0.5852738817757084
ThermoRoute,Climatology,3,04077630,-0.3624237280648763
ThermoRoute,Climatology,3,04124200,-0.5797079333692643
ThermoRoute,Climatology,3,04125460,-0.3300629538369957
ThermoRoute,Climatology,3,04137005,-0.6980346178037306
ThermoRoute,Climatology,3,04176500,-0.7154441269849063
ThermoRoute,Climatology,3,04208000,-0.4952575987417147
ThermoRoute,Climatology,3,05054000,-1.1279883707472589
ThermoRoute,Climatology,3,05057000,-0.7162923482391459
ThermoRoute,Climatology,3,05289800,-0.6074749724748267
ThermoRoute,Climatology,3,05331833,-0.3662367041475423
ThermoRoute,Climatology,3,05370000,-0.48251710698375627
ThermoRoute,Climatology,3,05382255,-0.2819164856521512
ThermoRoute,Climatology,3,05382257,-0.15631128533922922
ThermoRoute,Climatology,3,05406457,-0.1917227551673688
ThermoRoute,Climatology,3,05458300,-0.6431892864842033
ThermoRoute,Climatology,3,05517000,-0.6030834110747576
ThermoRoute,Climatology,3,06036805,-0.3480243235030871
ThermoRoute,Climatology,3,06036905,-0.3552323195827123
ThermoRoute,Climatology,3,06036940,-0.5502917220936949
ThermoRoute,Climatology,3,06041000,-0.6458765642588697
ThermoRoute,Climatology,3,06623800,-0.11356055989370983
ThermoRoute,Climatology,3,06894000,-0.6381794175650699
ThermoRoute,Climatology,3,06934500,-0.8316708091287375
ThermoRoute,Climatology,3,07106000,-0.06947643130273606
ThermoRoute,Climatology,3,07178200,-0.8618383652387152
ThermoRoute,Climatology,3,07194880,-0.25210456466064146
ThermoRoute,Climatology,3,07332622,-0.5530724796963851
ThermoRoute,Climatology,3,08048000,-0.7236118152266451
ThermoRoute,Climatology,3,08052700,-0.43552185765810103
ThermoRoute,Climatology,3,08065350,-1.0202713926550795
ThermoRoute,Climatology,3,08070200,-0.8481978455357875
ThermoRoute,Climatology,3,08123850,-0.44271249943927904
ThermoRoute,Climatology,3,09136100,-0.7823334140609581
ThermoRoute,Climatology,3,09144250,-0.741897335932304
ThermoRoute,Climatology,3,09149500,-0.3264339020832132
ThermoRoute,Climatology,3,09163500,-0.8124893089514975
ThermoRoute,Climatology,3,09180000,-0.8009725609500598
ThermoRoute,Climatology,3,09261000,-0.45382280390557406
ThermoRoute,Climatology,3,09302000,-0.8063796531598966
ThermoRoute,Climatology,3,09380000,-3.189384844627729
ThermoRoute,Climatology,3,10129900,-0.470653448899363
ThermoRoute,Climatology,3,10301500,-0.5037448449287687
ThermoRoute,Climatology,3,10351600,-0.7734933675850815
ThermoRoute,Climatology,3,11262900,-0.24386372040424997
ThermoRoute,Climatology,3,11467000,-0.5707727196097941
ThermoRoute,Climatology,3,11507500,-0.7420504571630664
ThermoRoute,Climatology,3,12056500,-0.3952516367700697
ThermoRoute,Climatology,3,12115000,-0.2789553723481065
ThermoRoute,Climatology,3,12117600,-0.3750578229532404
ThermoRoute,Climatology,3,12210700,-0.3409882259047021
ThermoRoute,Climatology,3,12212050,-0.4482144601254012
ThermoRoute,Climatology,3,12213100,-0.5009838266737496
ThermoRoute,Climatology,3,12363000,-0.5623362982050046
ThermoRoute,Climatology,3,12398600,-1.1524177765155876
ThermoRoute,Climatology,3,13018350,-0.23654539447499134
ThermoRoute,Climatology,3,13154500,-0.544576526206604
ThermoRoute,Climatology,3,13317660,-0.6035456055356676
ThermoRoute,Climatology,3,13342500,-0.4898805788005244
ThermoRoute,Climatology,3,14091500,-0.031368716301267474
ThermoRoute,Climatology,3,14150800,-0.6891528031357601
ThermoRoute,Climatology,3,14151000,-1.8087207133395033
ThermoRoute,Climatology,3,14152000,-0.8046771284171457
ThermoRoute,Climatology,3,14153500,-1.837035067825793
ThermoRoute,Climatology,3,14154500,-1.0609046543928708
ThermoRoute,Climatology,3,14159500,-0.6989895387837982
ThermoRoute,Climatology,3,14161500,-0.5656665239364698
ThermoRoute,Climatology,3,14179000,-0.60376683009616
ThermoRoute,Climatology,3,14185000,-0.605359433491526
ThermoRoute,Climatology,3,14210000,-0.9186570304509184
ThermoRoute,Climatology,3,14211499,-0.4201427932206836
ThermoRoute,Climatology,3,14211500,-0.5153519658862682
ThermoRoute,Climatology,3,14320934,-0.8283266667837796
ThermoRoute,Climatology,3,255534081324000,-0.21877635463485023
ThermoRoute,Climatology,7,01073319,-0.06549668492923222
ThermoRoute,Climatology,7,01104415,-0.13133918004670342
ThermoRoute,Climatology,7,01104455,-0.28406636910538463
ThermoRoute,Climatology,7,01104475,-0.24633537874907807
ThermoRoute,Climatology,7,01129500,-0.15624473743545764
ThermoRoute,Climatology,7,01400500,-0.10030428067389652
ThermoRoute,Climatology,7,01408029,-0.12564654379529894
ThermoRoute,Climatology,7,01425000,-0.4093126506176905
ThermoRoute,Climatology,7,01426500,-0.22004180049587263
ThermoRoute,Climatology,7,01427207,-0.021052153128515494
ThermoRoute,Climatology,7,01428500,-0.054707980061710515
ThermoRoute,Climatology,7,01463500,-0.09706905189998194
ThermoRoute,Climatology,7,01480617,-0.12294491188653267
ThermoRoute,Climatology,7,01540500,-0.19420556468387962
ThermoRoute,Climatology,7,01542500,-0.09618747481004863
ThermoRoute,Climatology,7,01549700,-0.1540994234211439
ThermoRoute,Climatology,7,02110701,-0.12928352571735813
ThermoRoute,Climatology,7,02176930,-0.18572286674041982
ThermoRoute,Climatology,7,02266300,-0.2744990304380235
ThermoRoute,Climatology,7,02330450,-0.12226351148114412
ThermoRoute,Climatology,7,02334430,-1.30743544736686
ThermoRoute,Climatology,7,02334885,-0.1272807292652871
ThermoRoute,Climatology,7,02336120,-0.1164653418532926
ThermoRoute,Climatology,7,02336300,-0.12496641099092543
ThermoRoute,Climatology,7,02336728,-0.9994343259378415
ThermoRoute,Climatology,7,02397000,-0.1394744845031859
ThermoRoute,Climatology,7,02455980,-0.08194590315948536
ThermoRoute,Climatology,7,02458450,-0.1671687209008772
ThermoRoute,Climatology,7,02474560,-0.3551698245526316
ThermoRoute,Climatology,7,03007800,-0.14058742258969792
ThermoRoute,Climatology,7,03034000,-0.1536072423582593
ThermoRoute,Climatology,7,03036000,-0.2975897102112639
ThermoRoute,Climatology,7,03047000,-0.10268488472003678
ThermoRoute,Climatology,7,03077500,-0.7898627630869752
ThermoRoute,Climatology,7,03105500,-0.2735570493325401
ThermoRoute,Climatology,7,03106000,-0.0799355066961871
ThermoRoute,Climatology,7,03301900,-0.1696156456095399
ThermoRoute,Climatology,7,03353200,-0.04846069032212208
ThermoRoute,Climatology,7,03456991,-0.14173514274023025
ThermoRoute,Climatology,7,04027000,-0.17704565335230305
ThermoRoute,Climatology,7,04043238,-0.07275119758333282
ThermoRoute,Climatology,7,04043244,-0.06597443107992795
ThermoRoute,Climatology,7,04067500,-0.06807069626659401
ThermoRoute,Climatology,7,04077630,-0.010114819874076142
ThermoRoute,Climatology,7,04124200,-0.2800435700930317
ThermoRoute,Climatology,7,04125460,-0.043801680066320126
ThermoRoute,Climatology,7,04137005,-0.1602935861674779
ThermoRoute,Climatology,7,04176500,-0.0630200379439636
ThermoRoute,Climatology,7,04208000,-0.102786305813523
ThermoRoute,Climatology,7,05054000,-0.5295197768134612
ThermoRoute,Climatology,7,05057000,-0.21093061850607886
ThermoRoute,Climatology,7,05289800,-0.18626586485261698
ThermoRoute,Climatology,7,05331833,-0.1107820217127089
ThermoRoute,Climatology,7,05370000,-0.14253938117997866
ThermoRoute,Climatology,7,05382255,-0.0045187659158119065
ThermoRoute,Climatology,7,05382257,-0.05701936602188451
ThermoRoute,Climatology,7,05406457,-0.049010301831127645
ThermoRoute,Climatology,7,05458300,-0.11687072853984404
ThermoRoute,Climatology,7,05517000,-0.1206543575605159
ThermoRoute,Climatology,7,06036805,-0.20279860824329532
ThermoRoute,Climatology,7,06036905,-0.16856107691275368
ThermoRoute,Climatology,7,06036940,-0.24054985856823086
ThermoRoute,Climatology,7,06041000,-0.1381570763206732
ThermoRoute,Climatology,7,06623800,-0.008599647949684597
ThermoRoute,Climatology,7,06894000,-0.060547312333548486
ThermoRoute,Climatology,7,06934500,-0.19609329620242755
ThermoRoute,Climatology,7,07106000,0.005319702558213457
ThermoRoute,Climatology,7,07178200,-0.29537111585315623
ThermoRoute,Climatology,7,07194880,-0.061653727198120345
ThermoRoute,Climatology,7,07332622,-0.13916284304798632
ThermoRoute,Climatology,7,08048000,-0.23721021121365093
ThermoRoute,Climatology,7,08052700,-0.05269043130567708
ThermoRoute,Climatology,7,08065350,-0.23282633296812394
ThermoRoute,Climatology,7,08070200,-0.18714383646155763
ThermoRoute,Climatology,7,08123850,-0.05882164213951491
ThermoRoute,Climatology,7,09136100,-0.5652303866298518
ThermoRoute,Climatology,7,09144250,-0.515998054696966
ThermoRoute,Climatology,7,09149500,-0.1661142336999235
ThermoRoute,Climatology,7,09163500,-0.46251303261527
ThermoRoute,Climatology,7,09180000,-0.49240607618072696
ThermoRoute,Climatology,7,09261000,-0.08006676745501484
ThermoRoute,Climatology,7,09302000,-0.4815247668982674
ThermoRoute,Climatology,7,09380000,-2.909277881438096
ThermoRoute,Climatology,7,10129900,-0.300072755466225
ThermoRoute,Climatology,7,10301500,-0.17060773225119985
ThermoRoute,Climatology,7,10351600,-0.41855960785793833
ThermoRoute,Climatology,7,11262900,-0.06133476403700411
ThermoRoute,Climatology,7,11467000,-0.22765361887276114
ThermoRoute,Climatology,7,11507500,-0.17804531906978305
ThermoRoute,Climatology,7,12056500,-0.21527376314115265
ThermoRoute,Climatology,7,12115000,-0.16383705275968163
ThermoRoute,Climatology,7,12117600,-0.21944396475801442
ThermoRoute,Climatology,7,12210700,-0.14114291196417472
ThermoRoute,Climatology,7,12212050,-0.15584453626452288
ThermoRoute,Climatology,7,12213100,-0.2707368444481457
ThermoRoute,Climatology,7,12363000,-0.361727558096528
ThermoRoute,Climatology,7,12398600,-0.7728956353356913
ThermoRoute,Climatology,7,13018350,-0.11371829774615994
ThermoRoute,Climatology,7,13154500,-0.256104682661055
ThermoRoute,Climatology,7,13317660,-0.3641367472890964
ThermoRoute,Climatology,7,13342500,-0.20433190523977984
ThermoRoute,Climatology,7,14091500,-0.002723938743767862
ThermoRoute,Climatology,7,14150800,-0.3369965127586203
ThermoRoute,Climatology,7,14151000,-1.3019236651882922
ThermoRoute,Climatology,7,14152000,-0.5387545510933762
ThermoRoute,Climatology,7,14153500,-1.4757756909276365
ThermoRoute,Climatology,7,14154500,-0.6359772738068847
ThermoRoute,Climatology,7,14159500,-0.4441226792248236
ThermoRoute,Climatology,7,14161500,-0.32752456103647654
ThermoRoute,Climatology,7,14179000,-0.4004061376482517
ThermoRoute,Climatology,7,14185000,-0.3173154191363079
ThermoRoute,Climatology,7,14210000,-0.5499974477577446
ThermoRoute,Climatology,7,14211499,-0.12025899061289391
ThermoRoute,Climatology,7,14211500,-0.1433762671446117
ThermoRoute,Climatology,7,14320934,-0.45399670316215635
ThermoRoute,Climatology,7,255534081324000,-0.03003808410028852
ThermoRoute-ext,Persistence,1,01073319,-0.24838854652741904
ThermoRoute-ext,Persistence,1,01104415,-0.20188737535686807
ThermoRoute-ext,Persistence,1,01104455,-0.15198177213517694
ThermoRoute-ext,Persistence,1,01104475,-0.18660989166494224
ThermoRoute-ext,Persistence,1,01129500,-0.21199557022609283
ThermoRoute-ext,Persistence,1,01400500,-0.3239515977252705
ThermoRoute-ext,Persistence,1,01408029,-0.3101888923536448
ThermoRoute-ext,Persistence,1,01425000,0.05221521651017674
ThermoRoute-ext,Persistence,1,01426500,-0.07726897221355544
ThermoRoute-ext,Persistence,1,01427207,-0.2445296976996556
ThermoRoute-ext,Persistence,1,01428500,-0.2769038005554888
ThermoRoute-ext,Persistence,1,01463500,-0.24004590690562622
ThermoRoute-ext,Persistence,1,01480617,-0.29690236842472906
ThermoRoute-ext,Persistence,1,01540500,-0.23086853623892195
ThermoRoute-ext,Persistence,1,01542500,-0.29413197083145515
ThermoRoute-ext,Persistence,1,01549700,-0.2795878473608788
ThermoRoute-ext,Persistence,1,02110701,-0.3170191416686542
ThermoRoute-ext,Persistence,1,02176930,-0.24138971685740573
ThermoRoute-ext,Persistence,1,02266300,-0.24582093476024292
ThermoRoute-ext,Persistence,1,02330450,-0.1865539511075528
ThermoRoute-ext,Persistence,1,02334430,0.16088326545443346
ThermoRoute-ext,Persistence,1,02334885,-0.35210262443141516
ThermoRoute-ext,Persistence,1,02336120,-0.32745937774258693
ThermoRoute-ext,Persistence,1,02336300,-0.3347767982829256
ThermoRoute-ext,Persistence,1,02336728,-0.16134552829277593
ThermoRoute-ext,Persistence,1,02397000,-0.24291825583298887
ThermoRoute-ext,Persistence,1,02455980,-0.24667093673476526
ThermoRoute-ext,Persistence,1,02458450,-0.24361820299304515
ThermoRoute-ext,Persistence,1,02474560,-0.279100731612577
ThermoRoute-ext,Persistence,1,03007800,-0.2983376355720828
ThermoRoute-ext,Persistence,1,03034000,-0.3062782665284639
ThermoRoute-ext,Persistence,1,03036000,0.09389624608424896
ThermoRoute-ext,Persistence,1,03047000,-0.005269472050188573
ThermoRoute-ext,Persistence,1,03077500,0.1518274815239422
ThermoRoute-ext,Persistence,1,03105500,-0.2927908300850163
ThermoRoute-ext,Persistence,1,03106000,-0.3676783478154835
ThermoRoute-ext,Persistence,1,03301900,-0.2777726485399503
ThermoRoute-ext,Persistence,1,03353200,-0.34006789002388027
ThermoRoute-ext,Persistence,1,03456991,-0.22908593441654257
ThermoRoute-ext,Persistence,1,04027000,-0.2982772496278535
ThermoRoute-ext,Persistence,1,04043238,-0.17160429884637274
ThermoRoute-ext,Persistence,1,04043244,-0.16703728569819098
ThermoRoute-ext,Persistence,1,04067500,-0.19876922472127756
ThermoRoute-ext,Persistence,1,04077630,-0.22416317300876232
ThermoRoute-ext,Persistence,1,04124200,0.15100395859295912
ThermoRoute-ext,Persistence,1,04125460,-0.20942079756847654
ThermoRoute-ext,Persistence,1,04137005,-0.006203376026073404
ThermoRoute-ext,Persistence,1,04176500,-0.2190112553530814
ThermoRoute-ext,Persistence,1,04208000,-0.3251861606758696
ThermoRoute-ext,Persistence,1,05054000,-0.10062645182511315
ThermoRoute-ext,Persistence,1,05057000,-0.26630406560236675
ThermoRoute-ext,Persistence,1,05289800,-0.14696916947785799
ThermoRoute-ext,Persistence,1,05331833,-0.1448831709146171
ThermoRoute-ext,Persistence,1,05370000,0.009405368690096394
ThermoRoute-ext,Persistence,1,05382255,-0.07382422866349247
ThermoRoute-ext,Persistence,1,05382257,-0.11831366053011116
ThermoRoute-ext,Persistence,1,05406457,-0.03163664149594181
ThermoRoute-ext,Persistence,1,05458300,-0.29140823979764563
ThermoRoute-ext,Persistence,1,05517000,-0.30336182998641215
ThermoRoute-ext,Persistence,1,06036805,-0.10054475799605356
ThermoRoute-ext,Persistence,1,06036905,-0.12245173750195304
ThermoRoute-ext,Persistence,1,06036940,-0.080469779976313
ThermoRoute-ext,Persistence,1,06041000,-0.11649619677607914
ThermoRoute-ext,Persistence,1,06623800,-0.03530509909577728
ThermoRoute-ext,Persistence,1,06894000,-0.3294786233556225
ThermoRoute-ext,Persistence,1,06934500,-0.1950364628622938
ThermoRoute-ext,Persistence,1,07106000,-0.09316672971182971
ThermoRoute-ext,Persistence,1,07178200,-0.22743123076422422
ThermoRoute-ext,Persistence,1,07194880,-0.09936478293341622
ThermoRoute-ext,Persistence,1,07332622,-0.252414488611189
ThermoRoute-ext,Persistence,1,08048000,-0.14987981957065344
ThermoRoute-ext,Persistence,1,08052700,-0.30198778813815275
ThermoRoute-ext,Persistence,1,08065350,-0.20863022376757212
ThermoRoute-ext,Persistence,1,08070200,-0.22858110585942704
ThermoRoute-ext,Persistence,1,08123850,-0.32638183343415106
ThermoRoute-ext,Persistence,1,09136100,-0.11061362808819519
ThermoRoute-ext,Persistence,1,09144250,-0.1316361094484234
ThermoRoute-ext,Persistence,1,09149500,-0.14042949308614228
ThermoRoute-ext,Persistence,1,09163500,-0.15927104691985983
ThermoRoute-ext,Persistence,1,09180000,-0.13118189773441702
ThermoRoute-ext,Persistence,1,09261000,-0.14009364438069782
ThermoRoute-ext,Persistence,1,09302000,-0.12236825668521123
ThermoRoute-ext,Persistence,1,09380000,0.014608307084965189
ThermoRoute-ext,Persistence,1,10129900,-0.06055838611144371
ThermoRoute-ext,Persistence,1,10301500,-0.1572684632337461
ThermoRoute-ext,Persistence,1,10351600,-0.22984213666701847
ThermoRoute-ext,Persistence,1,11262900,-0.20147531084571046
ThermoRoute-ext,Persistence,1,11467000,-0.1110266740170478
ThermoRoute-ext,Persistence,1,11507500,-0.2276642352877003
ThermoRoute-ext,Persistence,1,12056500,-0.04968128217126366
ThermoRoute-ext,Persistence,1,12115000,0.0022773200850917386
ThermoRoute-ext,Persistence,1,12117600,-0.038926279565044075
ThermoRoute-ext,Persistence,1,12210700,-0.09030626385229656
ThermoRoute-ext,Persistence,1,12212050,-0.09998856493131658
ThermoRoute-ext,Persistence,1,12213100,-0.1502565955060412
ThermoRoute-ext,Persistence,1,12363000,-0.0744900477899047
ThermoRoute-ext,Persistence,1,12398600,-0.0194460559340216
ThermoRoute-ext,Persistence,1,13018350,-0.1319451523894768
ThermoRoute-ext,Persistence,1,13154500,-0.06334728460535183
ThermoRoute-ext,Persistence,1,13317660,-0.09898789030440136
ThermoRoute-ext,Persistence,1,13342500,-0.0835661140537381
ThermoRoute-ext,Persistence,1,14091500,-0.042635343816445403
ThermoRoute-ext,Persistence,1,14150800,-0.16905550722224416
ThermoRoute-ext,Persistence,1,14151000,-0.030402199205495806
ThermoRoute-ext,Persistence,1,14152000,-0.025306101752508414
ThermoRoute-ext,Persistence,1,14153500,0.05158089003799193
ThermoRoute-ext,Persistence,1,14154500,-0.19159464456995978
ThermoRoute-ext,Persistence,1,14159500,0.032692164117439304
ThermoRoute-ext,Persistence,1,14161500,-0.07305809105190525
ThermoRoute-ext,Persistence,1,14179000,-0.08278203618105423
ThermoRoute-ext,Persistence,1,14185000,-0.13332790142968576
ThermoRoute-ext,Persistence,1,14210000,-0.02040041029009587
ThermoRoute-ext,Persistence,1,14211499,-0.1891590771450058
ThermoRoute-ext,Persistence,1,14211500,-0.2201397549166333
ThermoRoute-ext,Persistence,1,14320934,-0.13105710733580084
ThermoRoute-ext,Persistence,1,255534081324000,-0.23390471232989885
ThermoRoute-ext,Persistence,3,01073319,-0.2906804720434366
ThermoRoute-ext,Persistence,3,01104415,-0.30277703160698244
ThermoRoute-ext,Persistence,3,01104455,-0.19736793865605673
ThermoRoute-ext,Persistence,3,01104475,-0.27613047595801055
ThermoRoute-ext,Persistence,3,01129500,-0.2855150387086385
ThermoRoute-ext,Persistence,3,01400500,-0.3122590381017032
ThermoRoute-ext,Persistence,3,01408029,-0.31550611924235294
ThermoRoute-ext,Persistence,3,01425000,0.08750367093211786
ThermoRoute-ext,Persistence,3,01426500,-0.13171753410856013
ThermoRoute-ext,Persistence,3,01427207,-0.28617003661708407
ThermoRoute-ext,Persistence,3,01428500,-0.31768159980615396
ThermoRoute-ext,Persistence,3,01463500,-0.3037655401356072
ThermoRoute-ext,Persistence,3,01480617,-0.32760107132358907
ThermoRoute-ext,Persistence,3,01540500,-0.3453998027085301
ThermoRoute-ext,Persistence,3,01542500,-0.3462302559696704
ThermoRoute-ext,Persistence,3,01549700,-0.34210400981143985
ThermoRoute-ext,Persistence,3,02110701,-0.3284946608918835
ThermoRoute-ext,Persistence,3,02176930,-0.3311495580264838
ThermoRoute-ext,Persistence,3,02266300,-0.24141588451474005
ThermoRoute-ext,Persistence,3,02330450,-0.3016611614542859
ThermoRoute-ext,Persistence,3,02334430,0.22671882631194595
ThermoRoute-ext,Persistence,3,02334885,-0.34568880501653987
ThermoRoute-ext,Persistence,3,02336120,-0.3271372101886285
ThermoRoute-ext,Persistence,3,02336300,-0.3375613500425745
ThermoRoute-ext,Persistence,3,02336728,-0.18831847667689905
ThermoRoute-ext,Persistence,3,02397000,-0.34105286134721724
ThermoRoute-ext,Persistence,3,02455980,-0.2767408295729077
ThermoRoute-ext,Persistence,3,02458450,-0.28274318498218753
ThermoRoute-ext,Persistence,3,02474560,-0.3158889152654256
ThermoRoute-ext,Persistence,3,03007800,-0.30929431749714453
ThermoRoute-ext,Persistence,3,03034000,-0.33758453266445887
ThermoRoute-ext,Persistence,3,03036000,-0.14440668779655508
ThermoRoute-ext,Persistence,3,03047000,-0.29804354792005916
ThermoRoute-ext,Persistence,3,03077500,0.11366139408181375
ThermoRoute-ext,Persistence,3,03105500,-0.3671329105475041
ThermoRoute-ext,Persistence,3,03106000,-0.4078124722853942
ThermoRoute-ext,Persistence,3,03301900,-0.349332048869994
ThermoRoute-ext,Persistence,3,03353200,-0.3568842128497529
ThermoRoute-ext,Persistence,3,03456991,-0.2942099549925832
ThermoRoute-ext,Persistence,3,04027000,-0.32212319047718396
ThermoRoute-ext,Persistence,3,04043238,-0.2368106096185416
ThermoRoute-ext,Persistence,3,04043244,-0.21120753790964142
ThermoRoute-ext,Persistence,3,04067500,-0.2513854021520685
ThermoRoute-ext,Persistence,3,04077630,-0.27519384524375434
ThermoRoute-ext,Persistence,3,04124200,0.05158211845615235
ThermoRoute-ext,Persistence,3,04125460,-0.2437513149288193
ThermoRoute-ext,Persistence,3,04137005,-0.15956303701527697
ThermoRoute-ext,Persistence,3,04176500,-0.30842633928215624
ThermoRoute-ext,Persistence,3,04208000,-0.34571810705119965
ThermoRoute-ext,Persistence,3,05054000,-0.19965004201723446
ThermoRoute-ext,Persistence,3,05057000,-0.27088002859726146
ThermoRoute-ext,Persistence,3,05289800,-0.2097218277705637
ThermoRoute-ext,Persistence,3,05331833,-0.24710325571006808
ThermoRoute-ext,Persistence,3,05370000,-0.08668971517566948
ThermoRoute-ext,Persistence,3,05382255,-0.18913110378298814
ThermoRoute-ext,Persistence,3,05382257,-0.27621439451789986
ThermoRoute-ext,Persistence,3,05406457,-0.15439227582673176
ThermoRoute-ext,Persistence,3,05458300,-0.3023213762528585
ThermoRoute-ext,Persistence,3,05517000,-0.34754278570293495
ThermoRoute-ext,Persistence,3,06036805,-0.26493587190211265
ThermoRoute-ext,Persistence,3,06036905,-0.2695749726563874
ThermoRoute-ext,Persistence,3,06036940,-0.23482703656157233
ThermoRoute-ext,Persistence,3,06041000,-0.22038088739034745
ThermoRoute-ext,Persistence,3,06623800,-0.12421307116965363
ThermoRoute-ext,Persistence,3,06894000,-0.3450056828618515
ThermoRoute-ext,Persistence,3,06934500,-0.31416015973123634
ThermoRoute-ext,Persistence,3,07106000,-0.24102489093346757
ThermoRoute-ext,Persistence,3,07178200,-0.21950135787316172
ThermoRoute-ext,Persistence,3,07194880,-0.17215078280953944
ThermoRoute-ext,Persistence,3,07332622,-0.29086867849575837
ThermoRoute-ext,Persistence,3,08048000,-0.1072301570429921
ThermoRoute-ext,Persistence,3,08052700,-0.32279563925934074
ThermoRoute-ext,Persistence,3,08065350,-0.26125170240627704
ThermoRoute-ext,Persistence,3,08070200,-0.27021580486333674
ThermoRoute-ext,Persistence,3,08123850,-0.32039831638457894
ThermoRoute-ext,Persistence,3,09136100,-0.23177092630159213
ThermoRoute-ext,Persistence,3,09144250,-0.22076583774988912
ThermoRoute-ext,Persistence,3,09149500,-0.25245178687863223
ThermoRoute-ext,Persistence,3,09163500,-0.2583792972519785
ThermoRoute-ext,Persistence,3,09180000,-0.2652981661462366
ThermoRoute-ext,Persistence,3,09261000,-0.2574357596349255
ThermoRoute-ext,Persistence,3,09302000,-0.24283616648299522
ThermoRoute-ext,Persistence,3,09380000,0.05781144667786242
ThermoRoute-ext,Persistence,3,10129900,-0.18509298098895188
ThermoRoute-ext,Persistence,3,10301500,-0.25143921974707073
ThermoRoute-ext,Persistence,3,10351600,-0.2943181880506889
ThermoRoute-ext,Persistence,3,11262900,-0.23337199949447474
ThermoRoute-ext,Persistence,3,11467000,-0.13038951567478196
ThermoRoute-ext,Persistence,3,11507500,-0.2635808175828267
ThermoRoute-ext,Persistence,3,12056500,-0.07638440581195027
ThermoRoute-ext,Persistence,3,12115000,-0.005934422559166319
ThermoRoute-ext,Persistence,3,12117600,-0.059892222917145355
ThermoRoute-ext,Persistence,3,12210700,-0.1591560256630029
ThermoRoute-ext,Persistence,3,12212050,-0.15016354818025435
ThermoRoute-ext,Persistence,3,12213100,-0.21818404189207619
ThermoRoute-ext,Persistence,3,12363000,-0.10488281557587231
ThermoRoute-ext,Persistence,3,12398600,-0.16521152917108217
ThermoRoute-ext,Persistence,3,13018350,-0.24611966328946044
ThermoRoute-ext,Persistence,3,13154500,-0.17297697896308284
ThermoRoute-ext,Persistence,3,13317660,-0.1789080878816608
ThermoRoute-ext,Persistence,3,13342500,-0.12858191664191887
ThermoRoute-ext,Persistence,3,14091500,-0.0227580256794484
ThermoRoute-ext,Persistence,3,14150800,-0.21516389329400676
ThermoRoute-ext,Persistence,3,14151000,-0.08751573390789003
ThermoRoute-ext,Persistence,3,14152000,-0.048615809185450054
ThermoRoute-ext,Persistence,3,14153500,-0.04506559129578491
ThermoRoute-ext,Persistence,3,14154500,-0.2442668764359499
ThermoRoute-ext,Persistence,3,14159500,0.010637175746022076
ThermoRoute-ext,Persistence,3,14161500,-0.11128742190170682
ThermoRoute-ext,Persistence,3,14179000,-0.1059784607287042
ThermoRoute-ext,Persistence,3,14185000,-0.17370048458459175
ThermoRoute-ext,Persistence,3,14210000,-0.1279288464168361
ThermoRoute-ext,Persistence,3,14211499,-0.21491368015880918
ThermoRoute-ext,Persistence,3,14211500,-0.23483440607699024
ThermoRoute-ext,Persistence,3,14320934,-0.1487735907908534
ThermoRoute-ext,Persistence,3,255534081324000,-0.259750534123677
ThermoRoute-ext,Persistence,7,01073319,-0.5525190081084004
ThermoRoute-ext,Persistence,7,01104415,-0.4592561371746757
ThermoRoute-ext,Persistence,7,01104455,-0.2686642046871279
ThermoRoute-ext,Persistence,7,01104475,-0.43001025411854
ThermoRoute-ext,Persistence,7,01129500,-0.513095394161861
ThermoRoute-ext,Persistence,7,01400500,-0.5148723874543295
ThermoRoute-ext,Persistence,7,01408029,-0.49000484378748865
ThermoRoute-ext,Persistence,7,01425000,0.11466236502782956
ThermoRoute-ext,Persistence,7,01426500,-0.2185805210584093
ThermoRoute-ext,Persistence,7,01427207,-0.43503689181323146
ThermoRoute-ext,Persistence,7,01428500,-0.5005177753957182
ThermoRoute-ext,Persistence,7,01463500,-0.4771268004337128
ThermoRoute-ext,Persistence,7,01480617,-0.49285335381463335
ThermoRoute-ext,Persistence,7,01540500,-0.5201980776284898
ThermoRoute-ext,Persistence,7,01542500,-0.5380188256781708
ThermoRoute-ext,Persistence,7,01549700,-0.5429934374795709
ThermoRoute-ext,Persistence,7,02110701,-0.4237530849650999
ThermoRoute-ext,Persistence,7,02176930,-0.3802584241871978
ThermoRoute-ext,Persistence,7,02266300,-0.16472864711554447
ThermoRoute-ext,Persistence,7,02330450,-0.3600801053892859
ThermoRoute-ext,Persistence,7,02334430,0.3160290047382212
ThermoRoute-ext,Persistence,7,02334885,-0.418553616751443
ThermoRoute-ext,Persistence,7,02336120,-0.4244795933181815
ThermoRoute-ext,Persistence,7,02336300,-0.445710173399251
ThermoRoute-ext,Persistence,7,02336728,-0.27356806386522936
ThermoRoute-ext,Persistence,7,02397000,-0.40080722148522896
ThermoRoute-ext,Persistence,7,02455980,-0.3247087535935558
ThermoRoute-ext,Persistence,7,02458450,-0.3624849959037588
ThermoRoute-ext,Persistence,7,02474560,-0.36029037705809586
ThermoRoute-ext,Persistence,7,03007800,-0.4857863442539836
ThermoRoute-ext,Persistence,7,03034000,-0.5187312182476971
ThermoRoute-ext,Persistence,7,03036000,-0.38148462861979815
ThermoRoute-ext,Persistence,7,03047000,-0.5080100403192669
ThermoRoute-ext,Persistence,7,03077500,0.02619999873890877
ThermoRoute-ext,Persistence,7,03105500,-0.5333702384937777
ThermoRoute-ext,Persistence,7,03106000,-0.5878040075318802
ThermoRoute-ext,Persistence,7,03301900,-0.4722671621395462
ThermoRoute-ext,Persistence,7,03353200,-0.5747214326282717
ThermoRoute-ext,Persistence,7,03456991,-0.39404352192069725
ThermoRoute-ext,Persistence,7,04027000,-0.5876390578416948
ThermoRoute-ext,Persistence,7,04043238,-0.41651377158981373
ThermoRoute-ext,Persistence,7,04043244,-0.37241681934043336
ThermoRoute-ext,Persistence,7,04067500,-0.5952312109723068
ThermoRoute-ext,Persistence,7,04077630,-0.5250094352425361
ThermoRoute-ext,Persistence,7,04124200,-0.27495706236111483
ThermoRoute-ext,Persistence,7,04125460,-0.39435887409432113
ThermoRoute-ext,Persistence,7,04137005,-0.45555079048188807
ThermoRoute-ext,Persistence,7,04176500,-0.5630144982501575
ThermoRoute-ext,Persistence,7,04208000,-0.5727404827081526
ThermoRoute-ext,Persistence,7,05054000,-0.494835891919186
ThermoRoute-ext,Persistence,7,05057000,-0.5173528638979432
ThermoRoute-ext,Persistence,7,05289800,-0.5666029751914152
ThermoRoute-ext,Persistence,7,05331833,-0.4920536550439354
ThermoRoute-ext,Persistence,7,05370000,-0.45413241492468925
ThermoRoute-ext,Persistence,7,05382255,-0.407785947814725
ThermoRoute-ext,Persistence,7,05382257,-0.4204838128177548
ThermoRoute-ext,Persistence,7,05406457,-0.2461932141189771
ThermoRoute-ext,Persistence,7,05458300,-0.6088648648486115
ThermoRoute-ext,Persistence,7,05517000,-0.5428064599783413
ThermoRoute-ext,Persistence,7,06036805,-0.3896596363456386
ThermoRoute-ext,Persistence,7,06036905,-0.447367292512191
ThermoRoute-ext,Persistence,7,06036940,-0.3450057534820332
ThermoRoute-ext,Persistence,7,06041000,-0.408470134079588
ThermoRoute-ext,Persistence,7,06623800,-0.273873015546505
ThermoRoute-ext,Persistence,7,06894000,-0.5537135632767538
ThermoRoute-ext,Persistence,7,06934500,-0.556185196417216
ThermoRoute-ext,Persistence,7,07106000,-0.45954355607922226
ThermoRoute-ext,Persistence,7,07178200,-0.3568471247372491
ThermoRoute-ext,Persistence,7,07194880,-0.24742399265213955
ThermoRoute-ext,Persistence,7,07332622,-0.47287827410511607
ThermoRoute-ext,Persistence,7,08048000,-0.1645331879614882
ThermoRoute-ext,Persistence,7,08052700,-0.4881161042685491
ThermoRoute-ext,Persistence,7,08065350,-0.38003683098918195
ThermoRoute-ext,Persistence,7,08070200,-0.3509925747446294
ThermoRoute-ext,Persistence,7,08123850,-0.43127902769095483
ThermoRoute-ext,Persistence,7,09136100,-0.4120518473539443
ThermoRoute-ext,Persistence,7,09144250,-0.37410734262060097
ThermoRoute-ext,Persistence,7,09149500,-0.39410852997308066
ThermoRoute-ext,Persistence,7,09163500,-0.4739832665685535
ThermoRoute-ext,Persistence,7,09180000,-0.48919442140402647
ThermoRoute-ext,Persistence,7,09261000,-0.480058682223262
ThermoRoute-ext,Persistence,7,09302000,-0.5511850303429531
ThermoRoute-ext,Persistence,7,09380000,0.03529821392972221
ThermoRoute-ext,Persistence,7,10129900,-0.3183716415573761
ThermoRoute-ext,Persistence,7,10301500,-0.4844977668233099
ThermoRoute-ext,Persistence,7,10351600,-0.45436155995995375
ThermoRoute-ext,Persistence,7,11262900,-0.3501969856151863
ThermoRoute-ext,Persistence,7,11467000,-0.16133703654106712
ThermoRoute-ext,Persistence,7,11507500,-0.4787787335198723
ThermoRoute-ext,Persistence,7,12056500,-0.1538720495995166
ThermoRoute-ext,Persistence,7,12115000,-0.035440304071411965
ThermoRoute-ext,Persistence,7,12117600,-0.11905347172725567
ThermoRoute-ext,Persistence,7,12210700,-0.28416906569179345
ThermoRoute-ext,Persistence,7,12212050,-0.2528994759318228
ThermoRoute-ext,Persistence,7,12213100,-0.31007527771835997
ThermoRoute-ext,Persistence,7,12363000,-0.22536198324254886
ThermoRoute-ext,Persistence,7,12398600,-0.46026670894394406
ThermoRoute-ext,Persistence,7,13018350,-0.4154759164734436
ThermoRoute-ext,Persistence,7,13154500,-0.20404347176760806
ThermoRoute-ext,Persistence,7,13317660,-0.41683523813793677
ThermoRoute-ext,Persistence,7,13342500,-0.21822321811336587
ThermoRoute-ext,Persistence,7,14091500,0.003642083444671429
ThermoRoute-ext,Persistence,7,14150800,-0.35133998060914506
ThermoRoute-ext,Persistence,7,14151000,-0.2015291230642433
ThermoRoute-ext,Persistence,7,14152000,-0.11676035409054464
ThermoRoute-ext,Persistence,7,14153500,-0.11487912110934562
ThermoRoute-ext,Persistence,7,14154500,-0.3948078050249235
ThermoRoute-ext,Persistence,7,14159500,-0.1294987345860027
ThermoRoute-ext,Persistence,7,14161500,-0.23208246466342297
ThermoRoute-ext,Persistence,7,14179000,-0.21556975983015159
ThermoRoute-ext,Persistence,7,14185000,-0.30342138901957383
ThermoRoute-ext,Persistence,7,14210000,-0.29394409441415226
ThermoRoute-ext,Persistence,7,14211499,-0.37237075471498904
ThermoRoute-ext,Persistence,7,14211500,-0.3951366937295133
ThermoRoute-ext,Persistence,7,14320934,-0.2776189327794494
ThermoRoute-ext,Persistence,7,255534081324000,-0.18851817492895284
ThermoRoute-ext,DampedPersistence,1,01073319,-0.21171280588607921
ThermoRoute-ext,DampedPersistence,1,01104415,-0.1329448004623518
ThermoRoute-ext,DampedPersistence,1,01104455,-0.12021952578830086
ThermoRoute-ext,DampedPersistence,1,01104475,-0.15451078922968176
ThermoRoute-ext,DampedPersistence,1,01129500,-0.17640847177999508
ThermoRoute-ext,DampedPersistence,1,01400500,-0.28606309027688437
ThermoRoute-ext,DampedPersistence,1,01408029,-0.2603040360022316
ThermoRoute-ext,DampedPersistence,1,01425000,0.06246146697129906
ThermoRoute-ext,DampedPersistence,1,01426500,-0.04609261695455624
ThermoRoute-ext,DampedPersistence,1,01427207,-0.2083963926511807
ThermoRoute-ext,DampedPersistence,1,01428500,-0.24833219244098537
ThermoRoute-ext,DampedPersistence,1,01463500,-0.21675782420824063
ThermoRoute-ext,DampedPersistence,1,01480617,-0.251653165947913
ThermoRoute-ext,DampedPersistence,1,01540500,-0.2083677043615874
ThermoRoute-ext,DampedPersistence,1,01542500,-0.2609940659618175
ThermoRoute-ext,DampedPersistence,1,01549700,-0.24786505906861922
ThermoRoute-ext,DampedPersistence,1,02110701,-0.2817058492021104
ThermoRoute-ext,DampedPersistence,1,02176930,-0.20488652932318607
ThermoRoute-ext,DampedPersistence,1,02266300,-0.23014392579262222
ThermoRoute-ext,DampedPersistence,1,02330450,-0.14690848738512496
ThermoRoute-ext,DampedPersistence,1,02334430,0.14922776963363368
ThermoRoute-ext,DampedPersistence,1,02334885,-0.32195809966941025
ThermoRoute-ext,DampedPersistence,1,02336120,-0.2872709842518828
ThermoRoute-ext,DampedPersistence,1,02336300,-0.293031330169942
ThermoRoute-ext,DampedPersistence,1,02336728,-0.23686560110325772
ThermoRoute-ext,DampedPersistence,1,02397000,-0.22280920545544958
ThermoRoute-ext,DampedPersistence,1,02455980,-0.20289214112511544
ThermoRoute-ext,DampedPersistence,1,02458450,-0.2047828564102243
ThermoRoute-ext,DampedPersistence,1,02474560,-0.2662817199997608
ThermoRoute-ext,DampedPersistence,1,03007800,-0.2619403755250038
ThermoRoute-ext,DampedPersistence,1,03034000,-0.26688501322086833
ThermoRoute-ext,DampedPersistence,1,03036000,0.11639470057822676
ThermoRoute-ext,DampedPersistence,1,03047000,0.016823140155107996
ThermoRoute-ext,DampedPersistence,1,03077500,0.17589492061454953
ThermoRoute-ext,DampedPersistence,1,03105500,-0.260916569835717
ThermoRoute-ext,DampedPersistence,1,03106000,-0.3277323382354933
ThermoRoute-ext,DampedPersistence,1,03301900,-0.23132656899035675
ThermoRoute-ext,DampedPersistence,1,03353200,-0.29238995018663916
ThermoRoute-ext,DampedPersistence,1,03456991,-0.1921757576328691
ThermoRoute-ext,DampedPersistence,1,04027000,-0.2569263186609909
ThermoRoute-ext,DampedPersistence,1,04043238,-0.13089991428478442
ThermoRoute-ext,DampedPersistence,1,04043244,-0.12358324308043256
ThermoRoute-ext,DampedPersistence,1,04067500,-0.16636338418878938
ThermoRoute-ext,DampedPersistence,1,04077630,-0.1868785738955966
ThermoRoute-ext,DampedPersistence,1,04124200,0.1888860539108286
ThermoRoute-ext,DampedPersistence,1,04125460,-0.18298669803030487
ThermoRoute-ext,DampedPersistence,1,04137005,0.021652857100881717
ThermoRoute-ext,DampedPersistence,1,04176500,-0.19346583745905832
ThermoRoute-ext,DampedPersistence,1,04208000,-0.2899368574099932
ThermoRoute-ext,DampedPersistence,1,05054000,-0.05748715634047369
ThermoRoute-ext,DampedPersistence,1,05057000,-0.2315812103882532
ThermoRoute-ext,DampedPersistence,1,05289800,-0.10844396586837746
ThermoRoute-ext,DampedPersistence,1,05331833,-0.10425215805005916
ThermoRoute-ext,DampedPersistence,1,05370000,0.03766492848761788
ThermoRoute-ext,DampedPersistence,1,05382255,-0.04446008426723025
ThermoRoute-ext,DampedPersistence,1,05382257,-0.014417616813624745
ThermoRoute-ext,DampedPersistence,1,05406457,0.004959660893131379
ThermoRoute-ext,DampedPersistence,1,05458300,-0.262367309599685
ThermoRoute-ext,DampedPersistence,1,05517000,-0.27620021833207065
ThermoRoute-ext,DampedPersistence,1,06036805,-0.05899062562333057
ThermoRoute-ext,DampedPersistence,1,06036905,-0.0804417311391642
ThermoRoute-ext,DampedPersistence,1,06036940,-0.07784426202958161
ThermoRoute-ext,DampedPersistence,1,06041000,-0.09265088770295637
ThermoRoute-ext,DampedPersistence,1,06623800,0.004606167161871233
ThermoRoute-ext,DampedPersistence,1,06894000,-0.2964494806946155
ThermoRoute-ext,DampedPersistence,1,06934500,-0.15880451755534336
ThermoRoute-ext,DampedPersistence,1,07106000,-0.012091251814740467
ThermoRoute-ext,DampedPersistence,1,07178200,-0.2060305633296312
ThermoRoute-ext,DampedPersistence,1,07194880,-0.054764440325410724
ThermoRoute-ext,DampedPersistence,1,07332622,-0.2095978034356767
ThermoRoute-ext,DampedPersistence,1,08048000,-0.13008045520250144
ThermoRoute-ext,DampedPersistence,1,08052700,-0.23321312081319667
ThermoRoute-ext,DampedPersistence,1,08065350,-0.1915129035159734
ThermoRoute-ext,DampedPersistence,1,08070200,-0.21320311266544245
ThermoRoute-ext,DampedPersistence,1,08123850,-0.2860809713222685
ThermoRoute-ext,DampedPersistence,1,09136100,-0.08382219865470364
ThermoRoute-ext,DampedPersistence,1,09144250,-0.11044284309069019
ThermoRoute-ext,DampedPersistence,1,09149500,-0.10099421241580908
ThermoRoute-ext,DampedPersistence,1,09163500,-0.13489284223257547
ThermoRoute-ext,DampedPersistence,1,09180000,-0.10487314254845426
ThermoRoute-ext,DampedPersistence,1,09261000,-0.11481095050304246
ThermoRoute-ext,DampedPersistence,1,09302000,-0.09650165952076228
ThermoRoute-ext,DampedPersistence,1,09380000,0.003820974619453188
ThermoRoute-ext,DampedPersistence,1,10129900,-0.036642068796548855
ThermoRoute-ext,DampedPersistence,1,10301500,-0.1253711667945231
ThermoRoute-ext,DampedPersistence,1,10351600,-0.21333860138480987
ThermoRoute-ext,DampedPersistence,1,11262900,-0.16521702208170008
ThermoRoute-ext,DampedPersistence,1,11467000,-0.10105010663973085
ThermoRoute-ext,DampedPersistence,1,11507500,-0.20505908854618338
ThermoRoute-ext,DampedPersistence,1,12056500,-0.03811193493147674
ThermoRoute-ext,DampedPersistence,1,12115000,0.011070851959768424
ThermoRoute-ext,DampedPersistence,1,12117600,-0.029366222250999552
ThermoRoute-ext,DampedPersistence,1,12210700,-0.06854540328793979
ThermoRoute-ext,DampedPersistence,1,12212050,-0.08711664098446525
ThermoRoute-ext,DampedPersistence,1,12213100,-0.12678130400614207
ThermoRoute-ext,DampedPersistence,1,12363000,-0.058895180007319414
ThermoRoute-ext,DampedPersistence,1,12398600,0.015223901861383504
ThermoRoute-ext,DampedPersistence,1,13018350,-0.09386289256629254
ThermoRoute-ext,DampedPersistence,1,13154500,-0.05394236724592233
ThermoRoute-ext,DampedPersistence,1,13317660,-0.07125774655125366
ThermoRoute-ext,DampedPersistence,1,13342500,-0.0710057562624935
ThermoRoute-ext,DampedPersistence,1,14091500,-0.015603387773998056
ThermoRoute-ext,DampedPersistence,1,14150800,-0.15046780190310594
ThermoRoute-ext,DampedPersistence,1,14151000,-0.02469298342351911
ThermoRoute-ext,DampedPersistence,1,14152000,-0.016382814223112607
ThermoRoute-ext,DampedPersistence,1,14153500,0.06462675071515178
ThermoRoute-ext,DampedPersistence,1,14154500,-0.17775727209291325
ThermoRoute-ext,DampedPersistence,1,14159500,0.04180403381464848
ThermoRoute-ext,DampedPersistence,1,14161500,-0.059521274391493184
ThermoRoute-ext,DampedPersistence,1,14179000,-0.07057630190975245
ThermoRoute-ext,DampedPersistence,1,14185000,-0.11622166034788162
ThermoRoute-ext,DampedPersistence,1,14210000,-0.006181076701400945
ThermoRoute-ext,DampedPersistence,1,14211499,-0.16549266751614455
ThermoRoute-ext,DampedPersistence,1,14211500,-0.19597975653113708
ThermoRoute-ext,DampedPersistence,1,14320934,-0.1236638794343769
ThermoRoute-ext,DampedPersistence,1,255534081324000,-0.1973857242669812
ThermoRoute-ext,DampedPersistence,3,01073319,-0.04580617278158616
ThermoRoute-ext,DampedPersistence,3,01104415,0.012405624117195702
ThermoRoute-ext,DampedPersistence,3,01104455,-0.0590059238248255
ThermoRoute-ext,DampedPersistence,3,01104475,-0.0723657310840835
ThermoRoute-ext,DampedPersistence,3,01129500,-0.04990723621970439
ThermoRoute-ext,DampedPersistence,3,01400500,-0.06466632674949757
ThermoRoute-ext,DampedPersistence,3,01408029,0.0060937828488856205
ThermoRoute-ext,DampedPersistence,3,01425000,0.14196505012329586
ThermoRoute-ext,DampedPersistence,3,01426500,0.006747892226364627
ThermoRoute-ext,DampedPersistence,3,01427207,-0.06302536271383241
ThermoRoute-ext,DampedPersistence,3,01428500,-0.12795029236189048
ThermoRoute-ext,DampedPersistence,3,01463500,-0.15636631303484072
ThermoRoute-ext,DampedPersistence,3,01480617,-0.04005576651794218
ThermoRoute-ext,DampedPersistence,3,01540500,-0.185162803190265
ThermoRoute-ext,DampedPersistence,3,01542500,-0.10624886008197731
ThermoRoute-ext,DampedPersistence,3,01549700,-0.11168313091874937
ThermoRoute-ext,DampedPersistence,3,02110701,-0.04793437262716549
ThermoRoute-ext,DampedPersistence,3,02176930,-0.08747462076137769
ThermoRoute-ext,DampedPersistence,3,02266300,-0.0516939563919423
ThermoRoute-ext,DampedPersistence,3,02330450,-0.04150463157537554
ThermoRoute-ext,DampedPersistence,3,02334430,0.1535244030601861
ThermoRoute-ext,DampedPersistence,3,02334885,-0.11700051500021957
ThermoRoute-ext,DampedPersistence,3,02336120,-0.04773303862007938
ThermoRoute-ext,DampedPersistence,3,02336300,-0.048889462491108926
ThermoRoute-ext,DampedPersistence,3,02336728,-0.41701145811519424
ThermoRoute-ext,DampedPersistence,3,02397000,-0.20933730641802728
ThermoRoute-ext,DampedPersistence,3,02455980,-0.017953029585396907
ThermoRoute-ext,DampedPersistence,3,02458450,-0.049683936872187084
ThermoRoute-ext,DampedPersistence,3,02474560,-0.17696578352420245
ThermoRoute-ext,DampedPersistence,3,03007800,-0.059634333194372946
ThermoRoute-ext,DampedPersistence,3,03034000,-0.07018207920009667
ThermoRoute-ext,DampedPersistence,3,03036000,-0.023751868229235917
ThermoRoute-ext,DampedPersistence,3,03047000,-0.16694985910910987
ThermoRoute-ext,DampedPersistence,3,03077500,0.2231354843267649
ThermoRoute-ext,DampedPersistence,3,03105500,-0.15730987135971608
ThermoRoute-ext,DampedPersistence,3,03106000,-0.1205522843554423
ThermoRoute-ext,DampedPersistence,3,03301900,-0.05816944207262864
ThermoRoute-ext,DampedPersistence,3,03353200,-0.05493863084783124
ThermoRoute-ext,DampedPersistence,3,03456991,-0.07127151796590114
ThermoRoute-ext,DampedPersistence,3,04027000,-0.07195770657963241
ThermoRoute-ext,DampedPersistence,3,04043238,0.012349151926812851
ThermoRoute-ext,DampedPersistence,3,04043244,0.028882965457827092
ThermoRoute-ext,DampedPersistence,3,04067500,-0.0847868600470143
ThermoRoute-ext,DampedPersistence,3,04077630,-0.03628825915807177
ThermoRoute-ext,DampedPersistence,3,04124200,0.19619395901518938
ThermoRoute-ext,DampedPersistence,3,04125460,-0.04685544691590793
ThermoRoute-ext,DampedPersistence,3,04137005,-0.03461955920948345
ThermoRoute-ext,DampedPersistence,3,04176500,-0.15797184293699185
ThermoRoute-ext,DampedPersistence,3,04208000,-0.09806792943283926
ThermoRoute-ext,DampedPersistence,3,05054000,-0.02260905706944072
ThermoRoute-ext,DampedPersistence,3,05057000,-0.07088574595631925
ThermoRoute-ext,DampedPersistence,3,05289800,-0.016380237453311963
ThermoRoute-ext,DampedPersistence,3,05331833,-0.00764070727462296
ThermoRoute-ext,DampedPersistence,3,05370000,0.058495305053507196
ThermoRoute-ext,DampedPersistence,3,05382255,-0.006443931488810062
ThermoRoute-ext,DampedPersistence,3,05382257,0.12338940136869514
ThermoRoute-ext,DampedPersistence,3,05406457,0.015776017914578944
ThermoRoute-ext,DampedPersistence,3,05458300,-0.10143135915278911
ThermoRoute-ext,DampedPersistence,3,05517000,-0.10567878392138419
ThermoRoute-ext,DampedPersistence,3,06036805,-0.050588786484253356
ThermoRoute-ext,DampedPersistence,3,06036905,0.006094903901092241
ThermoRoute-ext,DampedPersistence,3,06036940,-0.15202704673450973
ThermoRoute-ext,DampedPersistence,3,06041000,-0.08811549248141537
ThermoRoute-ext,DampedPersistence,3,06623800,0.055285575431729184
ThermoRoute-ext,DampedPersistence,3,06894000,-0.12658966725276688
ThermoRoute-ext,DampedPersistence,3,06934500,-0.16473164124341488
ThermoRoute-ext,DampedPersistence,3,07106000,0.1730222978104996
ThermoRoute-ext,DampedPersistence,3,07178200,-0.07265962731471043
ThermoRoute-ext,DampedPersistence,3,07194880,0.027619998906434073
ThermoRoute-ext,DampedPersistence,3,07332622,0.01688295179430188
ThermoRoute-ext,DampedPersistence,3,08048000,0.03403046896109152
ThermoRoute-ext,DampedPersistence,3,08052700,0.11227879418929687
ThermoRoute-ext,DampedPersistence,3,08065350,-0.14082916573069704
ThermoRoute-ext,DampedPersistence,3,08070200,-0.09950876561333155
ThermoRoute-ext,DampedPersistence,3,08123850,0.050441922276855955
ThermoRoute-ext,DampedPersistence,3,09136100,-0.09376693913521428
ThermoRoute-ext,DampedPersistence,3,09144250,-0.09769752640221685
ThermoRoute-ext,DampedPersistence,3,09149500,-0.04810591557364141
ThermoRoute-ext,DampedPersistence,3,09163500,-0.12486087151380332
ThermoRoute-ext,DampedPersistence,3,09180000,-0.09651504366812236
ThermoRoute-ext,DampedPersistence,3,09261000,-0.10129872095659098
ThermoRoute-ext,DampedPersistence,3,09302000,-0.08609040834816173
ThermoRoute-ext,DampedPersistence,3,09380000,0.009150686738050973
ThermoRoute-ext,DampedPersistence,3,10129900,-0.05309643926105401
ThermoRoute-ext,DampedPersistence,3,10301500,-0.014493501627925953
ThermoRoute-ext,DampedPersistence,3,10351600,-0.14017530318083216
ThermoRoute-ext,DampedPersistence,3,11262900,-0.0053661727663432135
ThermoRoute-ext,DampedPersistence,3,11467000,-0.03803524505170819
ThermoRoute-ext,DampedPersistence,3,11507500,-0.12349837433114397
ThermoRoute-ext,DampedPersistence,3,12056500,-0.016360501336243227
ThermoRoute-ext,DampedPersistence,3,12115000,0.04001986172052241
ThermoRoute-ext,DampedPersistence,3,12117600,-0.0038704485441133363
ThermoRoute-ext,DampedPersistence,3,12210700,-0.033791588459823885
ThermoRoute-ext,DampedPersistence,3,12212050,-0.05019528310933552
ThermoRoute-ext,DampedPersistence,3,12213100,-0.07774823686318899
ThermoRoute-ext,DampedPersistence,3,12363000,-0.016433612306940182
ThermoRoute-ext,DampedPersistence,3,12398600,-0.034156160298476235
ThermoRoute-ext,DampedPersistence,3,13018350,-0.015042054111716663
ThermoRoute-ext,DampedPersistence,3,13154500,-0.11907632810550339
ThermoRoute-ext,DampedPersistence,3,13317660,-0.05747226554240381
ThermoRoute-ext,DampedPersistence,3,13342500,-0.03923348070396704
ThermoRoute-ext,DampedPersistence,3,14091500,0.11078019492356461
ThermoRoute-ext,DampedPersistence,3,14150800,-0.07882833103997577
ThermoRoute-ext,DampedPersistence,3,14151000,-0.04753854553930226
ThermoRoute-ext,DampedPersistence,3,14152000,0.00044675812193373243
ThermoRoute-ext,DampedPersistence,3,14153500,0.01091977966572577
ThermoRoute-ext,DampedPersistence,3,14154500,-0.13677849179407908
ThermoRoute-ext,DampedPersistence,3,14159500,0.0575001324754858
ThermoRoute-ext,DampedPersistence,3,14161500,-0.03286113056268802
ThermoRoute-ext,DampedPersistence,3,14179000,-0.029701694203789764
ThermoRoute-ext,DampedPersistence,3,14185000,-0.05930703881215904
ThermoRoute-ext,DampedPersistence,3,14210000,-0.05800749322430454
ThermoRoute-ext,DampedPersistence,3,14211499,-0.041915557739515386
ThermoRoute-ext,DampedPersistence,3,14211500,-0.051769211054629505
ThermoRoute-ext,DampedPersistence,3,14320934,-0.06352284496344618
ThermoRoute-ext,DampedPersistence,3,255534081324000,0.0161642097088448
ThermoRoute-ext,DampedPersistence,7,01073319,0.13385758646954904
ThermoRoute-ext,DampedPersistence,7,01104415,0.030002239084319315
ThermoRoute-ext,DampedPersistence,7,01104455,0.054645932215700466
ThermoRoute-ext,DampedPersistence,7,01104475,-0.09583026217617885
ThermoRoute-ext,DampedPersistence,7,01129500,0.09502531359789335
ThermoRoute-ext,DampedPersistence,7,01400500,0.15955334003833865
ThermoRoute-ext,DampedPersistence,7,01408029,0.146470037406766
ThermoRoute-ext,DampedPersistence,7,01425000,0.27603248926179136
ThermoRoute-ext,DampedPersistence,7,01426500,0.053409393467318544
ThermoRoute-ext,DampedPersistence,7,01427207,0.16388462704125684
ThermoRoute-ext,DampedPersistence,7,01428500,0.09384053889217636
ThermoRoute-ext,DampedPersistence,7,01463500,0.030664290721502452
ThermoRoute-ext,DampedPersistence,7,01480617,0.10509058142620198
ThermoRoute-ext,DampedPersistence,7,01540500,0.030088619121610982
ThermoRoute-ext,DampedPersistence,7,01542500,0.135687235584935
ThermoRoute-ext,DampedPersistence,7,01549700,0.12289709766298484
ThermoRoute-ext,DampedPersistence,7,02110701,0.256285309825131
ThermoRoute-ext,DampedPersistence,7,02176930,0.1486891015246914
ThermoRoute-ext,DampedPersistence,7,02266300,0.22517905588744003
ThermoRoute-ext,DampedPersistence,7,02330450,0.17733381003466553
ThermoRoute-ext,DampedPersistence,7,02334430,0.09393654598585865
ThermoRoute-ext,DampedPersistence,7,02334885,0.14644557911949718
ThermoRoute-ext,DampedPersistence,7,02336120,0.21492759867719657
ThermoRoute-ext,DampedPersistence,7,02336300,0.21075461051958833
ThermoRoute-ext,DampedPersistence,7,02336728,-0.8577191243979989
ThermoRoute-ext,DampedPersistence,7,02397000,0.011050051082716061
ThermoRoute-ext,DampedPersistence,7,02455980,0.20197916292888207
ThermoRoute-ext,DampedPersistence,7,02458450,0.1467437613153204
ThermoRoute-ext,DampedPersistence,7,02474560,0.12469092460013043
ThermoRoute-ext,DampedPersistence,7,03007800,0.14625479595984903
ThermoRoute-ext,DampedPersistence,7,03034000,0.12019651920562113
ThermoRoute-ext,DampedPersistence,7,03036000,0.04991599291666371
ThermoRoute-ext,DampedPersistence,7,03047000,-0.04958933213357808
ThermoRoute-ext,DampedPersistence,7,03077500,0.3936151664327249
ThermoRoute-ext,DampedPersistence,7,03105500,0.040034474552822275
ThermoRoute-ext,DampedPersistence,7,03106000,0.16111996804323425
ThermoRoute-ext,DampedPersistence,7,03301900,0.06119801057344265
ThermoRoute-ext,DampedPersistence,7,03353200,0.15319910017581062
ThermoRoute-ext,DampedPersistence,7,03456991,0.15151805720549172
ThermoRoute-ext,DampedPersistence,7,04027000,0.11298034860417827
ThermoRoute-ext,DampedPersistence,7,04043238,0.2149376107922738
ThermoRoute-ext,DampedPersistence,7,04043244,0.21426019607760094
ThermoRoute-ext,DampedPersistence,7,04067500,-0.025000585276444554
ThermoRoute-ext,DampedPersistence,7,04077630,0.1737349578860361
ThermoRoute-ext,DampedPersistence,7,04124200,0.13923282080000854
ThermoRoute-ext,DampedPersistence,7,04125460,0.12049336589104342
ThermoRoute-ext,DampedPersistence,7,04137005,-0.035295269080927394
ThermoRoute-ext,DampedPersistence,7,04176500,-0.03743451512843743
ThermoRoute-ext,DampedPersistence,7,04208000,0.10971696626152383
ThermoRoute-ext,DampedPersistence,7,05054000,0.07251771410081242
ThermoRoute-ext,DampedPersistence,7,05057000,0.14111297297734504
ThermoRoute-ext,DampedPersistence,7,05289800,0.07136181989531476
ThermoRoute-ext,DampedPersistence,7,05331833,0.1132541058473362
ThermoRoute-ext,DampedPersistence,7,05370000,0.04188865720985491
ThermoRoute-ext,DampedPersistence,7,05382255,0.1259532263086125
ThermoRoute-ext,DampedPersistence,7,05382257,0.23803194399296967
ThermoRoute-ext,DampedPersistence,7,05406457,0.05994282582294197
ThermoRoute-ext,DampedPersistence,7,05458300,0.05570557470452364
ThermoRoute-ext,DampedPersistence,7,05517000,0.1266409765287544
ThermoRoute-ext,DampedPersistence,7,06036805,0.02850358913955975
ThermoRoute-ext,DampedPersistence,7,06036905,0.0627351922588455
ThermoRoute-ext,DampedPersistence,7,06036940,-0.17289138280068928
ThermoRoute-ext,DampedPersistence,7,06041000,0.03656959139113125
ThermoRoute-ext,DampedPersistence,7,06623800,0.2194320176716581
ThermoRoute-ext,DampedPersistence,7,06894000,0.1301018055925418
ThermoRoute-ext,DampedPersistence,7,06934500,-0.07524101623205404
ThermoRoute-ext,DampedPersistence,7,07106000,0.2475646047439617
ThermoRoute-ext,DampedPersistence,7,07178200,0.13594077410979288
ThermoRoute-ext,DampedPersistence,7,07194880,0.1780647870029619
ThermoRoute-ext,DampedPersistence,7,07332622,0.2990123657763357
ThermoRoute-ext,DampedPersistence,7,08048000,0.29210441476360893
ThermoRoute-ext,DampedPersistence,7,08052700,0.48947484830012344
ThermoRoute-ext,DampedPersistence,7,08065350,0.07201627485840678
ThermoRoute-ext,DampedPersistence,7,08070200,0.2307588797722242
ThermoRoute-ext,DampedPersistence,7,08123850,0.4174702080654895
ThermoRoute-ext,DampedPersistence,7,09136100,-0.10847745350268401
ThermoRoute-ext,DampedPersistence,7,09144250,-0.05729917211166602
ThermoRoute-ext,DampedPersistence,7,09149500,0.025494231877747797
ThermoRoute-ext,DampedPersistence,7,09163500,-0.032529835050765454
ThermoRoute-ext,DampedPersistence,7,09180000,-0.018939728405115153
ThermoRoute-ext,DampedPersistence,7,09261000,0.021928884689519812
ThermoRoute-ext,DampedPersistence,7,09302000,-0.07457787380864
ThermoRoute-ext,DampedPersistence,7,09380000,-0.1460458169842631
ThermoRoute-ext,DampedPersistence,7,10129900,0.03747810954435615
ThermoRoute-ext,DampedPersistence,7,10301500,0.11100022832470935
ThermoRoute-ext,DampedPersistence,7,10351600,-0.05424485470568241
ThermoRoute-ext,DampedPersistence,7,11262900,0.19208746192507697
ThermoRoute-ext,DampedPersistence,7,11467000,0.12935299794251232
ThermoRoute-ext,DampedPersistence,7,11507500,-0.0015185596799687229
ThermoRoute-ext,DampedPersistence,7,12056500,0.03843736685059296
ThermoRoute-ext,DampedPersistence,7,12115000,0.11397813499244736
ThermoRoute-ext,DampedPersistence,7,12117600,0.04366808985380577
ThermoRoute-ext,DampedPersistence,7,12210700,0.0380529384945969
ThermoRoute-ext,DampedPersistence,7,12212050,0.023091638530543745
ThermoRoute-ext,DampedPersistence,7,12213100,-0.006473794907289276
ThermoRoute-ext,DampedPersistence,7,12363000,0.03050570576941869
ThermoRoute-ext,DampedPersistence,7,12398600,-0.057604628281681336
ThermoRoute-ext,DampedPersistence,7,13018350,0.08985293343628586
ThermoRoute-ext,DampedPersistence,7,13154500,-0.019210476138709298
ThermoRoute-ext,DampedPersistence,7,13317660,-0.00248892880245688
ThermoRoute-ext,DampedPersistence,7,13342500,0.05474772801370853
ThermoRoute-ext,DampedPersistence,7,14091500,0.225474803481709
ThermoRoute-ext,DampedPersistence,7,14150800,0.03497970638165682
ThermoRoute-ext,DampedPersistence,7,14151000,-0.06470959262140119
ThermoRoute-ext,DampedPersistence,7,14152000,0.0532055774698873
ThermoRoute-ext,DampedPersistence,7,14153500,0.07018621672845582
ThermoRoute-ext,DampedPersistence,7,14154500,-0.06273674267312557
ThermoRoute-ext,DampedPersistence,7,14159500,0.0366270728375917
ThermoRoute-ext,DampedPersistence,7,14161500,0.017758217251215624
ThermoRoute-ext,DampedPersistence,7,14179000,-0.028691545257883533
ThermoRoute-ext,DampedPersistence,7,14185000,0.035644638133459194
ThermoRoute-ext,DampedPersistence,7,14210000,-0.04882187613540934
ThermoRoute-ext,DampedPersistence,7,14211499,0.0890585557269461
ThermoRoute-ext,DampedPersistence,7,14211500,0.11052802782477245
ThermoRoute-ext,DampedPersistence,7,14320934,-0.01183437819504829
ThermoRoute-ext,DampedPersistence,7,255534081324000,0.4385109338637365
ThermoRoute-ext,Climatology,1,01073319,-1.244568917178304
ThermoRoute-ext,Climatology,1,01104415,-0.801450023443384
ThermoRoute-ext,Climatology,1,01104455,-1.056591846945358
ThermoRoute-ext,Climatology,1,01104475,-1.1711205693899762
ThermoRoute-ext,Climatology,1,01129500,-1.1200194407778812
ThermoRoute-ext,Climatology,1,01400500,-1.483648177757903
ThermoRoute-ext,Climatology,1,01408029,-1.2185559931473757
ThermoRoute-ext,Climatology,1,01425000,-0.9198450002245493
ThermoRoute-ext,Climatology,1,01426500,-0.8364767758600372
ThermoRoute-ext,Climatology,1,01427207,-1.172927782318733
ThermoRoute-ext,Climatology,1,01428500,-1.529107561021938
ThermoRoute-ext,Climatology,1,01463500,-1.4064453639594108
ThermoRoute-ext,Climatology,1,01480617,-1.2540679251410554
ThermoRoute-ext,Climatology,1,01540500,-1.5142524779111932
ThermoRoute-ext,Climatology,1,01542500,-1.5037688404112277
ThermoRoute-ext,Climatology,1,01549700,-1.5833229264983975
ThermoRoute-ext,Climatology,1,02110701,-1.5502685649817614
ThermoRoute-ext,Climatology,1,02176930,-1.3460855405190912
ThermoRoute-ext,Climatology,1,02266300,-1.417751501306495
ThermoRoute-ext,Climatology,1,02330450,-1.0833698633182092
ThermoRoute-ext,Climatology,1,02334430,-1.3608427584586844
ThermoRoute-ext,Climatology,1,02334885,-1.5331373414375964
ThermoRoute-ext,Climatology,1,02336120,-1.4489258337061026
ThermoRoute-ext,Climatology,1,02336300,-1.4915988951720704
ThermoRoute-ext,Climatology,1,02336728,-2.7434391290350084
ThermoRoute-ext,Climatology,1,02397000,-1.2616822192575206
ThermoRoute-ext,Climatology,1,02455980,-1.029962468242603
ThermoRoute-ext,Climatology,1,02458450,-1.2244946522088649
ThermoRoute-ext,Climatology,1,02474560,-2.0486889493747578
ThermoRoute-ext,Climatology,1,03007800,-1.4855742073596232
ThermoRoute-ext,Climatology,1,03034000,-1.4759917902559798
ThermoRoute-ext,Climatology,1,03036000,-1.0668786805213997
ThermoRoute-ext,Climatology,1,03047000,-1.261743946366418
ThermoRoute-ext,Climatology,1,03077500,-0.9895749862759327
ThermoRoute-ext,Climatology,1,03105500,-1.6536046663649273
ThermoRoute-ext,Climatology,1,03106000,-1.639600969611446
ThermoRoute-ext,Climatology,1,03301900,-1.337651540716602
ThermoRoute-ext,Climatology,1,03353200,-1.4821419281822428
ThermoRoute-ext,Climatology,1,03456991,-1.236432634702101
ThermoRoute-ext,Climatology,1,04027000,-1.4949874499196696
ThermoRoute-ext,Climatology,1,04043238,-0.9846852780341012
ThermoRoute-ext,Climatology,1,04043244,-0.8932950155757383
ThermoRoute-ext,Climatology,1,04067500,-1.345793371292979
ThermoRoute-ext,Climatology,1,04077630,-1.1991443267653286
ThermoRoute-ext,Climatology,1,04124200,-0.7158534559244476
ThermoRoute-ext,Climatology,1,04125460,-1.0350724014911508
ThermoRoute-ext,Climatology,1,04137005,-1.0700652571792832
ThermoRoute-ext,Climatology,1,04176500,-1.5202503834628978
ThermoRoute-ext,Climatology,1,04208000,-1.4574616690471904
ThermoRoute-ext,Climatology,1,05054000,-1.6667906865848816
ThermoRoute-ext,Climatology,1,05057000,-1.6466969301456693
ThermoRoute-ext,Climatology,1,05289800,-1.383623531278047
ThermoRoute-ext,Climatology,1,05331833,-1.013815836903514
ThermoRoute-ext,Climatology,1,05370000,-0.8912851709143406
ThermoRoute-ext,Climatology,1,05382255,-0.7772201623126002
ThermoRoute-ext,Climatology,1,05382257,-0.6020206440304117
ThermoRoute-ext,Climatology,1,05406457,-0.562056811370102
ThermoRoute-ext,Climatology,1,05458300,-1.7140069283536277
ThermoRoute-ext,Climatology,1,05517000,-1.6507550645081126
ThermoRoute-ext,Climatology,1,06036805,-0.836190783591025
ThermoRoute-ext,Climatology,1,06036905,-1.0342523971589968
ThermoRoute-ext,Climatology,1,06036940,-1.2511814578533083
ThermoRoute-ext,Climatology,1,06041000,-1.2530227847400728
ThermoRoute-ext,Climatology,1,06623800,-0.351248490556092
ThermoRoute-ext,Climatology,1,06894000,-1.6135981002714428
ThermoRoute-ext,Climatology,1,06934500,-1.4715312219185877
ThermoRoute-ext,Climatology,1,07106000,-0.6644663095682426
ThermoRoute-ext,Climatology,1,07178200,-1.7232072762442154
ThermoRoute-ext,Climatology,1,07194880,-0.6864941404911385
ThermoRoute-ext,Climatology,1,07332622,-1.5435247990767864
ThermoRoute-ext,Climatology,1,08048000,-1.526181899240203
ThermoRoute-ext,Climatology,1,08052700,-1.5712850847919022
ThermoRoute-ext,Climatology,1,08065350,-1.880737915748596
ThermoRoute-ext,Climatology,1,08070200,-1.8028473272027838
ThermoRoute-ext,Climatology,1,08123850,-1.5545734456264095
ThermoRoute-ext,Climatology,1,09136100,-1.2557644528385432
ThermoRoute-ext,Climatology,1,09144250,-1.2650115837975127
ThermoRoute-ext,Climatology,1,09149500,-0.7805917852975179
ThermoRoute-ext,Climatology,1,09163500,-1.4054539096881378
ThermoRoute-ext,Climatology,1,09180000,-1.4247248772328862
ThermoRoute-ext,Climatology,1,09261000,-1.1126492058475763
ThermoRoute-ext,Climatology,1,09302000,-1.4222062279359062
ThermoRoute-ext,Climatology,1,09380000,-3.4184189349205187
ThermoRoute-ext,Climatology,1,10129900,-0.9660052258990743
ThermoRoute-ext,Climatology,1,10301500,-1.2586486412747042
ThermoRoute-ext,Climatology,1,10351600,-1.5449687082088486
ThermoRoute-ext,Climatology,1,11262900,-0.9757680996559046
ThermoRoute-ext,Climatology,1,11467000,-1.108820118280949
ThermoRoute-ext,Climatology,1,11507500,-1.5512947703135913
ThermoRoute-ext,Climatology,1,12056500,-0.6664565376848579
ThermoRoute-ext,Climatology,1,12115000,-0.5515431021204856
ThermoRoute-ext,Climatology,1,12117600,-0.6963011736891803
ThermoRoute-ext,Climatology,1,12210700,-0.8072183361257048
ThermoRoute-ext,Climatology,1,12212050,-0.9880483388212908
ThermoRoute-ext,Climatology,1,12213100,-1.076604101577566
ThermoRoute-ext,Climatology,1,12363000,-0.9482052212511659
ThermoRoute-ext,Climatology,1,12398600,-1.4774101808492532
ThermoRoute-ext,Climatology,1,13018350,-0.851972511574344
ThermoRoute-ext,Climatology,1,13154500,-0.8629266697910276
ThermoRoute-ext,Climatology,1,13317660,-0.9344779425949398
ThermoRoute-ext,Climatology,1,13342500,-0.9528296445636386
ThermoRoute-ext,Climatology,1,14091500,-0.2527417683934629
ThermoRoute-ext,Climatology,1,14150800,-1.3808502673093472
ThermoRoute-ext,Climatology,1,14151000,-2.430579804934433
ThermoRoute-ext,Climatology,1,14152000,-1.132209537262558
ThermoRoute-ext,Climatology,1,14153500,-2.038274923531098
ThermoRoute-ext,Climatology,1,14154500,-1.7881403398237017
ThermoRoute-ext,Climatology,1,14159500,-0.9336363390774329
ThermoRoute-ext,Climatology,1,14161500,-0.9943764808305177
ThermoRoute-ext,Climatology,1,14179000,-1.0422005471787201
ThermoRoute-ext,Climatology,1,14185000,-1.1976607989655284
ThermoRoute-ext,Climatology,1,14210000,-1.2269690411742946
ThermoRoute-ext,Climatology,1,14211499,-1.184558510773487
ThermoRoute-ext,Climatology,1,14211500,-1.3888973464965155
ThermoRoute-ext,Climatology,1,14320934,-1.4307386859522009
ThermoRoute-ext,Climatology,1,255534081324000,-1.1523083563716292
ThermoRoute-ext,Climatology,3,01073319,-0.2522920954574097
ThermoRoute-ext,Climatology,3,01104415,-0.14308254997001923
ThermoRoute-ext,Climatology,3,01104455,-0.47691712814713205
ThermoRoute-ext,Climatology,3,01104475,-0.47407508127403153
ThermoRoute-ext,Climatology,3,01129500,-0.2962918029830146
ThermoRoute-ext,Climatology,3,01400500,-0.39306934168679986
ThermoRoute-ext,Climatology,3,01408029,-0.16456529619296978
ThermoRoute-ext,Climatology,3,01425000,-0.5399311158200479
ThermoRoute-ext,Climatology,3,01426500,-0.35900996106842564
ThermoRoute-ext,Climatology,3,01427207,-0.28370672743676173
ThermoRoute-ext,Climatology,3,01428500,-0.5160740048020085
ThermoRoute-ext,Climatology,3,01463500,-0.5473376586844358
ThermoRoute-ext,Climatology,3,01480617,-0.2873018696475105
ThermoRoute-ext,Climatology,3,01540500,-0.7351559137984769
ThermoRoute-ext,Climatology,3,01542500,-0.4715072884156182
ThermoRoute-ext,Climatology,3,01549700,-0.5114256810844873
ThermoRoute-ext,Climatology,3,02110701,-0.37998987757143254
ThermoRoute-ext,Climatology,3,02176930,-0.4291055180370138
ThermoRoute-ext,Climatology,3,02266300,-0.4927858302895589
ThermoRoute-ext,Climatology,3,02330450,-0.291553177710135
ThermoRoute-ext,Climatology,3,02334430,-1.2184387771503484
ThermoRoute-ext,Climatology,3,02334885,-0.438544101976577
ThermoRoute-ext,Climatology,3,02336120,-0.34670379082474123
ThermoRoute-ext,Climatology,3,02336300,-0.3557848040709999
ThermoRoute-ext,Climatology,3,02336728,-2.143607449573489
ThermoRoute-ext,Climatology,3,02397000,-0.5651639134572612
ThermoRoute-ext,Climatology,3,02455980,-0.22981765993965686
ThermoRoute-ext,Climatology,3,02458450,-0.39715055990231884
ThermoRoute-ext,Climatology,3,02474560,-1.0731891199546344
ThermoRoute-ext,Climatology,3,03007800,-0.4015160376470499
ThermoRoute-ext,Climatology,3,03034000,-0.36680181532020795
ThermoRoute-ext,Climatology,3,03036000,-0.6511552040023982
ThermoRoute-ext,Climatology,3,03047000,-0.6423138791693577
ThermoRoute-ext,Climatology,3,03077500,-0.7512907490002145
ThermoRoute-ext,Climatology,3,03105500,-0.6456041232440921
ThermoRoute-ext,Climatology,3,03106000,-0.39406725118764285
ThermoRoute-ext,Climatology,3,03301900,-0.4020019473370826
ThermoRoute-ext,Climatology,3,03353200,-0.28415584935044347
ThermoRoute-ext,Climatology,3,03456991,-0.40122614166463766
ThermoRoute-ext,Climatology,3,04027000,-0.4712633674171689
ThermoRoute-ext,Climatology,3,04043238,-0.2460921160993188
ThermoRoute-ext,Climatology,3,04043244,-0.1989610960501842
ThermoRoute-ext,Climatology,3,04067500,-0.5817223574092187
ThermoRoute-ext,Climatology,3,04077630,-0.2720649911741637
ThermoRoute-ext,Climatology,3,04124200,-0.4435897100079401
ThermoRoute-ext,Climatology,3,04125460,-0.257363132227276
ThermoRoute-ext,Climatology,3,04137005,-0.6489081215866599
ThermoRoute-ext,Climatology,3,04176500,-0.694640283624631
ThermoRoute-ext,Climatology,3,04208000,-0.39459288566081385
ThermoRoute-ext,Climatology,3,05054000,-1.0799613622729451
ThermoRoute-ext,Climatology,3,05057000,-0.6651323838875765
ThermoRoute-ext,Climatology,3,05289800,-0.5474034696135424
ThermoRoute-ext,Climatology,3,05331833,-0.3056048969635641
ThermoRoute-ext,Climatology,3,05370000,-0.4225741246695299
ThermoRoute-ext,Climatology,3,05382255,-0.24802406953260436
ThermoRoute-ext,Climatology,3,05382257,0.00552044721010625
ThermoRoute-ext,Climatology,3,05406457,-0.17483648860975487
ThermoRoute-ext,Climatology,3,05458300,-0.5711752751633423
ThermoRoute-ext,Climatology,3,05517000,-0.5367408138429681
ThermoRoute-ext,Climatology,3,06036805,-0.3160088005649031
ThermoRoute-ext,Climatology,3,06036905,-0.2803023873999808
ThermoRoute-ext,Climatology,3,06036940,-0.6596148484219877
ThermoRoute-ext,Climatology,3,06041000,-0.6198947844244782
ThermoRoute-ext,Climatology,3,06623800,-0.05763608067005288
ThermoRoute-ext,Climatology,3,06894000,-0.5317527622938889
ThermoRoute-ext,Climatology,3,06934500,-0.8506809167408901
ThermoRoute-ext,Climatology,3,07106000,0.0805784659042379
ThermoRoute-ext,Climatology,3,07178200,-0.8098444380177479
ThermoRoute-ext,Climatology,3,07194880,-0.1564580488542524
ThermoRoute-ext,Climatology,3,07332622,-0.40738346192693253
ThermoRoute-ext,Climatology,3,08048000,-0.5968023594626697
ThermoRoute-ext,Climatology,3,08052700,-0.18785998908955648
ThermoRoute-ext,Climatology,3,08065350,-0.9725262379375172
ThermoRoute-ext,Climatology,3,08070200,-0.7682534758007571
ThermoRoute-ext,Climatology,3,08123850,-0.26920342790874363
ThermoRoute-ext,Climatology,3,09136100,-0.7732255576079683
ThermoRoute-ext,Climatology,3,09144250,-0.7336544023350462
ThermoRoute-ext,Climatology,3,09149500,-0.2743613347142455
ThermoRoute-ext,Climatology,3,09163500,-0.7822469087290609
ThermoRoute-ext,Climatology,3,09180000,-0.7474787133467493
ThermoRoute-ext,Climatology,3,09261000,-0.40485788179058546
ThermoRoute-ext,Climatology,3,09302000,-0.7872160711111493
ThermoRoute-ext,Climatology,3,09380000,-3.146763914157912
ThermoRoute-ext,Climatology,3,10129900,-0.47626070609407845
ThermoRoute-ext,Climatology,3,10301500,-0.4353809834305131
ThermoRoute-ext,Climatology,3,10351600,-0.727270278093642
ThermoRoute-ext,Climatology,3,11262900,-0.14894273244789047
ThermoRoute-ext,Climatology,3,11467000,-0.5240530350844536
ThermoRoute-ext,Climatology,3,11507500,-0.7154252998911437
ThermoRoute-ext,Climatology,3,12056500,-0.37796220401711156
ThermoRoute-ext,Climatology,3,12115000,-0.28230827902859956
ThermoRoute-ext,Climatology,3,12117600,-0.3821156566918218
ThermoRoute-ext,Climatology,3,12210700,-0.326796363803034
ThermoRoute-ext,Climatology,3,12212050,-0.44392386929133143
ThermoRoute-ext,Climatology,3,12213100,-0.48849665791870045
ThermoRoute-ext,Climatology,3,12363000,-0.538143349924325
ThermoRoute-ext,Climatology,3,12398600,-1.1463615038856976
ThermoRoute-ext,Climatology,3,13018350,-0.17875735097894685
ThermoRoute-ext,Climatology,3,13154500,-0.5421152811430953
ThermoRoute-ext,Climatology,3,13317660,-0.6090962506110723
ThermoRoute-ext,Climatology,3,13342500,-0.4901158770569183
ThermoRoute-ext,Climatology,3,14091500,0.07237793428652373
ThermoRoute-ext,Climatology,3,14150800,-0.655920617277151
ThermoRoute-ext,Climatology,3,14151000,-1.8256416041523258
ThermoRoute-ext,Climatology,3,14152000,-0.7854555648185371
ThermoRoute-ext,Climatology,3,14153500,-1.7622957694019574
ThermoRoute-ext,Climatology,3,14154500,-1.0510547396099204
ThermoRoute-ext,Climatology,3,14159500,-0.6495639934258483
ThermoRoute-ext,Climatology,3,14161500,-0.5563167631202597
ThermoRoute-ext,Climatology,3,14179000,-0.5918655385859615
ThermoRoute-ext,Climatology,3,14185000,-0.5713285521975535
ThermoRoute-ext,Climatology,3,14210000,-0.8675202610235142
ThermoRoute-ext,Climatology,3,14211499,-0.3975037149418923
ThermoRoute-ext,Climatology,3,14211500,-0.4697288759711544
ThermoRoute-ext,Climatology,3,14320934,-0.8127959191645253
ThermoRoute-ext,Climatology,3,255534081324000,-0.06700181753730683
ThermoRoute-ext,Climatology,7,01073319,0.17759476679897412
ThermoRoute-ext,Climatology,7,01104415,-0.036394803722668456
ThermoRoute-ext,Climatology,7,01104455,-0.1737019263771491
ThermoRoute-ext,Climatology,7,01104475,-0.28802201969056407
ThermoRoute-ext,Climatology,7,01129500,0.045670192046775915
ThermoRoute-ext,Climatology,7,01400500,0.12687696486089628
ThermoRoute-ext,Climatology,7,01408029,0.08812925970794305
ThermoRoute-ext,Climatology,7,01425000,-0.19862063912738592
ThermoRoute-ext,Climatology,7,01426500,-0.13611394835161694
ThermoRoute-ext,Climatology,7,01427207,0.19893846266011717
ThermoRoute-ext,Climatology,7,01428500,0.15476012698858188
ThermoRoute-ext,Climatology,7,01463500,0.061519793056145966
ThermoRoute-ext,Climatology,7,01480617,0.020216357552322428
ThermoRoute-ext,Climatology,7,01540500,-0.01944143620021821
ThermoRoute-ext,Climatology,7,01542500,0.09331021963963249
ThermoRoute-ext,Climatology,7,01549700,0.08480731514137041
ThermoRoute-ext,Climatology,7,02110701,0.21011760463433626
ThermoRoute-ext,Climatology,7,02176930,0.02837676758633867
ThermoRoute-ext,Climatology,7,02266300,0.04756607220069187
ThermoRoute-ext,Climatology,7,02330450,0.10561991490509404
ThermoRoute-ext,Climatology,7,02334430,-1.0324185165704898
ThermoRoute-ext,Climatology,7,02334885,0.1033730536083155
ThermoRoute-ext,Climatology,7,02336120,0.15717150155606285
ThermoRoute-ext,Climatology,7,02336300,0.15660981262329932
ThermoRoute-ext,Climatology,7,02336728,-1.8329822736951593
ThermoRoute-ext,Climatology,7,02397000,-0.007908192837859263
ThermoRoute-ext,Climatology,7,02455980,0.15294434125289147
ThermoRoute-ext,Climatology,7,02458450,0.03401194079806613
ThermoRoute-ext,Climatology,7,02474560,-0.1266761812922379
ThermoRoute-ext,Climatology,7,03007800,0.09305363042077763
ThermoRoute-ext,Climatology,7,03034000,0.0701012227877853
ThermoRoute-ext,Climatology,7,03036000,-0.11921485514376107
ThermoRoute-ext,Climatology,7,03047000,0.0407296470445786
ThermoRoute-ext,Climatology,7,03077500,-0.3879448531158445
ThermoRoute-ext,Climatology,7,03105500,-0.13984983280920993
ThermoRoute-ext,Climatology,7,03106000,0.19654682303900994
ThermoRoute-ext,Climatology,7,03301900,-0.07589458481664169
ThermoRoute-ext,Climatology,7,03353200,0.1760105268751837
ThermoRoute-ext,Climatology,7,03456991,0.0704705134106054
ThermoRoute-ext,Climatology,7,04027000,0.037909448884155594
ThermoRoute-ext,Climatology,7,04043238,0.19040968980196826
ThermoRoute-ext,Climatology,7,04043244,0.19500113097427607
ThermoRoute-ext,Climatology,7,04067500,0.029793317383355555
ThermoRoute-ext,Climatology,7,04077630,0.26335095035198286
ThermoRoute-ext,Climatology,7,04124200,-0.11210432085944033
ThermoRoute-ext,Climatology,7,04125460,0.13985187004166355
ThermoRoute-ext,Climatology,7,04137005,-0.09215144468821124
ThermoRoute-ext,Climatology,7,04176500,0.036293144105731256
ThermoRoute-ext,Climatology,7,04208000,0.1027835041959948
ThermoRoute-ext,Climatology,7,05054000,-0.3607877306425815
ThermoRoute-ext,Climatology,7,05057000,0.003956742981335637
ThermoRoute-ext,Climatology,7,05289800,0.002652446604310743
ThermoRoute-ext,Climatology,7,05331833,0.05114042037096467
ThermoRoute-ext,Climatology,7,05370000,-0.04483874932182186
ThermoRoute-ext,Climatology,7,05382255,0.13382494752599383
ThermoRoute-ext,Climatology,7,05382257,0.2116196859738959
ThermoRoute-ext,Climatology,7,05406457,0.004923855072120453
ThermoRoute-ext,Climatology,7,05458300,0.10622163530933193
ThermoRoute-ext,Climatology,7,05517000,0.08533346643410367
ThermoRoute-ext,Climatology,7,06036805,-0.08533262813944509
ThermoRoute-ext,Climatology,7,06036905,-0.04228816616062869
ThermoRoute-ext,Climatology,7,06036940,-0.31211180609758404
ThermoRoute-ext,Climatology,7,06041000,-0.02989760625676885
ThermoRoute-ext,Climatology,7,06623800,0.19578646888485152
ThermoRoute-ext,Climatology,7,06894000,0.20056975633948326
ThermoRoute-ext,Climatology,7,06934500,-0.1340351549465344
ThermoRoute-ext,Climatology,7,07106000,0.2271851433820098
ThermoRoute-ext,Climatology,7,07178200,-0.08507039333683908
ThermoRoute-ext,Climatology,7,07194880,0.12333722529399949
ThermoRoute-ext,Climatology,7,07332622,0.2357626738189751
ThermoRoute-ext,Climatology,7,08048000,0.13420105254146764
ThermoRoute-ext,Climatology,7,08052700,0.48216626295578724
ThermoRoute-ext,Climatology,7,08065350,-0.004557828578060974
ThermoRoute-ext,Climatology,7,08070200,0.15483739986045508
ThermoRoute-ext,Climatology,7,08123850,0.38124068164772584
ThermoRoute-ext,Climatology,7,09136100,-0.5676110111375483
ThermoRoute-ext,Climatology,7,09144250,-0.5056345832833344
ThermoRoute-ext,Climatology,7,09149500,-0.09322000594019242
ThermoRoute-ext,Climatology,7,09163500,-0.37681697875444375
ThermoRoute-ext,Climatology,7,09180000,-0.39359619440817073
ThermoRoute-ext,Climatology,7,09261000,0.04526944582425374
ThermoRoute-ext,Climatology,7,09302000,-0.45061969584016404
ThermoRoute-ext,Climatology,7,09380000,-2.9853459047067172
ThermoRoute-ext,Climatology,7,10129900,-0.22756703070650297
ThermoRoute-ext,Climatology,7,10301500,-0.026112099438030167
ThermoRoute-ext,Climatology,7,10351600,-0.35286607289733607
ThermoRoute-ext,Climatology,7,11262900,0.19142889994602874
ThermoRoute-ext,Climatology,7,11467000,-0.06053336511973062
ThermoRoute-ext,Climatology,7,11507500,-0.07582666595964516
ThermoRoute-ext,Climatology,7,12056500,-0.15787336376760142
ThermoRoute-ext,Climatology,7,12115000,-0.0558766978978692
ThermoRoute-ext,Climatology,7,12117600,-0.1544011149675918
ThermoRoute-ext,Climatology,7,12210700,-0.07363748060287612
ThermoRoute-ext,Climatology,7,12212050,-0.10837025424291635
ThermoRoute-ext,Climatology,7,12213100,-0.23692358726554774
ThermoRoute-ext,Climatology,7,12363000,-0.29048726231060784
ThermoRoute-ext,Climatology,7,12398600,-0.7560916963652224
ThermoRoute-ext,Climatology,7,13018350,0.008978393945665575
ThermoRoute-ext,Climatology,7,13154500,-0.19883411905022186
ThermoRoute-ext,Climatology,7,13317660,-0.3519420584549149
ThermoRoute-ext,Climatology,7,13342500,-0.1356609858240334
ThermoRoute-ext,Climatology,7,14091500,0.21576081675221348
ThermoRoute-ext,Climatology,7,14150800,-0.20072473003001767
ThermoRoute-ext,Climatology,7,14151000,-1.332467006553684
ThermoRoute-ext,Climatology,7,14152000,-0.4568196882409521
ThermoRoute-ext,Climatology,7,14153500,-1.3492141424494273
ThermoRoute-ext,Climatology,7,14154500,-0.5795002341092237
ThermoRoute-ext,Climatology,7,14159500,-0.3912642882860219
ThermoRoute-ext,Climatology,7,14161500,-0.25232481904657145
ThermoRoute-ext,Climatology,7,14179000,-0.3680540239667931
ThermoRoute-ext,Climatology,7,14185000,-0.20427008093696974
ThermoRoute-ext,Climatology,7,14210000,-0.5194405727206837
ThermoRoute-ext,Climatology,7,14211499,0.025314362059312145
ThermoRoute-ext,Climatology,7,14211500,0.04297236920724545
ThermoRoute-ext,Climatology,7,14320934,-0.38780052933839837
ThermoRoute-ext,Climatology,7,255534081324000,0.5225737617175354
ThermoRoute,LightGBM,3,01073319,0.024900376520996303
ThermoRoute,LightGBM,3,01104415,0.003741771701531782
ThermoRoute,LightGBM,3,01104455,0.031216574879721293
ThermoRoute,LightGBM,3,01104475,0.017545768532714945
ThermoRoute,LightGBM,3,01129500,-0.0011309904181591168
ThermoRoute,LightGBM,3,01400500,-0.026690138534596786
ThermoRoute,LightGBM,3,01408029,0.0005394036764276855
ThermoRoute,LightGBM,3,01425000,0.02430114874129463
ThermoRoute,LightGBM,3,01426500,0.014415038706536265
ThermoRoute,LightGBM,3,01427207,0.027024034773554195
ThermoRoute,LightGBM,3,01428500,0.041646620533076995
ThermoRoute,LightGBM,3,01463500,-0.007877610242771782
ThermoRoute,LightGBM,3,01480617,0.02957945659440564
ThermoRoute,LightGBM,3,01540500,-0.016981627357949947
ThermoRoute,LightGBM,3,01542500,0.003412762338027342
ThermoRoute,LightGBM,3,01549700,0.0314969684214208
ThermoRoute,LightGBM,3,02110701,0.021133594999804828
ThermoRoute,LightGBM,3,02176930,-0.03769661723148432
ThermoRoute,LightGBM,3,02266300,-0.04325704752291104
ThermoRoute,LightGBM,3,02330450,-0.04292760110846072
ThermoRoute,LightGBM,3,02334430,-0.041973823008560784
ThermoRoute,LightGBM,3,02334885,0.008458486844180824
ThermoRoute,LightGBM,3,02336120,-0.019134871078897886
ThermoRoute,LightGBM,3,02336300,-0.008959113705447885
ThermoRoute,LightGBM,3,02336728,-0.27613033830148526
ThermoRoute,LightGBM,3,02397000,0.03395352950473862
ThermoRoute,LightGBM,3,02455980,-0.031245290786373836
ThermoRoute,LightGBM,3,02458450,-0.04794237184752914
ThermoRoute,LightGBM,3,02474560,0.029038676498100546
ThermoRoute,LightGBM,3,03007800,0.0032405508559654184
ThermoRoute,LightGBM,3,03034000,0.02135048632550296
ThermoRoute,LightGBM,3,03036000,0.0040565937405405705
ThermoRoute,LightGBM,3,03047000,0.0934858328734327
ThermoRoute,LightGBM,3,03077500,0.017017593248248863
ThermoRoute,LightGBM,3,03105500,-0.0051032384737965675
ThermoRoute,LightGBM,3,03106000,0.034116279699072605
ThermoRoute,LightGBM,3,03301900,-0.014424372000484409
ThermoRoute,LightGBM,3,03353200,0.026719197068559852
ThermoRoute,LightGBM,3,03456991,-0.011676968824527512
ThermoRoute,LightGBM,3,04027000,0.01805093064921537
ThermoRoute,LightGBM,3,04043238,0.015132789016291781
ThermoRoute,LightGBM,3,04043244,0.029426051825356625
ThermoRoute,LightGBM,3,04067500,0.015537220576311128
ThermoRoute,LightGBM,3,04077630,0.04266331553819791
ThermoRoute,LightGBM,3,04124200,0.056833020167171455
ThermoRoute,LightGBM,3,04125460,0.012429024846527303
ThermoRoute,LightGBM,3,04137005,0.06773887489080133
ThermoRoute,LightGBM,3,04176500,0.01195374249409098
ThermoRoute,LightGBM,3,04208000,0.03931507236400633
ThermoRoute,LightGBM,3,05054000,0.021229063796373127
ThermoRoute,LightGBM,3,05057000,0.027883673030784317
ThermoRoute,LightGBM,3,05289800,0.03973175505305937
ThermoRoute,LightGBM,3,05331833,-0.010035144532346552
ThermoRoute,LightGBM,3,05370000,0.03168702087592856
ThermoRoute,LightGBM,3,05382255,0.029647021787393202
ThermoRoute,LightGBM,3,05382257,0.007243967513575367
ThermoRoute,LightGBM,3,05406457,0.010677349171990036
ThermoRoute,LightGBM,3,05458300,0.08011460375824098
ThermoRoute,LightGBM,3,05517000,0.037177512816845004
ThermoRoute,LightGBM,3,06036805,0.03566650349234535
ThermoRoute,LightGBM,3,06036905,0.01273484999567498
ThermoRoute,LightGBM,3,06036940,0.041208634792714305
ThermoRoute,LightGBM,3,06041000,0.06473170459276878
ThermoRoute,LightGBM,3,06623800,0.02927407662009396
ThermoRoute,LightGBM,3,06894000,0.02847752753540478
ThermoRoute,LightGBM,3,06934500,-0.0016768503403884472
ThermoRoute,LightGBM,3,07106000,0.055175036861095705
ThermoRoute,LightGBM,3,07178200,0.025228530263518012
ThermoRoute,LightGBM,3,07194880,0.011310979893931039
ThermoRoute,LightGBM,3,07332622,-0.004182426151836172
ThermoRoute,LightGBM,3,08048000,-0.019069960642528194
ThermoRoute,LightGBM,3,08052700,0.025625696786991004
ThermoRoute,LightGBM,3,08065350,0.037941072989314595
ThermoRoute,LightGBM,3,08070200,0.05366835995566932
ThermoRoute,LightGBM,3,08123850,0.009491289309299766
ThermoRoute,LightGBM,3,09136100,0.024244245390848018
ThermoRoute,LightGBM,3,09144250,0.037121596107001054
ThermoRoute,LightGBM,3,09149500,9.399791005493263e-05
ThermoRoute,LightGBM,3,09163500,0.03548093341207181
ThermoRoute,LightGBM,3,09180000,-0.02447381699029294
ThermoRoute,LightGBM,3,09261000,0.052514047860698465
ThermoRoute,LightGBM,3,09302000,0.031417728061474914
ThermoRoute,LightGBM,3,09380000,-0.530705143104049
ThermoRoute,LightGBM,3,10129900,0.06825565643333453
ThermoRoute,LightGBM,3,10301500,0.018204783647475686
ThermoRoute,LightGBM,3,10351600,0.00035369377733895924
ThermoRoute,LightGBM,3,11262900,0.00990158120504403
ThermoRoute,LightGBM,3,11467000,0.01037896544962269
ThermoRoute,LightGBM,3,11507500,0.026389897811482488
ThermoRoute,LightGBM,3,12056500,0.007972199395113844
ThermoRoute,LightGBM,3,12115000,0.05690722552484284
ThermoRoute,LightGBM,3,12117600,0.024999433518393177
ThermoRoute,LightGBM,3,12210700,0.006122875987215615
ThermoRoute,LightGBM,3,12212050,-0.011643599884309186
ThermoRoute,LightGBM,3,12213100,0.007299010281048179
ThermoRoute,LightGBM,3,12363000,0.007784629424015477
ThermoRoute,LightGBM,3,12398600,0.018526843642963753
ThermoRoute,LightGBM,3,13018350,0.05253345420923461
ThermoRoute,LightGBM,3,13154500,0.011659569885096865
ThermoRoute,LightGBM,3,13317660,0.014472304147638448
ThermoRoute,LightGBM,3,13342500,0.03328551666070645
ThermoRoute,LightGBM,3,14091500,0.01898275985133413
ThermoRoute,LightGBM,3,14150800,-0.0024905284582874554
ThermoRoute,LightGBM,3,14151000,0.02047945626749148
ThermoRoute,LightGBM,3,14152000,-0.00090110425785217
ThermoRoute,LightGBM,3,14153500,-0.03435974188805768
ThermoRoute,LightGBM,3,14154500,0.006521886909544472
ThermoRoute,LightGBM,3,14159500,-0.002147996921417983
ThermoRoute,LightGBM,3,14161500,0.003650622852222174
ThermoRoute,LightGBM,3,14179000,0.011810083221426404
ThermoRoute,LightGBM,3,14185000,0.012764415743697244
ThermoRoute,LightGBM,3,14210000,0.02904337550774383
ThermoRoute,LightGBM,3,14211499,0.014995253551144172
ThermoRoute,LightGBM,3,14211500,0.02830524757987596
ThermoRoute,LightGBM,3,14320934,-0.033437175650069095
ThermoRoute,LightGBM,3,255534081324000,0.020124939325977698
ThermoRoute,LightGBM,7,01073319,1.016226928385322e-05
ThermoRoute,LightGBM,7,01104415,-0.01207446734725437
ThermoRoute,LightGBM,7,01104455,-0.02032547564066367
ThermoRoute,LightGBM,7,01104475,0.024808409607705695
ThermoRoute,LightGBM,7,01129500,-0.0616023008830735
ThermoRoute,LightGBM,7,01400500,0.011024417473014747
ThermoRoute,LightGBM,7,01408029,-0.01831227793266854
ThermoRoute,LightGBM,7,01425000,-0.06509229781448944
ThermoRoute,LightGBM,7,01426500,-0.00998310429657212
ThermoRoute,LightGBM,7,01427207,0.004763913028710931
ThermoRoute,LightGBM,7,01428500,0.030738396856763828
ThermoRoute,LightGBM,7,01463500,0.01306982912633603
ThermoRoute,LightGBM,7,01480617,0.011003542782363596
ThermoRoute,LightGBM,7,01540500,-0.03119372328087855
ThermoRoute,LightGBM,7,01542500,0.0024730875255669638
ThermoRoute,LightGBM,7,01549700,-0.018697892856803122
ThermoRoute,LightGBM,7,02110701,-0.019492970251934416
ThermoRoute,LightGBM,7,02176930,-0.03541964291566546
ThermoRoute,LightGBM,7,02266300,-0.0649952447282034
ThermoRoute,LightGBM,7,02330450,-0.01781722372619554
ThermoRoute,LightGBM,7,02334430,-0.34172673175038876
ThermoRoute,LightGBM,7,02334885,-0.02264630807293111
ThermoRoute,LightGBM,7,02336120,-0.00973829159068984
ThermoRoute,LightGBM,7,02336300,-0.003356684929558984
ThermoRoute,LightGBM,7,02336728,-0.08567738694679017
ThermoRoute,LightGBM,7,02397000,-0.007574815923224065
ThermoRoute,LightGBM,7,02455980,-0.01054512110176331
ThermoRoute,LightGBM,7,02458450,-0.01992679576060663
ThermoRoute,LightGBM,7,02474560,-0.040936912930487956
ThermoRoute,LightGBM,7,03007800,-0.010133408290077028
ThermoRoute,LightGBM,7,03034000,-0.03236402390219517
ThermoRoute,LightGBM,7,03036000,-0.06884100301021445
ThermoRoute,LightGBM,7,03047000,0.04152688866550913
ThermoRoute,LightGBM,7,03077500,-0.14359639390485657
ThermoRoute,LightGBM,7,03105500,-0.03646768624012564
ThermoRoute,LightGBM,7,03106000,-0.024832790544870864
ThermoRoute,LightGBM,7,03301900,0.005896168323263229
ThermoRoute,LightGBM,7,03353200,-0.015400402466790197
ThermoRoute,LightGBM,7,03456991,-0.0030422271373427012
ThermoRoute,LightGBM,7,04027000,0.0026890112595694404
ThermoRoute,LightGBM,7,04043238,-0.026269207859520582
ThermoRoute,LightGBM,7,04043244,-0.0338829705665491
ThermoRoute,LightGBM,7,04067500,0.024521272733313282
ThermoRoute,LightGBM,7,04077630,0.018323812854453836
ThermoRoute,LightGBM,7,04124200,-0.012017207153986242
ThermoRoute,LightGBM,7,04125460,-0.026574040410150657
ThermoRoute,LightGBM,7,04137005,0.016222094142128274
ThermoRoute,LightGBM,7,04176500,0.04914536066067843
ThermoRoute,LightGBM,7,04208000,-0.008558110631798233
ThermoRoute,LightGBM,7,05054000,-0.054885542795347186
ThermoRoute,LightGBM,7,05057000,0.0332077932658188
ThermoRoute,LightGBM,7,05289800,0.07511742696387125
ThermoRoute,LightGBM,7,05331833,-0.01657731363477355
ThermoRoute,LightGBM,7,05370000,0.01610193273114846
ThermoRoute,LightGBM,7,05382255,-0.005597818660600051
ThermoRoute,LightGBM,7,05382257,-0.02301216371138759
ThermoRoute,LightGBM,7,05406457,0.0006544549719014192
ThermoRoute,LightGBM,7,05458300,0.05889790432287745
ThermoRoute,LightGBM,7,05517000,-0.0014688854885007707
ThermoRoute,LightGBM,7,06036805,0.005768704905452449
ThermoRoute,LightGBM,7,06036905,0.024724112304266077
ThermoRoute,LightGBM,7,06036940,0.061886074709183614
ThermoRoute,LightGBM,7,06041000,0.0822859896505399
ThermoRoute,LightGBM,7,06623800,-0.013501094613130316
ThermoRoute,LightGBM,7,06894000,0.011537198662222803
ThermoRoute,LightGBM,7,06934500,0.032456695051644946
ThermoRoute,LightGBM,7,07106000,0.0321841273416672
ThermoRoute,LightGBM,7,07178200,0.01614712607314983
ThermoRoute,LightGBM,7,07194880,0.01754360793150167
ThermoRoute,LightGBM,7,07332622,-0.018792933947606727
ThermoRoute,LightGBM,7,08048000,-0.0411496319698188
ThermoRoute,LightGBM,7,08052700,-0.014355952973240438
ThermoRoute,LightGBM,7,08065350,0.004834041704906866
ThermoRoute,LightGBM,7,08070200,-0.022432185138436367
ThermoRoute,LightGBM,7,08123850,0.0108589372894774
ThermoRoute,LightGBM,7,09136100,0.02643648619227279
ThermoRoute,LightGBM,7,09144250,-0.004474326747661905
ThermoRoute,LightGBM,7,09149500,-0.00018374133204623888
ThermoRoute,LightGBM,7,09163500,-0.012142470938804939
ThermoRoute,LightGBM,7,09180000,-0.07977878558235174
ThermoRoute,LightGBM,7,09261000,0.04483882029481778
ThermoRoute,LightGBM,7,09302000,0.041052716662096644
ThermoRoute,LightGBM,7,09380000,-1.4264744257911262
ThermoRoute,LightGBM,7,10129900,0.0032900080738607063
ThermoRoute,LightGBM,7,10301500,0.03670823878540763
ThermoRoute,LightGBM,7,10351600,-0.04621066988758504
ThermoRoute,LightGBM,7,11262900,-0.02925808286996978
ThermoRoute,LightGBM,7,11467000,-0.0293660885913809
ThermoRoute,LightGBM,7,11507500,0.02475370040382474
ThermoRoute,LightGBM,7,12056500,0.007172238628084804
ThermoRoute,LightGBM,7,12115000,0.011357917759775238
ThermoRoute,LightGBM,7,12117600,0.009648172613231476
ThermoRoute,LightGBM,7,12210700,0.02149679666523374
ThermoRoute,LightGBM,7,12212050,0.008210582299967184
ThermoRoute,LightGBM,7,12213100,0.020625902672268825
ThermoRoute,LightGBM,7,12363000,0.02287010072388973
ThermoRoute,LightGBM,7,12398600,-0.10927216481614743
ThermoRoute,LightGBM,7,13018350,0.033318971355512206
ThermoRoute,LightGBM,7,13154500,-0.02329927198796422
ThermoRoute,LightGBM,7,13317660,0.0016076699169591535
ThermoRoute,LightGBM,7,13342500,0.023367403610325077
ThermoRoute,LightGBM,7,14091500,-0.014860268509506946
ThermoRoute,LightGBM,7,14150800,-0.03302306286244816
ThermoRoute,LightGBM,7,14151000,-0.08404608440286343
ThermoRoute,LightGBM,7,14152000,-0.0030967667969791224
ThermoRoute,LightGBM,7,14153500,-0.20611284908604421
ThermoRoute,LightGBM,7,14154500,-0.07954757641996424
ThermoRoute,LightGBM,7,14159500,-0.03948176765139233
ThermoRoute,LightGBM,7,14161500,-0.03105425794935046
ThermoRoute,LightGBM,7,14179000,-0.030319064170053478
ThermoRoute,LightGBM,7,14185000,-0.02112682000572108
ThermoRoute,LightGBM,7,14210000,-0.04555877506705419
ThermoRoute,LightGBM,7,14211499,-0.0028391814375963165
ThermoRoute,LightGBM,7,14211500,-0.0006043215843916094
ThermoRoute,LightGBM,7,14320934,-0.08132109293323198
ThermoRoute,LightGBM,7,255534081324000,-0.03480729140265115
