model,horizon,site_id,rmse,mae,bias,n
Climatology,1,01073319,1.8980512790268445,1.4446639966392487,-0.29189273710218594,970
Climatology,1,01104415,1.7683956687479412,1.3730585848937793,-0.783702394499615,961
Climatology,1,01104455,2.0050548779395374,1.5721063307433758,-0.5821375208643248,848
Climatology,1,01104475,1.9889025127233053,1.571013301446293,-0.9121321252037807,1086
Climatology,1,01129500,1.774191759850807,1.2005551084865769,-0.6090320346481899,1094
Climatology,1,01400500,2.2114085584594014,1.7253227249792453,-0.6431501178304923,979
Climatology,1,01408029,2.0910849638237687,1.624106100763536,-0.8154010240377401,891
Climatology,1,01425000,1.3967747953163987,1.024594143589041,-0.1779399768852476,1072
Climatology,1,01426500,1.6065528145079997,1.2390842719778994,0.1511134580097485,932
Climatology,1,01427207,1.877042180888168,1.4906656437910069,-0.09159307116054026,1076
Climatology,1,01428500,2.115022344125953,1.664052721853831,-0.04150306224459555,1066
Climatology,1,01463500,1.8885989249510766,1.499173171069733,-0.3577490852669228,1075
Climatology,1,01480617,2.0666304858596596,1.6049539869831455,-0.5896173362358375,1085
Climatology,1,01540500,1.936004774960092,1.518902395737748,-0.6176012200774044,930
Climatology,1,01542500,2.152937456007137,1.7086983973703587,0.4369585006030854,1087
Climatology,1,01549700,2.29209938267173,1.8132670896815328,-0.5119192911644538,1081
Climatology,1,02110701,2.2987496689379965,1.7486816370794043,-0.5146300363131542,1049
Climatology,1,02176930,2.1544866540552623,1.6648519897845848,-0.9141631714525612,1053
Climatology,1,02266300,2.0556083781231296,1.600790373396235,-0.8836507691570926,1083
Climatology,1,02330450,1.89497680950945,1.4013825610728192,-0.5380956435898193,1064
Climatology,1,02334430,1.733081017218956,1.6468546996386875,-1.6407264442722802,1094
Climatology,1,02334885,2.1482864257321617,1.5511573156447471,-0.6663909954388355,1094
Climatology,1,02336120,2.2447345070208775,1.629619317654088,-0.3590907898506846,1086
Climatology,1,02336300,2.310857708940967,1.7346320435541485,-0.11996950764174855,1090
Climatology,1,02336728,3.3125123455606698,2.5647877407513455,-2.1066278220321726,1085
Climatology,1,02397000,1.6708886038038677,1.2755412069313667,-0.32925863783149156,1088
Climatology,1,02455980,1.805481145416055,1.3355250462932207,-0.2057642333287494,1051
Climatology,1,02458450,2.006823067660201,1.4983050869103423,-0.2989754825420712,1091
Climatology,1,02474560,2.56265786816123,2.0140737931811787,-0.07813262961406954,1086
Climatology,1,03007800,2.2522052020238825,1.804454820814929,-0.25937238434996207,1087
Climatology,1,03034000,2.3096779214803713,1.870796504117689,-0.6602567713145377,1060
Climatology,1,03036000,1.6822773624697982,1.3445280920558775,-0.6174963947050653,1079
Climatology,1,03047000,1.896062937531597,1.4334726203198827,-0.3473945000029485,1090
Climatology,1,03077500,1.4026719151243872,1.1633339740801603,0.9194882868323475,1024
Climatology,1,03105500,2.3642379737721146,1.7957037027314662,-0.8741743326681095,1086
Climatology,1,03106000,2.3969671765787575,1.8781210769694316,-0.5049062278640603,1041
Climatology,1,03301900,2.2629103483024724,1.7495555020729254,-0.49631866084390813,1068
Climatology,1,03353200,2.3807713005662188,1.8832721097146587,-0.6797205974996257,1073
Climatology,1,03456991,2.011784404825974,1.5914663784793934,-0.4951718206635867,1077
Climatology,1,04027000,2.1954700323298084,1.491043773711932,-0.6142261575694717,1061
Climatology,1,04043238,1.7799895244282928,1.2566223383556352,-0.40071453243687016,1081
Climatology,1,04043244,1.685467345937081,1.2432414885689458,-0.18234903460311758,1083
Climatology,1,04067500,1.7854000645778556,1.2064618609721462,-0.5035515808899488,1050
Climatology,1,04077630,1.8886844737217052,1.349114310018926,0.07940572783754461,1094
Climatology,1,04124200,1.1116942161332106,0.8624566012358927,-0.24323966657067395,1092
Climatology,1,04125460,1.5879941752658928,1.2160819466914246,-0.33851890599815204,1089
Climatology,1,04137005,1.4612294736826197,1.0758737494621007,-0.2814233852541851,1091
Climatology,1,04176500,1.9805292995455432,1.5122597855417248,-0.5894575148491873,1087
Climatology,1,04208000,2.1300036863133243,1.6368590359790967,-0.5436284672468901,1040
Climatology,1,05054000,2.0238535816460983,1.3961645117928412,-0.4370851871095767,1076
Climatology,1,05057000,2.193056244439323,1.4579300753178834,-0.20554086429387944,1067
Climatology,1,05289800,2.1176064784935384,1.5914546432860275,-0.2885125003539324,887
Climatology,1,05331833,1.8397496151011334,1.3665704190545143,-0.023961476431069127,1042
Climatology,1,05370000,1.375703219437014,1.0098874447107533,-0.1870678978486415,1091
Climatology,1,05382255,1.4293259644533893,1.1154385301092098,-0.06825316742988784,1094
Climatology,1,05382257,1.9347927154703084,1.4708496982600832,-0.5843200005693919,1085
Climatology,1,05406457,1.3434293592060895,1.0266856970078495,-0.12279347961686223,996
Climatology,1,05458300,2.375593008761029,1.7460655919572432,-1.0886505740569226,1060
Climatology,1,05517000,2.3252280405038097,1.8253798769340872,-0.7904492018291458,1094
Climatology,1,06036805,1.6822933554957684,1.3522399418349664,-0.11262331784153946,1091
Climatology,1,06036905,2.0083175006251768,1.6360358001980964,-0.24999644725806536,1094
Climatology,1,06036940,2.3644146377818225,1.8405676281059182,1.3387819550412916,1092
Climatology,1,06041000,1.6845573505223033,1.266987355590202,-0.13377189193109634,1066
Climatology,1,06623800,0.9488175706103646,0.6502525425433004,0.09301515322807874,925
Climatology,1,06894000,2.2043573335770534,1.7688400964183149,-0.4721030636565454,1072
Climatology,1,06934500,1.7827465577918271,1.4791802162096628,-0.704680517979445,887
Climatology,1,07106000,1.8491718755729587,1.4434174141164735,-0.174585343313603,896
Climatology,1,07178200,2.3667652427227885,1.7956332079304305,-0.026087546695035806,929
Climatology,1,07194880,1.4709841202341127,1.139496407610305,-0.26507105633645267,517
Climatology,1,07332622,2.541827628497194,1.95999972787866,-0.06958509159352894,878
Climatology,1,08048000,2.1896394336286322,1.7227199627371395,-0.5340194651659798,850
Climatology,1,08052700,2.7874802961345346,2.09539657797197,-0.5624151175088604,789
Climatology,1,08065350,2.3585033999093215,1.7799530387055313,-0.48291470813855675,913
Climatology,1,08070200,2.4557152487672296,1.8440373461587087,-0.37447415896824426,1050
Climatology,1,08123850,2.5106731046761603,1.8661188171615501,-0.03869480508558132,767
Climatology,1,09136100,1.9706178183870262,1.5479740630510315,-0.401004867633348,1089
Climatology,1,09144250,1.8253427314137514,1.4702406455813857,-0.29474497539410877,1092
Climatology,1,09149500,1.4647390650060563,1.1790272400219,-0.17166160059313015,1094
Climatology,1,09163500,1.8295836534958023,1.4519413068372982,-0.4437361580253301,1094
Climatology,1,09180000,2.0764468685983997,1.6482993566843316,-0.41252701173265377,1089
Climatology,1,09261000,1.641183988658715,1.2644689928764177,-0.06781746298324022,1032
Climatology,1,09302000,2.0137526371892878,1.5419391681521688,0.11263102437655687,1074
Climatology,1,09380000,3.7274086787958645,2.7103890435956592,-2.422169607749489,1069
Climatology,1,10129900,1.6090092170737331,1.2963103160095923,-0.06785267458529277,1076
Climatology,1,10301500,2.0736589005974313,1.653919174268259,0.06411821907126038,1074
Climatology,1,10351600,2.0798071236997457,1.6254987201448214,0.27723399674600574,1062
Climatology,1,11262900,1.656523386740651,1.3531884278802482,-0.1455716565816645,659
Climatology,1,11467000,1.4798290520410946,1.1934371940396604,-0.3166454588037522,1094
Climatology,1,11507500,1.9786212244234522,1.5801859598409322,-0.26404471467955676,1094
Climatology,1,12056500,1.0009573497045559,0.7940485149594085,-0.22908183767820095,1069
Climatology,1,12115000,0.8784864923343622,0.6871443846232772,-0.3246017171687198,1017
Climatology,1,12117600,1.0579229587429435,0.8469658562644526,-0.4040034255336364,1094
Climatology,1,12210700,1.3818912953437144,1.0957336069396408,-0.41004555997564734,983
Climatology,1,12212050,1.4783021816551278,1.0988936305533148,-0.24046052896452874,979
Climatology,1,12213100,1.6817888622873614,1.3332175944469276,-0.5173906788201313,1041
Climatology,1,12363000,1.3661676668925413,1.0416771603014432,-0.26429429734972393,1056
Climatology,1,12398600,1.753676497385783,1.3573490935645498,-0.5437425771108446,1061
Climatology,1,13018350,1.572489464382997,1.2343708005430039,-0.026673798738684654,1067
Climatology,1,13154500,1.111573038796429,0.8821188601540909,-0.531345506472823,1094
Climatology,1,13317660,1.139289879550237,0.8900016807768855,-0.047801949424325224,1094
Climatology,1,13342500,1.3678080111951505,1.0097149428000616,-0.3832059104329271,1094
Climatology,1,14091500,0.6521599657186604,0.5173102299081778,-0.12816810237424248,1094
Climatology,1,14150800,1.9643771564363341,1.5609135287771276,-0.43282632548804695,1094
Climatology,1,14151000,2.9548577642206966,2.1254762587765055,-0.7227885652010616,1073
Climatology,1,14152000,1.4734535289564603,1.2027077600632832,-0.42868333902114475,1092
Climatology,1,14153500,2.3585406333213164,1.6308728399417238,-0.4458425257965566,1086
Climatology,1,14154500,2.290531404556507,1.7803859302382385,-0.5886136367848644,1089
Climatology,1,14159500,1.297072680534396,1.034504775078066,-0.45671664141290197,1085
Climatology,1,14161500,1.4004801055787932,1.107391088024206,0.3895406200866069,1089
Climatology,1,14179000,1.5128022071946998,1.1904285340744831,-0.8001979351648825,985
Climatology,1,14185000,1.6912806046423727,1.3190275048046578,-0.37152686654067624,1025
Climatology,1,14210000,1.5516362989081771,1.2391348711269743,-0.6676540530341513,1088
Climatology,1,14211499,1.7990112263425801,1.3883072599000255,-0.32945400025030086,1086
Climatology,1,14211500,2.007386752377066,1.5454163822464477,-0.4041999818238997,1064
Climatology,1,14320934,1.9002925348095723,1.524111926168231,-0.68274749066947,1077
Climatology,1,255534081324000,1.9295910875625228,1.5081961440682858,-0.45317883527234254,1068
Climatology,3,01073319,1.901964415328461,1.4478961691797492,-0.29899362834649645,964
Climatology,3,01104415,1.7744121133086468,1.3783590350339288,-0.7880090755224228,950
Climatology,3,01104455,2.0042046834311473,1.5705682394201927,-0.5786856985601242,843
Climatology,3,01104475,1.9920891694982505,1.573196468145951,-0.9112677378967666,1081
Climatology,3,01129500,1.7757986576505014,1.2024206659804284,-0.6104807393212518,1092
Climatology,3,01400500,2.2254151490460137,1.7335581823949415,-0.6487691505261116,955
Climatology,3,01408029,2.1074023753553326,1.6357102215867765,-0.8142980598295564,877
Climatology,3,01425000,1.3997734828256296,1.0260266576014774,-0.17732589983604324,1065
Climatology,3,01426500,1.6104876293248342,1.2427397031119782,0.15427799892991975,926
Climatology,3,01427207,1.8806341382066332,1.494758610963543,-0.09359246927583328,1070
Climatology,3,01428500,2.1186807009761104,1.6668285860119842,-0.04233984531688735,1059
Climatology,3,01463500,1.8929305212151106,1.501816391325164,-0.35733899552827686,1070
Climatology,3,01480617,2.0643231425394712,1.6006117766102155,-0.5974799564039266,1080
Climatology,3,01540500,1.9365943682239777,1.5217149527511384,-0.6142012207715379,923
Climatology,3,01542500,2.156282057792477,1.7114622086947595,0.43461391431677143,1082
Climatology,3,01549700,2.293080943203024,1.8140065983422966,-0.505395463275355,1075
Climatology,3,02110701,2.279244176838601,1.7335560938918033,-0.500615532099916,1047
Climatology,3,02176930,2.1486423853168155,1.6610298330205997,-0.9105761760405002,1048
Climatology,3,02266300,2.051326161515918,1.59549043351069,-0.8741533734139352,1078
Climatology,3,02330450,1.8884164364137592,1.3943880303482927,-0.5341679134418473,1058
Climatology,3,02334430,1.7341181102307364,1.6480148633321126,-1.6418753840547777,1092
Climatology,3,02334885,2.142332575176156,1.5461187024256249,-0.659731931083805,1092
Climatology,3,02336120,2.240307739820722,1.625737227100101,-0.35021866552270053,1082
Climatology,3,02336300,2.30420446342502,1.729163713327868,-0.11417957531154485,1086
Climatology,3,02336728,3.30230213796733,2.5574193707218877,-2.098682082140887,1080
Climatology,3,02397000,1.6680528102263943,1.273207342942702,-0.321985833010985,1087
Climatology,3,02455980,1.8135077213424267,1.3427250552796997,-0.20309676334649124,1039
Climatology,3,02458450,2.007491745418115,1.4972361698746681,-0.29459959049435225,1088
Climatology,3,02474560,2.5648654389869345,2.0156305023570598,-0.07413285342690684,1082
Climatology,3,03007800,2.2534602161397506,1.8052170339648141,-0.25216967438290827,1082
Climatology,3,03034000,2.31223999568103,1.8705060750260132,-0.6537220214329843,1058
Climatology,3,03036000,1.6838856372120778,1.3452013849074391,-0.6129666324462083,1074
Climatology,3,03047000,1.89762297164656,1.4340988017125602,-0.3444114861297695,1088
Climatology,3,03077500,1.4073815173777766,1.1672965930418364,0.9265238192879299,1019
Climatology,3,03105500,2.3696396013303507,1.8019556539226151,-0.8786161115010873,1082
Climatology,3,03106000,2.3951177629563603,1.8786519734365452,-0.5060704124864458,1034
Climatology,3,03301900,2.256122270984645,1.742496304347172,-0.48336465201171525,1063
Climatology,3,03353200,2.3853500632842124,1.8864013722009747,-0.6747261204452158,1070
Climatology,3,03456991,2.006405600541442,1.5856363794533754,-0.4953323337271238,1069
Climatology,3,04027000,2.1965618272375473,1.4941163135827393,-0.6230404536665647,1054
Climatology,3,04043238,1.7814800557983177,1.256981000553498,-0.39722660075886984,1076
Climatology,3,04043244,1.68848391807034,1.2469538771948734,-0.1823274836054657,1079
Climatology,3,04067500,1.7911034468090863,1.211905869147642,-0.5091608634554636,1042
Climatology,3,04077630,1.8903073687502396,1.3507289909830167,0.07869493520789654,1092
Climatology,3,04124200,1.1133001163886975,0.8642394394502727,-0.24465712762753897,1090
Climatology,3,04125460,1.5900336895646698,1.2177310142786273,-0.3369327181357942,1085
Climatology,3,04137005,1.4633122917211767,1.0787856530206388,-0.28225402894210727,1088
Climatology,3,04176500,1.98379691989176,1.515753216236582,-0.5934250942145028,1083
Climatology,3,04208000,2.1143101998570124,1.6288278030339232,-0.5693948581946118,1021
Climatology,3,05054000,2.0311740294332057,1.404809392718572,-0.44107527679119307,1068
Climatology,3,05057000,2.1981689307227295,1.4640793277066584,-0.20647297302109063,1062
Climatology,3,05289800,2.128116295760334,1.601536314988576,-0.3097209055539173,861
Climatology,3,05331833,1.8457847852615052,1.3726835260870263,-0.022739151092804607,1034
Climatology,3,05370000,1.3729236496813653,1.0074964191435891,-0.18240806838387952,1088
Climatology,3,05382255,1.429178770705554,1.11472050015279,-0.065617215563799,1092
Climatology,3,05382257,1.938323707800531,1.4740933952181705,-0.5832868619458733,1082
Climatology,3,05406457,1.3280205522976298,1.0208129181866727,-0.1251159187250923,983
Climatology,3,05458300,2.3841969655046014,1.756058401819956,-1.0936326805251328,1050
Climatology,3,05517000,2.3273479321854236,1.828477600896424,-0.7917878050152417,1092
Climatology,3,06036805,1.6838625284436775,1.3535181715920128,-0.11118184838115293,1088
Climatology,3,06036905,2.009850410533388,1.637556804405464,-0.24897891785198953,1092
Climatology,3,06036940,2.368519211317134,1.8431054710248194,1.3403990903031935,1090
Climatology,3,06041000,1.6806621887572997,1.264448189884565,-0.12483033522386613,1059
Climatology,3,06623800,0.9438899744488596,0.6469704941231453,0.08978812496668821,920
Climatology,3,06894000,2.2056684051988675,1.768061113732874,-0.46157417846913623,1064
Climatology,3,06934500,1.7777725723810498,1.4770079064614106,-0.7117654510204576,864
Climatology,3,07106000,1.857623573688976,1.4518920510370654,-0.1935539681025658,866
Climatology,3,07178200,2.369404816936848,1.7958368084659386,-0.0018042517207817574,907
Climatology,3,07194880,1.4759604715637982,1.1452804002148367,-0.26793237039220263,513
Climatology,3,07332622,2.5539136708640364,1.9713568812591493,-0.03864760442793025,865
Climatology,3,08048000,2.2030763306855627,1.7377397968108395,-0.5357488775827799,830
Climatology,3,08052700,2.811705230516552,2.123314207721136,-0.5666184244721891,754
Climatology,3,08065350,2.3652162887744437,1.7819195794634406,-0.4888602574843341,898
Climatology,3,08070200,2.4528995837429246,1.8410102486495457,-0.35568673999238265,1037
Climatology,3,08123850,2.5241704210674865,1.8759253840863863,-0.05059338501340831,754
Climatology,3,09136100,1.9733429416159431,1.5508705183451625,-0.4002182441579032,1085
Climatology,3,09144250,1.8260715486609342,1.4704230577232094,-0.2978010689788455,1090
Climatology,3,09149500,1.4654184442566889,1.1793054779752707,-0.173857151725135,1092
Climatology,3,09163500,1.8312256260827737,1.4541330616989416,-0.4450163399125194,1092
Climatology,3,09180000,2.0767471824119257,1.6487219883038955,-0.4095359075926827,1086
Climatology,3,09261000,1.6483342204655,1.271257204453703,-0.06434708547168243,1023
Climatology,3,09302000,2.0091599497168597,1.5398689416177878,0.10577120227662477,1068
Climatology,3,09380000,3.729516160966115,2.7117175617540084,-2.4241108017611905,1066
Climatology,3,10129900,1.6073813424239354,1.2969268494738695,-0.06550145638979672,1071
Climatology,3,10301500,2.0776189374105183,1.657416865481221,0.07168515717110983,1066
Climatology,3,10351600,2.086755730242625,1.6315435081607035,0.28573239994139726,1052
Climatology,3,11262900,1.6606734293123908,1.3575216743843688,-0.13529532964975555,652
Climatology,3,11467000,1.4805104737841068,1.1939007174837721,-0.31550313657893364,1092
Climatology,3,11507500,1.980418468307038,1.5828097876529772,-0.26469392772941364,1092
Climatology,3,12056500,1.0010678857363218,0.7937258698011228,-0.2266372519479671,1065
Climatology,3,12115000,0.8768040149887557,0.6850324264230889,-0.32442392351137256,1007
Climatology,3,12117600,1.0578176802269226,0.846478651076446,-0.40270493384245987,1092
Climatology,3,12210700,1.377800716040896,1.090156020290356,-0.3957876827348228,967
Climatology,3,12212050,1.479196890093695,1.0963433297533007,-0.237190212070818,962
Climatology,3,12213100,1.670885048431835,1.3244075963268183,-0.5058496898642849,1023
Climatology,3,12363000,1.3646433601570258,1.0392867136700827,-0.2621486811222845,1057
Climatology,3,12398600,1.7384949637934581,1.3470716864934988,-0.5295917842288812,1050
Climatology,3,13018350,1.5749635407820362,1.2372924390219167,-0.027937205056708065,1063
Climatology,3,13154500,1.1083401807327207,0.8795938718886602,-0.528178076167683,1092
Climatology,3,13317660,1.1398029206498754,0.8901458524522328,-0.0464036307492099,1092
Climatology,3,13342500,1.3670179855671774,1.0083766060543584,-0.3807201212469911,1092
Climatology,3,14091500,0.6509956906533261,0.5162069577000516,-0.12635211564682342,1092
Climatology,3,14150800,1.962979180804347,1.5590086376274026,-0.428855340559404,1092
Climatology,3,14151000,2.9620109509785832,2.1289627204712174,-0.7257731084088633,1064
Climatology,3,14152000,1.4731085352622406,1.2019244334019652,-0.4264797840643367,1090
Climatology,3,14153500,2.3603654061484627,1.6302639175474973,-0.4412446328320036,1082
Climatology,3,14154500,2.290570681901922,1.7803967652180357,-0.585332283108713,1086
Climatology,3,14159500,1.300658188784778,1.0365486341494101,-0.4591081961437508,1080
Climatology,3,14161500,1.4001454350560876,1.1065892298357702,0.3931944298919832,1086
Climatology,3,14179000,1.5071723136553827,1.1846095036802788,-0.7919872974229175,979
Climatology,3,14185000,1.6982210943341238,1.3222956315473395,-0.355749236577152,1018
Climatology,3,14210000,1.5494239539004684,1.2373645474678026,-0.6648312785129301,1086
Climatology,3,14211499,1.797432806894656,1.3859199104958013,-0.32789306828748715,1082
Climatology,3,14211500,1.9934463589561844,1.5323229496819633,-0.4020921990984962,1050
Climatology,3,14320934,1.9013049772810986,1.5248213914039535,-0.6817640741777464,1071
Climatology,3,255534081324000,1.9254934802630363,1.5057287144143139,-0.457364719920388,1059
Climatology,7,01073319,1.9064637285234465,1.450834931776443,-0.3094630468874951,954
Climatology,7,01104415,1.7811986953906624,1.3808010714693952,-0.789568343895058,939
Climatology,7,01104455,2.0164750724023146,1.5847363623316417,-0.5887247305430338,835
Climatology,7,01104475,1.9904419293572586,1.5690520154277632,-0.9156161973245969,1076
Climatology,7,01129500,1.7790057401728228,1.2061965884356545,-0.612350755787844,1088
Climatology,7,01400500,2.2245116084872265,1.7396325971226858,-0.6216876295105624,952
Climatology,7,01408029,2.122532129710271,1.6513734535775453,-0.8571290955225997,856
Climatology,7,01425000,1.4041802562542525,1.029554115439003,-0.1768431163421183,1056
Climatology,7,01426500,1.6110950506781805,1.2405370202983366,0.14603036137489311,914
Climatology,7,01427207,1.887031375238352,1.5005517846020684,-0.08817986552432698,1063
Climatology,7,01428500,2.1232399268157742,1.6724637349611555,-0.04177090047065176,1054
Climatology,7,01463500,1.89832343404819,1.5079241668254755,-0.3555918448795819,1062
Climatology,7,01480617,2.0625920424566653,1.5987305883248943,-0.5787755084192886,1076
Climatology,7,01540500,1.9536710260952,1.5351471056840684,-0.6104417156129585,911
Climatology,7,01542500,2.1595419662888924,1.716006386340881,0.44475947160114826,1078
Climatology,7,01549700,2.3015339621948527,1.8182201133936309,-0.508667861073093,1068
Climatology,7,02110701,2.2730210025063813,1.7296972472504457,-0.5008986403190296,1037
Climatology,7,02176930,2.1493932474143826,1.6593806134393583,-0.9095574437998808,1040
Climatology,7,02266300,2.0562421092412158,1.598325170687775,-0.8825277356959101,1072
Climatology,7,02330450,1.8920268569016794,1.3963167404560817,-0.5235702318804605,1050
Climatology,7,02334430,1.7357814488969392,1.6496672831914003,-1.6435052322990753,1088
Climatology,7,02334885,2.144202448654385,1.546567594522939,-0.65692204828648,1088
Climatology,7,02336120,2.2335622245060938,1.61960254802748,-0.3426024337057714,1080
Climatology,7,02336300,2.307827037180288,1.7327282802234516,-0.1080452370114776,1082
Climatology,7,02336728,3.3003066159309786,2.5537559507504715,-2.0934509069946174,1076
Climatology,7,02397000,1.670215586239221,1.2751208025955227,-0.3160613094372141,1082
Climatology,7,02455980,1.8213896795129454,1.350817770258215,-0.2103943245519818,1029
Climatology,7,02458450,2.0125516040290905,1.5027371266671212,-0.2968943070661538,1084
Climatology,7,02474560,2.5729025851575273,2.0242418237238624,-0.07586880569351452,1074
Climatology,7,03007800,2.239355593176195,1.7964015572309384,-0.2375914987266506,1078
Climatology,7,03034000,2.3187232974686953,1.875481261820506,-0.6614144170688611,1054
Climatology,7,03036000,1.677724943218007,1.3375103614040624,-0.6016025561038579,1070
Climatology,7,03047000,1.894629995779135,1.430318115685942,-0.3333615130817835,1085
Climatology,7,03077500,1.4030786584645434,1.1630415810216772,0.9260780332112076,1010
Climatology,7,03105500,2.372560915616078,1.8045080177250952,-0.8730541067076968,1078
Climatology,7,03106000,2.411102010700233,1.8900232073484045,-0.5182272412924356,1023
Climatology,7,03301900,2.262583510258737,1.7483265090610178,-0.48171720592331546,1055
Climatology,7,03353200,2.3784713915484463,1.8842358392563703,-0.6645181742453106,1066
Climatology,7,03456991,2.014808005672847,1.593129381649899,-0.4841302614729359,1060
Climatology,7,04027000,2.1915553940276515,1.4939990616403243,-0.6275652096066799,1047
Climatology,7,04043238,1.782176035899872,1.2563184280397177,-0.3916879890749212,1071
Climatology,7,04043244,1.6916895597048653,1.2485837133603046,-0.17935151994284015,1071
Climatology,7,04067500,1.8023906336792106,1.223608974800427,-0.5138899306585498,1028
Climatology,7,04077630,1.8936003963813182,1.354127941217003,0.07741728964859196,1088
Climatology,7,04124200,1.115602385953604,0.8675542130764458,-0.24701918494196448,1086
Climatology,7,04125460,1.5888809561392034,1.2151720634351173,-0.33029599740273424,1080
Climatology,7,04137005,1.4655675444177447,1.0809367121613114,-0.28147177996175754,1084
Climatology,7,04176500,1.9898497199759666,1.5230099185331825,-0.5965978821884965,1076
Climatology,7,04208000,2.1097441152646055,1.627985018497658,-0.5690788393396706,1008
Climatology,7,05054000,2.0390951815280562,1.4118345375342245,-0.45163741237937255,1058
Climatology,7,05057000,2.208498743542661,1.4760770278077833,-0.20691074961639264,1052
Climatology,7,05289800,2.1447108829761072,1.6183276308875065,-0.35368204461365865,832
Climatology,7,05331833,1.8522802815677213,1.3763765844274056,-0.02599474310204241,1022
Climatology,7,05370000,1.3716893047053456,1.007116319233641,-0.17898336201356346,1084
Climatology,7,05382255,1.4288418127111775,1.1133571781478275,-0.060396896189023906,1088
Climatology,7,05382257,1.9395343164797072,1.4764491913491145,-0.5790201371366327,1078
Climatology,7,05406457,1.3580098449220654,1.0368590467867473,-0.12889030271897478,971
Climatology,7,05458300,2.374090657336942,1.7553021564385403,-1.1024314458223734,1038
Climatology,7,05517000,2.330668900515013,1.8314891067634829,-0.7909879513386199,1088
Climatology,7,06036805,1.6839086780781174,1.3516390908963125,-0.10383291919183027,1084
Climatology,7,06036905,2.0110983553723134,1.6378182523390825,-0.24413530002622044,1088
Climatology,7,06036940,2.3722264191064344,1.8482366187796408,1.3446744994344413,1086
Climatology,7,06041000,1.692771016600889,1.2730705118455896,-0.12829777856611393,1056
Climatology,7,06623800,0.9450773331882804,0.6495457614372228,0.09054849305513862,912
Climatology,7,06894000,2.206084047781979,1.7676523738631462,-0.452513207240046,1057
Climatology,7,06934500,1.7742024592979917,1.4713829429997576,-0.7169785518820088,840
Climatology,7,07106000,1.852748703912198,1.4454870647817002,-0.23485848349099758,844
Climatology,7,07178200,2.352107898985799,1.7732493433546512,0.03459440680660833,893
Climatology,7,07194880,1.4763612383663784,1.141583787332667,-0.254332696329249,505
Climatology,7,07332622,2.566002586437173,1.9860417357610785,-0.03342677978798747,848
Climatology,7,08048000,2.217388957645473,1.751144316080067,-0.5431620248118987,799
Climatology,7,08052700,2.8377273335163533,2.1493586989767524,-0.587863818337412,736
Climatology,7,08065350,2.3705290992535724,1.7799516501634016,-0.47497500734962095,874
Climatology,7,08070200,2.409756216604462,1.8118174055186775,-0.31103479734530354,1027
Climatology,7,08123850,2.5493189456311676,1.9012053593486344,-0.03182083246659259,735
Climatology,7,09136100,1.9754975995179687,1.5523038049883864,-0.396324436939149,1080
Climatology,7,09144250,1.8292995894620983,1.4746495369156312,-0.2992120930516808,1086
Climatology,7,09149500,1.4676893476313784,1.1818263453212292,-0.1739082267124425,1088
Climatology,7,09163500,1.834554208105631,1.4588000683168716,-0.4473315002122784,1088
Climatology,7,09180000,2.0809593575851997,1.6544403677832942,-0.41067319250383283,1082
Climatology,7,09261000,1.6616466365275433,1.2855994121334355,-0.06897287829414067,1011
Climatology,7,09302000,2.012268307826233,1.542801882393377,0.10407599317929092,1060
Climatology,7,09380000,3.738806554709457,2.7218979636342144,-2.436408188695181,1063
Climatology,7,10129900,1.620522654274412,1.3087316312405588,-0.07084834765583528,1067
Climatology,7,10301500,2.0787758821507007,1.6610021704210425,0.05280899872195046,1060
Climatology,7,10351600,2.097746061418818,1.642804798417749,0.29504324833475404,1037
Climatology,7,11262900,1.6562876885768836,1.350761910434088,-0.12454111357313663,643
Climatology,7,11467000,1.4812591429639583,1.1940034553408623,-0.3123764715650502,1088
Climatology,7,11507500,1.9838953108775623,1.5872832801987362,-0.2669207219116609,1088
Climatology,7,12056500,1.0020267985115257,0.7936839371665875,-0.22230325787272676,1057
Climatology,7,12115000,0.8727911149022985,0.6813207856340918,-0.31800924564827343,991
Climatology,7,12117600,1.057249335153388,0.8452525916783249,-0.3998473534250961,1088
Climatology,7,12210700,1.3595324406758271,1.0698952648420517,-0.3621756699684449,941
Climatology,7,12212050,1.482514345625645,1.0953120049764353,-0.21546243928642925,938
Climatology,7,12213100,1.691338446291858,1.3371167834204607,-0.49904827381551325,1013
Climatology,7,12363000,1.3663567828504852,1.0396052812555443,-0.25637554074194946,1052
Climatology,7,12398600,1.7432497325870129,1.3499824380906096,-0.5229430786493071,1042
Climatology,7,13018350,1.5754248479658188,1.2379404810892851,-0.03556770787781802,1055
Climatology,7,13154500,1.0991769341699882,0.8732958698973936,-0.5205881043392069,1088
Climatology,7,13317660,1.1408642988425772,0.8904887759948478,-0.04364456082968151,1088
Climatology,7,13342500,1.365353995418815,1.0056442428270684,-0.3756801974137916,1088
Climatology,7,14091500,0.6500561841572927,0.515008549699012,-0.12372041778529391,1088
Climatology,7,14150800,1.9601894493266814,1.5552388039581917,-0.42093053153332544,1088
Climatology,7,14151000,2.963490217839874,2.12616770217816,-0.7274038310755383,1056
Climatology,7,14152000,1.4704367965434713,1.198493945225387,-0.42019314616644143,1086
Climatology,7,14153500,2.360001185011523,1.6271507065459838,-0.43393769268644544,1078
Climatology,7,14154500,2.290032891826486,1.7789415117773242,-0.5794875614083408,1082
Climatology,7,14159500,1.294577623557782,1.0338898403050731,-0.4610314008028534,1076
Climatology,7,14161500,1.397329085157811,1.1022607622437468,0.404222881397346,1082
Climatology,7,14179000,1.5005918306415864,1.177543196769387,-0.7800487397621928,967
Climatology,7,14185000,1.7060570728202589,1.3306219245994066,-0.34765319606181877,1006
Climatology,7,14210000,1.5430096784512108,1.2334570358068357,-0.6592563937199535,1082
Climatology,7,14211499,1.7957471817682233,1.3848592913267332,-0.31987172197307734,1074
Climatology,7,14211500,1.9780961923393905,1.5228918521598196,-0.3770209573672719,1045
Climatology,7,14320934,1.9000812049275553,1.5235291098741661,-0.679607424744986,1064
Climatology,7,255534081324000,1.936782546297976,1.514440817419294,-0.4423339241907867,1049
DampedPersistence,1,01073319,0.8651951677346197,0.6338641351214898,-0.025880951496662054,970
DampedPersistence,1,01104415,1.099890445766909,0.8689515421653513,-0.16331690459916295,961
DampedPersistence,1,01104455,1.0686825567824805,0.7343493213631073,-0.04478913011415949,848
DampedPersistence,1,01104475,0.972292732563011,0.7643792157234628,-0.15648718609116136,1086
DampedPersistence,1,01129500,0.8305807908529209,0.6010341660503583,-0.0732941721390494,1094
DampedPersistence,1,01400500,1.0138234709783829,0.777143651522521,-0.06466655044286561,979
DampedPersistence,1,01408029,1.1328330066786245,0.8776793851026916,-0.12918797976574647,891
DampedPersistence,1,01425000,0.4144683281205504,0.28817932474524227,-0.010211468298933398,1072
DampedPersistence,1,01426500,0.8161686556025187,0.6143031645358377,0.02171110077221506,932
DampedPersistence,1,01427207,0.9125107912206157,0.6939965040344753,-0.009522417021798901,1076
DampedPersistence,1,01428500,0.834246975545,0.6363782015267417,-0.007976356095251737,1066
DampedPersistence,1,01463500,0.6989113851999066,0.5459733078923337,-0.01706043983614722,1075
DampedPersistence,1,01480617,1.0642157266665173,0.8321451971058472,-0.09187223642103133,1085
DampedPersistence,1,01540500,0.6301200014104862,0.48475537079797,-0.05060325581380116,930
DampedPersistence,1,01542500,0.910162681557727,0.7061902763238032,0.040930274995635056,1087
DampedPersistence,1,01549700,0.9566415152419521,0.7354007329071646,-0.046360935477544635,1081
DampedPersistence,1,02110701,1.0301869531583454,0.7670281047021013,-0.061771483962256304,1049
DampedPersistence,1,02176930,1.0132876428593571,0.7632351065972591,-0.1072574869180337,1053
DampedPersistence,1,02266300,0.8680008026092569,0.6474039010834276,-0.121340746364435,1083
DampedPersistence,1,02330450,0.9585154335763656,0.7078012453770279,-0.07775313093474037,1064
DampedPersistence,1,02334430,0.22301048912663782,0.16546047060755534,-0.08634470760059532,1094
DampedPersistence,1,02334885,0.9371071839639755,0.6949805446255142,-0.06536915794804937,1094
DampedPersistence,1,02336120,1.0830796575666577,0.8015921294250102,-0.04496313870282463,1086
DampedPersistence,1,02336300,1.1122901439388386,0.8350665179961319,-0.009241265550665899,1090
DampedPersistence,1,02336728,0.8059388176289191,0.6055458332536408,-0.2771180377028505,1085
DampedPersistence,1,02397000,0.6320155900017969,0.4899696549948524,-0.022790594136013705,1088
DampedPersistence,1,02455980,0.9784108182985676,0.717194469172426,-0.02709907310333397,1051
DampedPersistence,1,02458450,0.9871112718615602,0.7394299140007096,-0.03884610640248719,1091
DampedPersistence,1,02474560,0.780250638786233,0.6062447280514964,-0.00306247237857095,1086
DampedPersistence,1,03007800,1.0285713701892631,0.7871034969083053,-0.0336019446046915,1087
DampedPersistence,1,03034000,1.1005711444452597,0.8612737570625713,-0.06087416334183149,1060
DampedPersistence,1,03036000,0.49900398137017166,0.3470927319378075,-0.03172306874913679,1079
DampedPersistence,1,03047000,0.617495851010071,0.4332101506104163,-0.018242208755344425,1090
DampedPersistence,1,03077500,0.23720200823390497,0.16694577154703438,0.011505041969940066,1024
DampedPersistence,1,03105500,0.9715498772429042,0.7383701506158264,-0.0728356819565564,1086
DampedPersistence,1,03106000,1.0850985452028048,0.8395226952386349,-0.044508132904653476,1041
DampedPersistence,1,03301900,1.156585376576227,0.8718022182025713,-0.07348430979899252,1068
DampedPersistence,1,03353200,1.1910193225706152,0.9238262394476137,-0.07786848816850535,1073
DampedPersistence,1,03456991,0.9675275277567421,0.7427055636488296,-0.05672245703035742,1077
DampedPersistence,1,04027000,0.9574089010711297,0.6287391796449382,-0.06410986451512425,1061
DampedPersistence,1,04043238,0.926204160678976,0.6777566702524674,-0.06798294279638206,1081
DampedPersistence,1,04043244,0.9157555734417753,0.6929517917520782,-0.03214238472592468,1083
DampedPersistence,1,04067500,0.605970077473666,0.41811433993778857,-0.02483366327914631,1050
DampedPersistence,1,04077630,0.8764187208519734,0.582794579804021,0.007216719667775423,1094
DampedPersistence,1,04124200,0.20695470629793447,0.15065472706770286,-0.005121949173155285,1092
DampedPersistence,1,04125460,0.7359084718050469,0.578697156930758,-0.04297736562152211,1089
DampedPersistence,1,04137005,0.3695113594024546,0.27055079523409103,-0.012468561325239326,1091
DampedPersistence,1,04176500,0.6537447535417038,0.48497321699830986,-0.03718041881869428,1087
DampedPersistence,1,04208000,0.962478874676127,0.7474194320635154,-0.06405033933428618,1040
DampedPersistence,1,05054000,0.41455005140169043,0.27041169902436685,-0.013418701702092046,1076
DampedPersistence,1,05057000,0.7779405246819069,0.5103610859063705,-0.011616435399936467,1067
DampedPersistence,1,05289800,0.8424269130838689,0.6108846627427801,-0.015242256282953694,887
DampedPersistence,1,05331833,0.9301859362476786,0.6996415545681274,-0.006826288619162711,1042
DampedPersistence,1,05370000,0.4467531200350556,0.3132595642786524,-0.010494644274742204,1091
DampedPersistence,1,05382255,0.6965658864080194,0.5299770855693865,-0.008682787452417491,1094
DampedPersistence,1,05382257,1.3471896882535215,0.9727175975175497,-0.14426388114278768,1085
DampedPersistence,1,05406457,0.7764128869428562,0.5925538788837601,-0.023441938990091223,996
DampedPersistence,1,05458300,0.9239533900070863,0.6621555322076673,-0.0698053945736182,1060
DampedPersistence,1,05517000,0.9506731943277678,0.7403372493981157,-0.09154920014799649,1094
DampedPersistence,1,06036805,0.9050931975280739,0.7069637682818143,-0.01828250950023081,1091
DampedPersistence,1,06036905,1.0545068346053441,0.8090796032596985,-0.0479108278232693,1094
DampedPersistence,1,06036940,1.1910774419580958,0.8910731230026636,0.3375255939288017,1092
DampedPersistence,1,06041000,0.5241854534851869,0.3497984112846695,0.0017506816401714233,1066
DampedPersistence,1,06623800,0.5929629128924014,0.360149869135883,0.00942571392924701,925
DampedPersistence,1,06894000,0.8872087140002263,0.6720027409271517,-0.037273866416358235,1072
DampedPersistence,1,06934500,0.4700198534285827,0.36631979028932676,-0.0028603834340510535,887
DampedPersistence,1,07106000,1.1967968178194566,0.8972174699135523,-0.04377347647511799,896
DampedPersistence,1,07178200,0.8495885298082042,0.6389700278912473,-0.00492189434809115,929
DampedPersistence,1,07194880,0.8392544200683849,0.6396384884817687,-0.052533493742952034,517
DampedPersistence,1,07332622,1.2079006328560842,0.8753126623164141,-0.0032051902408616146,878
DampedPersistence,1,08048000,0.7935379895909308,0.5806931764939252,-0.04357235179227941,850
DampedPersistence,1,08052700,1.449408332155829,1.0779471245177648,-0.07723110751809578,789
DampedPersistence,1,08065350,0.669278387676699,0.5034210426000488,-0.027370676153460834,913
DampedPersistence,1,08070200,0.8660710342298882,0.6475802662259057,-0.03252847989400228,1050
DampedPersistence,1,08123850,1.2421806303720193,0.9696236660769586,-0.029254351010378522,767
DampedPersistence,1,09136100,0.7986755642031866,0.6114758114006347,-0.04313638326741885,1089
DampedPersistence,1,09144250,0.6707739907069289,0.5208282981736537,-0.024382595791594013,1092
DampedPersistence,1,09149500,0.7851414921243475,0.5900699513703858,-0.026910639196034977,1094
DampedPersistence,1,09163500,0.55902258604024,0.4265105732436968,-0.02207122557482408,1094
DampedPersistence,1,09180000,0.7565951339139676,0.5675713760179247,-0.03459843826476655,1089
DampedPersistence,1,09261000,0.6433457333141811,0.4733164885282483,-0.002127905308290172,1032
DampedPersistence,1,09302000,0.6880480687741437,0.48249912359533886,0.010574161649273632,1074
DampedPersistence,1,09380000,0.3051687692558927,0.21285181295325312,-0.06855274651851244,1069
DampedPersistence,1,10129900,0.6796460599712076,0.4675413416663953,-0.004742803626787264,1076
DampedPersistence,1,10301500,0.9403814261172502,0.6894181397374116,0.012010660029434402,1074
DampedPersistence,1,10351600,0.748177016875707,0.5701278678216952,0.03120788847659267,1062
DampedPersistence,1,11262900,0.8459723091664465,0.6365496341664802,-0.015506925278983456,659
DampedPersistence,1,11467000,0.47205904039987645,0.3727894966955377,-0.02778697885586531,1094
DampedPersistence,1,11507500,0.6323855426560443,0.4797914751296288,-0.016051175212402447,1094
DampedPersistence,1,12056500,0.3726127469511747,0.28463640059122314,-0.012081097062220632,1069
DampedPersistence,1,12115000,0.3158725382541081,0.2342788496200314,-0.015252585314954159,1017
DampedPersistence,1,12117600,0.39098800730476274,0.30446737231022697,-0.034052707813339654,1094
DampedPersistence,1,12210700,0.6432183625059493,0.5026597304692225,-0.039892429268008456,983
DampedPersistence,1,12212050,0.5773704838183022,0.4314024845962018,-0.025334529845049726,979
DampedPersistence,1,12213100,0.7319660647159373,0.5615714173424027,-0.06039938025040539,1041
DampedPersistence,1,12363000,0.4768576256486948,0.3554186804826851,-0.01932611170394177,1056
DampedPersistence,1,12398600,0.2610424146751463,0.18428412326554522,-0.007706131181318899,1061
DampedPersistence,1,13018350,0.8143798453749456,0.5701940091973391,-0.00344947036523756,1067
DampedPersistence,1,13154500,0.3025887362513238,0.23411059292404482,-0.019423869671725703,1094
DampedPersistence,1,13317660,0.276069683506551,0.20847535798057124,-0.0015429067655280914,1094
DampedPersistence,1,13342500,0.4859841228940054,0.36622269884759806,-0.03344185898247323,1094
DampedPersistence,1,14091500,0.41502158509919557,0.3294139747427848,-0.029614725975929273,1094
DampedPersistence,1,14150800,0.7339946910300927,0.5776457756049455,-0.03921058605096458,1094
DampedPersistence,1,14151000,0.5489709427097824,0.32413285554066396,-0.012964303984557593,1073
DampedPersistence,1,14152000,0.35762680591701496,0.27459858188699016,-0.01500108914497571,1092
DampedPersistence,1,14153500,0.2556389590750665,0.18044062389633714,-0.006625585134516764,1086
DampedPersistence,1,14154500,0.6801483368257186,0.5251830048907011,-0.04113428783154028,1089
DampedPersistence,1,14159500,0.3216323076423145,0.20582094126582695,-0.02108822198507423,1085
DampedPersistence,1,14161500,0.46562489913976873,0.35856704311265764,0.022297787929041,1089
DampedPersistence,1,14179000,0.5411779619257322,0.4082950564205344,-0.06774138920198237,985
DampedPersistence,1,14185000,0.6098414660247259,0.4710618973941338,-0.025400507043047648,1025
DampedPersistence,1,14210000,0.33084833443528344,0.2335728203110835,-0.02093181079801391,1088
DampedPersistence,1,14211499,0.7799453830852375,0.595096623878343,-0.035801950670627816,1086
DampedPersistence,1,14211500,0.8144691624116873,0.6307159901449555,-0.04476923585162127,1064
DampedPersistence,1,14320934,0.5932177282917483,0.45247257851624556,-0.06399263512125254,1077
DampedPersistence,1,255534081324000,0.9746684554578747,0.7299430557851041,-0.053956115736943505,1068
DampedPersistence,3,01073319,1.6954784926526374,1.2208810196759534,-0.07676073924794839,964
DampedPersistence,3,01104415,1.6189239392214319,1.2756741775650726,-0.4026853645788996,950
DampedPersistence,3,01104455,1.5862934791088408,1.150309422686431,-0.11802731346546684,843
DampedPersistence,3,01104475,1.5903798193083025,1.2725675622144306,-0.3958210742219965,1081
DampedPersistence,3,01129500,1.5294140908871912,1.097197978961315,-0.19692696242152088,1092
DampedPersistence,3,01400500,1.8970121341087114,1.4851373976593867,-0.16971003165107748,955
DampedPersistence,3,01408029,1.9367432963134772,1.530222166750151,-0.31005349468138227,877
DampedPersistence,3,01425000,0.7178773168822858,0.47437378946044634,-0.02888659266798709,1065
DampedPersistence,3,01426500,1.244729776030044,0.9570517968668021,0.05552756065426326,926
DampedPersistence,3,01427207,1.6599527734837038,1.2706181442835063,-0.038063505354607216,1070
DampedPersistence,3,01428500,1.7305569885359924,1.3246433077173356,-0.02064447490203311,1059
DampedPersistence,3,01463500,1.5019591755655155,1.2015726353172387,-0.04881027160543148,1070
DampedPersistence,3,01480617,1.817077039409903,1.4401513095807146,-0.2367107426126798,1080
DampedPersistence,3,01540500,1.3866012576157658,1.084558526855184,-0.12264746933658875,923
DampedPersistence,3,01542500,1.7910236294588362,1.4073930844981595,0.11245775730274346,1082
DampedPersistence,3,01549700,1.893338393037286,1.4696125167731173,-0.12861864931172107,1075
DampedPersistence,3,02110701,1.9471886718943339,1.4923444126715746,-0.15322879984362875,1047
DampedPersistence,3,02176930,1.8070114880411794,1.3974113605973375,-0.2804909721016884,1048
DampedPersistence,3,02266300,1.6102342876183013,1.2342125515769717,-0.31338728159831936,1078
DampedPersistence,3,02330450,1.6383678902789998,1.2307991166308607,-0.19994305026328407,1058
DampedPersistence,3,02334430,0.36215493002020194,0.2936405489296267,-0.2458824709658221,1092
DampedPersistence,3,02334885,1.8207889881997987,1.3736899023527627,-0.17650765005922142,1092
DampedPersistence,3,02336120,1.9413369876160602,1.4655684451409057,-0.11251174230231815,1082
DampedPersistence,3,02336300,1.997309121845129,1.517145630075128,-0.02794052454648097,1086
DampedPersistence,3,02336728,1.5757061465090352,1.1935282203886244,-0.7332353953961973,1080
DampedPersistence,3,02397000,1.3122262031871603,1.0319845625974766,-0.05771354545445868,1087
DampedPersistence,3,02455980,1.6016430909881667,1.2091526613428227,-0.08138663683864678,1039
DampedPersistence,3,02458450,1.6600251223879834,1.276360236984842,-0.10758353638298371,1088
DampedPersistence,3,02474560,1.6686421025565026,1.2956128131439857,-0.011228659016367689,1082
DampedPersistence,3,03007800,1.9115785116870736,1.4758972124972978,-0.0785091361667885,1082
DampedPersistence,3,03034000,2.0156202595609187,1.581533644348383,-0.17672412888286018,1058
DampedPersistence,3,03036000,1.0564823014389155,0.7434663592388565,-0.08362227652284353,1074
DampedPersistence,3,03047000,1.4222589515863122,1.0134542920517133,-0.05371357645729885,1088
DampedPersistence,3,03077500,0.4329552840507972,0.3120162185204743,0.03738677489979812,1019
DampedPersistence,3,03105500,1.8813453494459746,1.4388709929728685,-0.20429563686224098,1082
DampedPersistence,3,03106000,2.1216027961241597,1.6548654955939697,-0.15833627704235526,1034
DampedPersistence,3,03301900,1.912289765720191,1.5017391123921942,-0.18590379835072263,1063
DampedPersistence,3,03353200,2.1561328447816,1.7133491146230253,-0.19475111164779307,1070
DampedPersistence,3,03456991,1.6764509768427054,1.3121511540310309,-0.14626927828543426,1069
DampedPersistence,3,04027000,1.7972561664000108,1.2107426420497431,-0.16722434275806572,1054
DampedPersistence,3,04043238,1.523038787772186,1.1093885815636597,-0.1687880132111918,1076
DampedPersistence,3,04043244,1.4606398565623286,1.1018943410915727,-0.08101285360857112,1079
DampedPersistence,3,04067500,1.2941679494468818,0.9084698072781665,-0.07382081588439736,1042
DampedPersistence,3,04077630,1.6545306367341477,1.1288467814087824,0.019453279633409107,1092
DampedPersistence,3,04124200,0.473516447365568,0.3521185895171734,-0.01555728808455511,1090
DampedPersistence,3,04125460,1.3795260042533017,1.0850100826145868,-0.11269735398655113,1085
DampedPersistence,3,04137005,0.8490237293440003,0.626640440622235,-0.0346259683754076,1088
DampedPersistence,3,04176500,1.4471284792041208,1.0965586041372497,-0.10466007738836824,1083
DampedPersistence,3,04208000,1.8177852436290378,1.4153198054120544,-0.18033165654694766,1021
DampedPersistence,3,05054000,0.9738217242297013,0.6611009213310071,-0.042235173986715,1068
DampedPersistence,3,05057000,1.6039222927914722,1.0732751130996792,-0.0327108582995197,1062
DampedPersistence,3,05289800,1.5970930636001035,1.184362377131084,-0.06154789964565153,861
DampedPersistence,3,05331833,1.5478205955725641,1.1679087508419381,-0.01372898396688227,1034
DampedPersistence,3,05370000,0.8918542199583281,0.6365137986071846,-0.028048146242166266,1088
DampedPersistence,3,05382255,1.1875986326617598,0.9134584800050263,-0.021249795741923563,1092
DampedPersistence,3,05382257,1.8204547536419422,1.3534413352470962,-0.3279167571261718,1082
DampedPersistence,3,05406457,1.137408045773296,0.8917129061593165,-0.07210088091488408,983
DampedPersistence,3,05458300,1.9144530494940482,1.3861475928447076,-0.21198640318498724,1050
DampedPersistence,3,05517000,1.8962859022638396,1.5083389889871899,-0.24411452786771806,1092
DampedPersistence,3,06036805,1.4184425143630277,1.1290092606590514,-0.04476096544086056,1088
DampedPersistence,3,06036905,1.7234531192323148,1.3754669414771783,-0.11647120412889418,1092
DampedPersistence,3,06036940,1.860931409629656,1.4293827599341715,0.780066959136123,1090
DampedPersistence,3,06041000,1.1488828968142368,0.7655153474484669,-0.006418283968966901,1059
DampedPersistence,3,06623800,0.8309683183470775,0.5318426321804747,0.02819225725277489,920
DampedPersistence,3,06894000,1.8005053101577455,1.4183185876424151,-0.09935972609914336,1064
DampedPersistence,3,06934500,1.0918232968835746,0.8664678585525878,-0.016400372894066904,864
DampedPersistence,3,07106000,1.7651797417827142,1.3508202829602547,-0.1246540539964655,866
DampedPersistence,3,07178200,1.6322200062338104,1.2851169665961175,-0.0026794350659834114,907
DampedPersistence,3,07194880,1.2918824238031117,1.0067581647088422,-0.13069476579364978,513
DampedPersistence,3,07332622,2.129647257142802,1.5758050208577532,0.002232397334768593,865
DampedPersistence,3,08048000,1.5722435022618015,1.1672693384699075,-0.11764879399035351,830
DampedPersistence,3,08052700,2.5115664472376986,1.9075515431892967,-0.21129758505827553,754
DampedPersistence,3,08065350,1.5335192165676235,1.158816722825269,-0.07953694695088274,898
DampedPersistence,3,08070200,1.784154873555499,1.351002164838859,-0.07330694584860291,1037
DampedPersistence,3,08123850,2.204525070881887,1.7177538827496435,-0.051637077205060965,754
DampedPersistence,3,09136100,1.2938843231431891,1.02494495712255,-0.11447854200678487,1085
DampedPersistence,3,09144250,1.190114672728105,0.9452479521547436,-0.06781491386370922,1090
DampedPersistence,3,09149500,1.2391630251160848,0.9731444057090816,-0.06805421062659868,1092
DampedPersistence,3,09163500,1.1738395888675162,0.9028534979432405,-0.06280324466811363,1092
DampedPersistence,3,09180000,1.4257835127332987,1.11395595848192,-0.0961507961753641,1086
DampedPersistence,3,09261000,1.3447750596315056,1.0064349243628363,-0.008557082009902324,1023
DampedPersistence,3,09302000,1.3080342869538721,0.9558468462219911,0.027043614288269235,1068
DampedPersistence,3,09380000,0.5736015600701521,0.42698168754577637,-0.1969544663885521,1066
DampedPersistence,3,10129900,1.184217075590911,0.8503294229284833,-0.01260875052764636,1071
DampedPersistence,3,10301500,1.6567314556079311,1.2660671537410026,0.02896193765788767,1066
DampedPersistence,3,10351600,1.4996607553298154,1.1811829811039987,0.08390900175381069,1052
DampedPersistence,3,11262900,1.5170968696308436,1.1764661534432252,-0.028829856884260117,652
DampedPersistence,3,11467000,0.9944926837513615,0.7827531509783678,-0.07510169041462433,1092
DampedPersistence,3,11507500,1.3884915427470383,1.057015959282607,-0.044337105278894576,1092
DampedPersistence,3,12056500,0.6394661830554534,0.49551291365019035,-0.035864749312960485,1065
DampedPersistence,3,12115000,0.5544758742396337,0.42294305592568177,-0.04174221887844203,1007
DampedPersistence,3,12117600,0.6795724720792141,0.5369573953824166,-0.09346985118293064,1092
DampedPersistence,3,12210700,1.084795940697686,0.8581506153327849,-0.10646047141892218,967
DampedPersistence,3,12212050,1.085468303911699,0.799293473269984,-0.058832212879851055,962
DampedPersistence,3,12213100,1.2601366273763235,0.9927806614707875,-0.1537297048832664,1023
DampedPersistence,3,12363000,0.842933622539641,0.6387052235167998,-0.06549322247054065,1057
DampedPersistence,3,12398600,0.6262896202062368,0.4597087087533215,-0.017587271355580362,1050
DampedPersistence,3,13018350,1.411248243914806,1.0313501772755513,-0.009654600870631712,1063
DampedPersistence,3,13154500,0.6853012276951288,0.5317604367112939,-0.05459171337085766,1092
DampedPersistence,3,13317660,0.5881789355812069,0.4534148838057186,-0.004370787641504309,1092
DampedPersistence,3,13342500,0.9161355892142261,0.6971446434547613,-0.08998203086547363,1092
DampedPersistence,3,14091500,0.6125934300162852,0.4762933496590499,-0.06902194306963966,1092
DampedPersistence,3,14150800,1.3858868945671718,1.0738405884403885,-0.10683442210103129,1092
DampedPersistence,3,14151000,1.1839078923655597,0.7421353284577678,-0.0348637632857588,1064
DampedPersistence,3,14152000,0.6872062123217698,0.527329669304944,-0.0424828507484646,1090
DampedPersistence,3,14153500,0.5871498570807795,0.4127942581494062,-0.017567093403193956,1082
DampedPersistence,3,14154500,1.3762944340860805,1.0526070264382477,-0.11041008185725625,1086
DampedPersistence,3,14159500,0.5935940628834439,0.4034961022712566,-0.056368313674573546,1080
DampedPersistence,3,14161500,0.8766898024985159,0.661844852769792,0.06269270620732456,1086
DampedPersistence,3,14179000,0.945008469273211,0.7260882316863086,-0.18488893001145312,979
DampedPersistence,3,14185000,1.1861995809487293,0.9066151474220111,-0.06569176924017886,1018
DampedPersistence,3,14210000,0.7399111861012587,0.5391747233617371,-0.057485278140115476,1086
DampedPersistence,3,14211499,1.441844649692279,1.0953377411595775,-0.09908491041160114,1082
DampedPersistence,3,14211500,1.5754866940396595,1.1956534142721267,-0.10918884981246221,1050
DampedPersistence,3,14320934,1.1520319030800195,0.8887734059192219,-0.17166334195853838,1071
DampedPersistence,3,255534081324000,1.8423274530168847,1.42398939591967,-0.13961087047659754,1059
DampedPersistence,7,01073319,1.9502009088528716,1.4198154778892382,-0.15898175872969725,954
DampedPersistence,7,01104415,1.7148016525836747,1.3309602644433356,-0.64475548626008,939
DampedPersistence,7,01104455,1.788127213809465,1.3076373125978573,-0.24887870314592372,835
DampedPersistence,7,01104475,1.7982501718428734,1.4061381860071842,-0.6735327315817978,1076
DampedPersistence,7,01129500,1.7296506186217053,1.1950506143768829,-0.3650344294217254,1088
DampedPersistence,7,01400500,2.191835233309784,1.6920949032905848,-0.30954340124549734,952
DampedPersistence,7,01408029,2.064191352011448,1.6028787575174714,-0.5851414545534928,856
DampedPersistence,7,01425000,0.9295271278650752,0.6178516482539249,-0.06515615060925484,1056
DampedPersistence,7,01426500,1.421571708859245,1.0940636104661605,0.08607923701666377,914
DampedPersistence,7,01427207,1.9220852108572124,1.4714667452385375,-0.061871453643069445,1063
DampedPersistence,7,01428500,2.1841595149121797,1.6632341905382146,-0.03311864794205443,1054
DampedPersistence,7,01463500,1.9291789363828336,1.523465586577151,-0.12410350989290775,1062
DampedPersistence,7,01480617,1.9777178185827857,1.539915592420057,-0.3926176879153376,1076
DampedPersistence,7,01540500,1.9041409707733707,1.4905845670992535,-0.2280263610012445,911
DampedPersistence,7,01542500,2.11716495034359,1.6429761145574928,0.22613903957527953,1078
DampedPersistence,7,01549700,2.2634441796732383,1.7564219074526084,-0.26870071011759367,1068
DampedPersistence,7,02110701,2.2268532973155866,1.7182505983740752,-0.29798523232470137,1037
DampedPersistence,7,02176930,2.02908091347603,1.556119951663109,-0.5326986025732298,1040
DampedPersistence,7,02266300,1.8786291255544676,1.4492021496616192,-0.5786735940335402,1072
DampedPersistence,7,02330450,1.8203129617721079,1.3559133807250432,-0.35346342399006797,1050
DampedPersistence,7,02334430,0.6094263863405908,0.5407102414790321,-0.5183966431547614,1088
DampedPersistence,7,02334885,2.1011299231432035,1.5757298874942696,-0.35038672628648143,1088
DampedPersistence,7,02336120,2.17580612738496,1.6317916325396962,-0.2046096525258488,1080
DampedPersistence,7,02336300,2.253682239283999,1.7227070802020499,-0.06602839588457908,1082
DampedPersistence,7,02336728,2.3250434666338182,1.7839868361178828,-1.3280228823977331,1076
DampedPersistence,7,02397000,1.6512573423186456,1.2907836825041146,-0.11704649590300104,1082
DampedPersistence,7,02455980,1.7723548578369548,1.3108487143113383,-0.14798711919460167,1029
DampedPersistence,7,02458450,1.8998197835118362,1.418877128745357,-0.20057364979353337,1084
DampedPersistence,7,02474560,2.321535479265159,1.7656101583324553,-0.03642173519347633,1074
DampedPersistence,7,03007800,2.1861544276371236,1.701388890579527,-0.13363753622456095,1078
DampedPersistence,7,03034000,2.2686280010508595,1.790500635730078,-0.3665241731906865,1054
DampedPersistence,7,03036000,1.5085940951575822,1.0917480372519137,-0.1689203497266101,1070
DampedPersistence,7,03047000,1.9849489749572917,1.471159792797906,-0.10024100385503286,1085
DampedPersistence,7,03077500,0.621518638915974,0.4705267825929245,0.08152804138636825,1010
DampedPersistence,7,03105500,2.192676608254046,1.6659122205897474,-0.40920652261138624,1078
DampedPersistence,7,03106000,2.4465288656960085,1.916268825145003,-0.29484386554940123,1023
DampedPersistence,7,03301900,2.1254909148686525,1.6488558001145368,-0.342286116675743,1055
DampedPersistence,7,03353200,2.4012828182478194,1.9100768703890452,-0.3724340450710584,1066
DampedPersistence,7,03456991,1.9337604618779607,1.5271111547384622,-0.27418723280699747,1060
DampedPersistence,7,04027000,2.116484494307629,1.4272212006764107,-0.32455134979153893,1047
DampedPersistence,7,04043238,1.7576481149095664,1.2574054056536805,-0.2859226633506774,1071
DampedPersistence,7,04043244,1.6724304946015405,1.2500411988862978,-0.13558838119248603,1071
DampedPersistence,7,04067500,1.8571845363390107,1.2869937289080116,-0.14989457058251798,1028
DampedPersistence,7,04077630,1.983216388847265,1.3932334102853607,0.032434642871896145,1088
DampedPersistence,7,04124200,0.8642652442941551,0.6521451200459764,-0.03319562299255947,1086
DampedPersistence,7,04125460,1.6082394602898236,1.2511020990019595,-0.2051971229552119,1080
DampedPersistence,7,04137005,1.4087113688104609,1.043024808072186,-0.07024303349456663,1084
DampedPersistence,7,04176500,2.0635773792101353,1.5913450441971537,-0.21273921929848855,1076
DampedPersistence,7,04208000,2.1028106531990765,1.6367796926448743,-0.32143598797893713,1008
DampedPersistence,7,05054000,1.6057897367846623,1.1276962617794712,-0.09228882480976698,1058
DampedPersistence,7,05057000,2.0713425135466514,1.439749646140329,-0.0681072604901577,1052
DampedPersistence,7,05289800,2.076001509685103,1.5541471056518417,-0.1575615201387476,832
DampedPersistence,7,05331833,1.7901665960913498,1.3519690200730197,-0.028518626914740542,1022
DampedPersistence,7,05370000,1.2849618981736688,0.9096643640436369,-0.05918882457312623,1084
DampedPersistence,7,05382255,1.4367135339285588,1.117424877189264,-0.03899629529812099,1088
DampedPersistence,7,05382257,1.9131220584606334,1.4480214540281633,-0.49542770259676705,1078
DampedPersistence,7,05406457,1.302990874171244,1.0120565864256554,-0.11392293433082337,971
DampedPersistence,7,05458300,2.4246067179417503,1.7608186660622367,-0.4447052540337314,1038
DampedPersistence,7,05517000,2.2893613904203622,1.8190970110898728,-0.4573174606433467,1088
DampedPersistence,7,06036805,1.5700724607991126,1.2734825472825129,-0.06821326683258218,1084
DampedPersistence,7,06036905,1.9060749969528392,1.5482240319252014,-0.18543639077859767,1088
DampedPersistence,7,06036940,2.2330059958095396,1.7289743414680383,1.1714101030901212,1086
DampedPersistence,7,06041000,1.6263038189529888,1.1457302358255468,-0.022231616799465635,1056
DampedPersistence,7,06623800,0.9214317844014738,0.605210955254542,0.0556501092379429,912
DampedPersistence,7,06894000,2.2765519985289204,1.7951444650497093,-0.19300205307742166,1057
DampedPersistence,7,06934500,1.7154083205835113,1.3603041294341287,-0.06271718489449649,840
DampedPersistence,7,07106000,1.832369242550246,1.4157190616750182,-0.21230766444656804,844
DampedPersistence,7,07178200,2.131096731539167,1.6621778427152858,0.016334249284473006,893
DampedPersistence,7,07194880,1.421633676657416,1.083597741268649,-0.19159017222942692,505
DampedPersistence,7,07332622,2.5027528944798125,1.905689146554203,-0.01334103058918186,848
DampedPersistence,7,08048000,2.0594855954233315,1.552280267278602,-0.2865632633691437,799
DampedPersistence,7,08052700,2.830418748172017,2.122677930144836,-0.42361539590131975,736
DampedPersistence,7,08065350,2.2939549958171046,1.7178585270176763,-0.14304066168088936,874
DampedPersistence,7,08070200,2.333834736692693,1.7309230588079079,-0.12366446455126263,1027
DampedPersistence,7,08123850,2.513089419213404,1.8941626496866446,-0.03229008175077892,735
DampedPersistence,7,09136100,1.5163640418831044,1.2132503018404046,-0.2137218858287842,1080
DampedPersistence,7,09144250,1.3809641782904298,1.1290014568599658,-0.13159814765796915,1086
DampedPersistence,7,09149500,1.3489751098134382,1.0748825437279748,-0.11771478610770668,1088
DampedPersistence,7,09163500,1.4902670644019527,1.1961537784235963,-0.1350917236191248,1088
DampedPersistence,7,09180000,1.706302891582144,1.3624400906600471,-0.19565135459441438,1082
DampedPersistence,7,09261000,1.6849871976622772,1.282146554506125,-0.02383065733802528,1011
DampedPersistence,7,09302000,1.636226485794709,1.274209413338312,0.05737324974077912,1060
DampedPersistence,7,09380000,0.8995064669870025,0.6816269348840722,-0.45085307459503776,1063
DampedPersistence,7,10129900,1.3554775140235529,1.0280122915605796,-0.0424159676981732,1067
DampedPersistence,7,10301500,1.9416635543879612,1.5484360693760637,0.026416185779391595,1060
DampedPersistence,7,10351600,1.7991248432271643,1.4462380300032598,0.1606568679745195,1037
DampedPersistence,7,11262900,1.6556291265978353,1.31288573530562,-0.05391388176759331,643
DampedPersistence,7,11467000,1.2913727799017154,1.0349642191739643,-0.14326308974448373,1088
DampedPersistence,7,11507500,1.909587204597886,1.4529989787021322,-0.0906026138622752,1088
DampedPersistence,7,12056500,0.8057160678933313,0.631731163474221,-0.07308849999672304,1057
DampedPersistence,7,12115000,0.702936282011982,0.5282650586935634,-0.08263851884154812,991
DampedPersistence,7,12117600,0.8591801303319905,0.670603171648348,-0.18112342169179635,1088
DampedPersistence,7,12210700,1.247842021578354,0.9759537883728394,-0.18550476116721107,941
DampedPersistence,7,12212050,1.351052452852185,0.9938293698627049,-0.09356449808139028,938
DampedPersistence,7,12213100,1.4608886539335995,1.1572708941679835,-0.2730486956144603,1013
DampedPersistence,7,12363000,1.0453638147704587,0.7964504661442209,-0.12148488293129228,1052
DampedPersistence,7,12398600,1.0447626645034718,0.8029769849469671,-0.03282633767889602,1042
DampedPersistence,7,13018350,1.4945503084751985,1.1636435296779313,-0.02425142226970238,1055
DampedPersistence,7,13154500,0.9195532912584756,0.7211398394668803,-0.11371855087140027,1088
DampedPersistence,7,13317660,0.7914111691901192,0.631431523929624,-0.007556597976123586,1088
DampedPersistence,7,13342500,1.174945281581073,0.8763928788659328,-0.17375173217014356,1088
DampedPersistence,7,14091500,0.6403421974277972,0.5042623029473949,-0.1040935750831576,1088
DampedPersistence,7,14150800,1.7244850129150069,1.313841831377324,-0.2034061803098987,1088
DampedPersistence,7,14151000,1.695732803907591,1.1826437975872646,-0.07978206850362546,1056
DampedPersistence,7,14152000,0.9604115308326319,0.7560415592861,-0.08935716797633725,1086
DampedPersistence,7,14153500,0.9406008258336399,0.684488337867114,-0.033611599501077234,1078
DampedPersistence,7,14154500,1.773269400390388,1.3487792846896511,-0.2128966622564136,1082
DampedPersistence,7,14159500,0.8666862624341684,0.6385680749513846,-0.11771010665645387,1076
DampedPersistence,7,14161500,1.127246048860024,0.8495460507389357,0.1352207064628601,1082
DampedPersistence,7,14179000,1.1612293519326768,0.9012210947897713,-0.3604969663358647,967
DampedPersistence,7,14185000,1.46614235374983,1.114894364747565,-0.13211853058627301,1006
DampedPersistence,7,14210000,1.0723909818659365,0.8181965476704173,-0.12117196782018694,1082
DampedPersistence,7,14211499,1.7320029881005894,1.3119860550239544,-0.18459182321414824,1074
DampedPersistence,7,14211500,1.9105405337218635,1.4310832581451636,-0.18280286001816892,1045
DampedPersistence,7,14320934,1.5241150537842052,1.1628170782013942,-0.33374513831353725,1064
DampedPersistence,7,255534081324000,2.020845374151775,1.565417362464054,-0.25531662703696834,1049
DampedPriorOnly,1,01073319,0.8651951677346197,0.6338641351214898,-0.025880951496662054,970
DampedPriorOnly,1,01104415,1.099890445766909,0.8689515421653513,-0.16331690459916295,961
DampedPriorOnly,1,01104455,1.0686825567824805,0.7343493213631073,-0.04478913011415949,848
DampedPriorOnly,1,01104475,0.972292732563011,0.7643792157234628,-0.15648718609116136,1086
DampedPriorOnly,1,01129500,0.8305807908529209,0.6010341660503583,-0.0732941721390494,1094
DampedPriorOnly,1,01400500,1.0138234709783829,0.777143651522521,-0.06466655044286561,979
DampedPriorOnly,1,01408029,1.1328330066786245,0.8776793851026916,-0.12918797976574647,891
DampedPriorOnly,1,01425000,0.4144683281205504,0.28817932474524227,-0.010211468298933398,1072
DampedPriorOnly,1,01426500,0.8161686556025187,0.6143031645358377,0.02171110077221506,932
DampedPriorOnly,1,01427207,0.9125107912206157,0.6939965040344753,-0.009522417021798901,1076
DampedPriorOnly,1,01428500,0.834246975545,0.6363782015267417,-0.007976356095251737,1066
DampedPriorOnly,1,01463500,0.6989113851999066,0.5459733078923337,-0.01706043983614722,1075
DampedPriorOnly,1,01480617,1.0642157266665173,0.8321451971058472,-0.09187223642103133,1085
DampedPriorOnly,1,01540500,0.6301200014104862,0.48475537079797,-0.05060325581380116,930
DampedPriorOnly,1,01542500,0.910162681557727,0.7061902763238032,0.040930274995635056,1087
DampedPriorOnly,1,01549700,0.9566415152419521,0.7354007329071646,-0.046360935477544635,1081
DampedPriorOnly,1,02110701,1.0301869531583454,0.7670281047021013,-0.061771483962256304,1049
DampedPriorOnly,1,02176930,1.0132876428593571,0.7632351065972591,-0.1072574869180337,1053
DampedPriorOnly,1,02266300,0.8680008026092569,0.6474039010834276,-0.121340746364435,1083
DampedPriorOnly,1,02330450,0.9585154335763656,0.7078012453770279,-0.07775313093474037,1064
DampedPriorOnly,1,02334430,0.22301048912663782,0.16546047060755534,-0.08634470760059532,1094
DampedPriorOnly,1,02334885,0.9371071839639755,0.6949805446255142,-0.06536915794804937,1094
DampedPriorOnly,1,02336120,1.0830796575666577,0.8015921294250102,-0.04496313870282463,1086
DampedPriorOnly,1,02336300,1.1122901439388386,0.8350665179961319,-0.009241265550665899,1090
DampedPriorOnly,1,02336728,0.8059388176289191,0.6055458332536408,-0.2771180377028505,1085
DampedPriorOnly,1,02397000,0.6320155900017969,0.4899696549948524,-0.022790594136013705,1088
DampedPriorOnly,1,02455980,0.9784108182985676,0.717194469172426,-0.02709907310333397,1051
DampedPriorOnly,1,02458450,0.9871112718615602,0.7394299140007096,-0.03884610640248719,1091
DampedPriorOnly,1,02474560,0.780250638786233,0.6062447280514964,-0.00306247237857095,1086
DampedPriorOnly,1,03007800,1.0285713701892631,0.7871034969083053,-0.0336019446046915,1087
DampedPriorOnly,1,03034000,1.1005711444452597,0.8612737570625713,-0.06087416334183149,1060
DampedPriorOnly,1,03036000,0.49900398137017166,0.3470927319378075,-0.03172306874913679,1079
DampedPriorOnly,1,03047000,0.617495851010071,0.4332101506104163,-0.018242208755344425,1090
DampedPriorOnly,1,03077500,0.23720200823390497,0.16694577154703438,0.011505041969940066,1024
DampedPriorOnly,1,03105500,0.9715498772429042,0.7383701506158264,-0.0728356819565564,1086
DampedPriorOnly,1,03106000,1.0850985452028048,0.8395226952386349,-0.044508132904653476,1041
DampedPriorOnly,1,03301900,1.156585376576227,0.8718022182025713,-0.07348430979899252,1068
DampedPriorOnly,1,03353200,1.1910193225706152,0.9238262394476137,-0.07786848816850535,1073
DampedPriorOnly,1,03456991,0.9675275277567421,0.7427055636488296,-0.05672245703035742,1077
DampedPriorOnly,1,04027000,0.9574089010711297,0.6287391796449382,-0.06410986451512425,1061
DampedPriorOnly,1,04043238,0.926204160678976,0.6777566702524674,-0.06798294279638206,1081
DampedPriorOnly,1,04043244,0.9157555734417753,0.6929517917520782,-0.03214238472592468,1083
DampedPriorOnly,1,04067500,0.605970077473666,0.41811433993778857,-0.02483366327914631,1050
DampedPriorOnly,1,04077630,0.8764187208519734,0.582794579804021,0.007216719667775423,1094
DampedPriorOnly,1,04124200,0.20695470629793447,0.15065472706770286,-0.005121949173155285,1092
DampedPriorOnly,1,04125460,0.7359084718050469,0.578697156930758,-0.04297736562152211,1089
DampedPriorOnly,1,04137005,0.3695113594024546,0.27055079523409103,-0.012468561325239326,1091
DampedPriorOnly,1,04176500,0.6537447535417038,0.48497321699830986,-0.03718041881869428,1087
DampedPriorOnly,1,04208000,0.962478874676127,0.7474194320635154,-0.06405033933428618,1040
DampedPriorOnly,1,05054000,0.41455005140169043,0.27041169902436685,-0.013418701702092046,1076
DampedPriorOnly,1,05057000,0.7779405246819069,0.5103610859063705,-0.011616435399936467,1067
DampedPriorOnly,1,05289800,0.8424269130838689,0.6108846627427801,-0.015242256282953694,887
DampedPriorOnly,1,05331833,0.9301859362476786,0.6996415545681274,-0.006826288619162711,1042
DampedPriorOnly,1,05370000,0.4467531200350556,0.3132595642786524,-0.010494644274742204,1091
DampedPriorOnly,1,05382255,0.6965658864080194,0.5299770855693865,-0.008682787452417491,1094
DampedPriorOnly,1,05382257,1.3471896882535215,0.9727175975175497,-0.14426388114278768,1085
DampedPriorOnly,1,05406457,0.7764128869428562,0.5925538788837601,-0.023441938990091223,996
DampedPriorOnly,1,05458300,0.9239533900070863,0.6621555322076673,-0.0698053945736182,1060
DampedPriorOnly,1,05517000,0.9506731943277678,0.7403372493981157,-0.09154920014799649,1094
DampedPriorOnly,1,06036805,0.9050931975280739,0.7069637682818143,-0.01828250950023081,1091
DampedPriorOnly,1,06036905,1.0545068346053441,0.8090796032596985,-0.0479108278232693,1094
DampedPriorOnly,1,06036940,1.1910774419580958,0.8910731230026636,0.3375255939288017,1092
DampedPriorOnly,1,06041000,0.5241854534851869,0.3497984112846695,0.0017506816401714233,1066
DampedPriorOnly,1,06623800,0.5929629128924014,0.360149869135883,0.00942571392924701,925
DampedPriorOnly,1,06894000,0.8872087140002263,0.6720027409271517,-0.037273866416358235,1072
DampedPriorOnly,1,06934500,0.4700198534285827,0.36631979028932676,-0.0028603834340510535,887
DampedPriorOnly,1,07106000,1.1967968178194566,0.8972174699135523,-0.04377347647511799,896
DampedPriorOnly,1,07178200,0.8495885298082042,0.6389700278912473,-0.00492189434809115,929
DampedPriorOnly,1,07194880,0.8392544200683849,0.6396384884817687,-0.052533493742952034,517
DampedPriorOnly,1,07332622,1.2079006328560842,0.8753126623164141,-0.0032051902408616146,878
DampedPriorOnly,1,08048000,0.7935379895909308,0.5806931764939252,-0.04357235179227941,850
DampedPriorOnly,1,08052700,1.449408332155829,1.0779471245177648,-0.07723110751809578,789
DampedPriorOnly,1,08065350,0.669278387676699,0.5034210426000488,-0.027370676153460834,913
DampedPriorOnly,1,08070200,0.8660710342298882,0.6475802662259057,-0.03252847989400228,1050
DampedPriorOnly,1,08123850,1.2421806303720193,0.9696236660769586,-0.029254351010378522,767
DampedPriorOnly,1,09136100,0.7986755642031866,0.6114758114006347,-0.04313638326741885,1089
DampedPriorOnly,1,09144250,0.6707739907069289,0.5208282981736537,-0.024382595791594013,1092
DampedPriorOnly,1,09149500,0.7851414921243475,0.5900699513703858,-0.026910639196034977,1094
DampedPriorOnly,1,09163500,0.55902258604024,0.4265105732436968,-0.02207122557482408,1094
DampedPriorOnly,1,09180000,0.7565951339139676,0.5675713760179247,-0.03459843826476655,1089
DampedPriorOnly,1,09261000,0.6433457333141811,0.4733164885282483,-0.002127905308290172,1032
DampedPriorOnly,1,09302000,0.6880480687741437,0.48249912359533886,0.010574161649273632,1074
DampedPriorOnly,1,09380000,0.3051687692558927,0.21285181295325312,-0.06855274651851244,1069
DampedPriorOnly,1,10129900,0.6796460599712076,0.4675413416663953,-0.004742803626787264,1076
DampedPriorOnly,1,10301500,0.9403814261172502,0.6894181397374116,0.012010660029434402,1074
DampedPriorOnly,1,10351600,0.748177016875707,0.5701278678216952,0.03120788847659267,1062
DampedPriorOnly,1,11262900,0.8459723091664465,0.6365496341664802,-0.015506925278983456,659
DampedPriorOnly,1,11467000,0.47205904039987645,0.3727894966955377,-0.02778697885586531,1094
DampedPriorOnly,1,11507500,0.6323855426560443,0.4797914751296288,-0.016051175212402447,1094
DampedPriorOnly,1,12056500,0.3726127469511747,0.28463640059122314,-0.012081097062220632,1069
DampedPriorOnly,1,12115000,0.3158725382541081,0.2342788496200314,-0.015252585314954159,1017
DampedPriorOnly,1,12117600,0.39098800730476274,0.30446737231022697,-0.034052707813339654,1094
DampedPriorOnly,1,12210700,0.6432183625059493,0.5026597304692225,-0.039892429268008456,983
DampedPriorOnly,1,12212050,0.5773704838183022,0.4314024845962018,-0.025334529845049726,979
DampedPriorOnly,1,12213100,0.7319660647159373,0.5615714173424027,-0.06039938025040539,1041
DampedPriorOnly,1,12363000,0.4768576256486948,0.3554186804826851,-0.01932611170394177,1056
DampedPriorOnly,1,12398600,0.2610424146751463,0.18428412326554522,-0.007706131181318899,1061
DampedPriorOnly,1,13018350,0.8143798453749456,0.5701940091973391,-0.00344947036523756,1067
DampedPriorOnly,1,13154500,0.3025887362513238,0.23411059292404482,-0.019423869671725703,1094
DampedPriorOnly,1,13317660,0.276069683506551,0.20847535798057124,-0.0015429067655280914,1094
DampedPriorOnly,1,13342500,0.4859841228940054,0.36622269884759806,-0.03344185898247323,1094
DampedPriorOnly,1,14091500,0.41502158509919557,0.3294139747427848,-0.029614725975929273,1094
DampedPriorOnly,1,14150800,0.7339946910300927,0.5776457756049455,-0.03921058605096458,1094
DampedPriorOnly,1,14151000,0.5489709427097824,0.32413285554066396,-0.012964303984557593,1073
DampedPriorOnly,1,14152000,0.35762680591701496,0.27459858188699016,-0.01500108914497571,1092
DampedPriorOnly,1,14153500,0.2556389590750665,0.18044062389633714,-0.006625585134516764,1086
DampedPriorOnly,1,14154500,0.6801483368257186,0.5251830048907011,-0.04113428783154028,1089
DampedPriorOnly,1,14159500,0.3216323076423145,0.20582094126582695,-0.02108822198507423,1085
DampedPriorOnly,1,14161500,0.46562489913976873,0.35856704311265764,0.022297787929041,1089
DampedPriorOnly,1,14179000,0.5411779619257322,0.4082950564205344,-0.06774138920198237,985
DampedPriorOnly,1,14185000,0.6098414660247259,0.4710618973941338,-0.025400507043047648,1025
DampedPriorOnly,1,14210000,0.33084833443528344,0.2335728203110835,-0.02093181079801391,1088
DampedPriorOnly,1,14211499,0.7799453830852375,0.595096623878343,-0.035801950670627816,1086
DampedPriorOnly,1,14211500,0.8144691624116873,0.6307159901449555,-0.04476923585162127,1064
DampedPriorOnly,1,14320934,0.5932177282917483,0.45247257851624556,-0.06399263512125254,1077
DampedPriorOnly,1,255534081324000,0.9746684554578747,0.7299430557851041,-0.053956115736943505,1068
DampedPriorOnly,3,01073319,1.6954784926526374,1.2208810196759534,-0.07676073924794839,964
DampedPriorOnly,3,01104415,1.6189239392214319,1.2756741775650726,-0.4026853645788996,950
DampedPriorOnly,3,01104455,1.5862934791088408,1.150309422686431,-0.11802731346546684,843
DampedPriorOnly,3,01104475,1.5903798193083025,1.2725675622144306,-0.3958210742219965,1081
DampedPriorOnly,3,01129500,1.5294140908871912,1.097197978961315,-0.19692696242152088,1092
DampedPriorOnly,3,01400500,1.8970121341087114,1.4851373976593867,-0.16971003165107748,955
DampedPriorOnly,3,01408029,1.9367432963134772,1.530222166750151,-0.31005349468138227,877
DampedPriorOnly,3,01425000,0.7178773168822858,0.47437378946044634,-0.02888659266798709,1065
DampedPriorOnly,3,01426500,1.244729776030044,0.9570517968668021,0.05552756065426326,926
DampedPriorOnly,3,01427207,1.6599527734837038,1.2706181442835063,-0.038063505354607216,1070
DampedPriorOnly,3,01428500,1.7305569885359924,1.3246433077173356,-0.02064447490203311,1059
DampedPriorOnly,3,01463500,1.5019591755655155,1.2015726353172387,-0.04881027160543148,1070
DampedPriorOnly,3,01480617,1.817077039409903,1.4401513095807146,-0.2367107426126798,1080
DampedPriorOnly,3,01540500,1.3866012576157658,1.084558526855184,-0.12264746933658875,923
DampedPriorOnly,3,01542500,1.7910236294588362,1.4073930844981595,0.11245775730274346,1082
DampedPriorOnly,3,01549700,1.893338393037286,1.4696125167731173,-0.12861864931172107,1075
DampedPriorOnly,3,02110701,1.9471886718943339,1.4923444126715746,-0.15322879984362875,1047
DampedPriorOnly,3,02176930,1.8070114880411794,1.3974113605973375,-0.2804909721016884,1048
DampedPriorOnly,3,02266300,1.6102342876183013,1.2342125515769717,-0.31338728159831936,1078
DampedPriorOnly,3,02330450,1.6383678902789998,1.2307991166308607,-0.19994305026328407,1058
DampedPriorOnly,3,02334430,0.36215493002020194,0.2936405489296267,-0.2458824709658221,1092
DampedPriorOnly,3,02334885,1.8207889881997987,1.3736899023527627,-0.17650765005922142,1092
DampedPriorOnly,3,02336120,1.9413369876160602,1.4655684451409057,-0.11251174230231815,1082
DampedPriorOnly,3,02336300,1.997309121845129,1.517145630075128,-0.02794052454648097,1086
DampedPriorOnly,3,02336728,1.5757061465090352,1.1935282203886244,-0.7332353953961973,1080
DampedPriorOnly,3,02397000,1.3122262031871603,1.0319845625974766,-0.05771354545445868,1087
DampedPriorOnly,3,02455980,1.6016430909881667,1.2091526613428227,-0.08138663683864678,1039
DampedPriorOnly,3,02458450,1.6600251223879834,1.276360236984842,-0.10758353638298371,1088
DampedPriorOnly,3,02474560,1.6686421025565026,1.2956128131439857,-0.011228659016367689,1082
DampedPriorOnly,3,03007800,1.9115785116870736,1.4758972124972978,-0.0785091361667885,1082
DampedPriorOnly,3,03034000,2.0156202595609187,1.581533644348383,-0.17672412888286018,1058
DampedPriorOnly,3,03036000,1.0564823014389155,0.7434663592388565,-0.08362227652284353,1074
DampedPriorOnly,3,03047000,1.4222589515863122,1.0134542920517133,-0.05371357645729885,1088
DampedPriorOnly,3,03077500,0.4329552840507972,0.3120162185204743,0.03738677489979812,1019
DampedPriorOnly,3,03105500,1.8813453494459746,1.4388709929728685,-0.20429563686224098,1082
DampedPriorOnly,3,03106000,2.1216027961241597,1.6548654955939697,-0.15833627704235526,1034
DampedPriorOnly,3,03301900,1.912289765720191,1.5017391123921942,-0.18590379835072263,1063
DampedPriorOnly,3,03353200,2.1561328447816,1.7133491146230253,-0.19475111164779307,1070
DampedPriorOnly,3,03456991,1.6764509768427054,1.3121511540310309,-0.14626927828543426,1069
DampedPriorOnly,3,04027000,1.7972561664000108,1.2107426420497431,-0.16722434275806572,1054
DampedPriorOnly,3,04043238,1.523038787772186,1.1093885815636597,-0.1687880132111918,1076
DampedPriorOnly,3,04043244,1.4606398565623286,1.1018943410915727,-0.08101285360857112,1079
DampedPriorOnly,3,04067500,1.2941679494468818,0.9084698072781665,-0.07382081588439736,1042
DampedPriorOnly,3,04077630,1.6545306367341477,1.1288467814087824,0.019453279633409107,1092
DampedPriorOnly,3,04124200,0.473516447365568,0.3521185895171734,-0.01555728808455511,1090
DampedPriorOnly,3,04125460,1.3795260042533017,1.0850100826145868,-0.11269735398655113,1085
DampedPriorOnly,3,04137005,0.8490237293440003,0.626640440622235,-0.0346259683754076,1088
DampedPriorOnly,3,04176500,1.4471284792041208,1.0965586041372497,-0.10466007738836824,1083
DampedPriorOnly,3,04208000,1.8177852436290378,1.4153198054120544,-0.18033165654694766,1021
DampedPriorOnly,3,05054000,0.9738217242297013,0.6611009213310071,-0.042235173986715,1068
DampedPriorOnly,3,05057000,1.6039222927914722,1.0732751130996792,-0.0327108582995197,1062
DampedPriorOnly,3,05289800,1.5970930636001035,1.184362377131084,-0.06154789964565153,861
DampedPriorOnly,3,05331833,1.5478205955725641,1.1679087508419381,-0.01372898396688227,1034
DampedPriorOnly,3,05370000,0.8918542199583281,0.6365137986071846,-0.028048146242166266,1088
DampedPriorOnly,3,05382255,1.1875986326617598,0.9134584800050263,-0.021249795741923563,1092
DampedPriorOnly,3,05382257,1.8204547536419422,1.3534413352470962,-0.3279167571261718,1082
DampedPriorOnly,3,05406457,1.137408045773296,0.8917129061593165,-0.07210088091488408,983
DampedPriorOnly,3,05458300,1.9144530494940482,1.3861475928447076,-0.21198640318498724,1050
DampedPriorOnly,3,05517000,1.8962859022638396,1.5083389889871899,-0.24411452786771806,1092
DampedPriorOnly,3,06036805,1.4184425143630277,1.1290092606590514,-0.04476096544086056,1088
DampedPriorOnly,3,06036905,1.7234531192323148,1.3754669414771783,-0.11647120412889418,1092
DampedPriorOnly,3,06036940,1.860931409629656,1.4293827599341715,0.780066959136123,1090
DampedPriorOnly,3,06041000,1.1488828968142368,0.7655153474484669,-0.006418283968966901,1059
DampedPriorOnly,3,06623800,0.8309683183470775,0.5318426321804747,0.02819225725277489,920
DampedPriorOnly,3,06894000,1.8005053101577455,1.4183185876424151,-0.09935972609914336,1064
DampedPriorOnly,3,06934500,1.0918232968835746,0.8664678585525878,-0.016400372894066904,864
DampedPriorOnly,3,07106000,1.7651797417827142,1.3508202829602547,-0.1246540539964655,866
DampedPriorOnly,3,07178200,1.6322200062338104,1.2851169665961175,-0.0026794350659834114,907
DampedPriorOnly,3,07194880,1.2918824238031117,1.0067581647088422,-0.13069476579364978,513
DampedPriorOnly,3,07332622,2.129647257142802,1.5758050208577532,0.002232397334768593,865
DampedPriorOnly,3,08048000,1.5722435022618015,1.1672693384699075,-0.11764879399035351,830
DampedPriorOnly,3,08052700,2.5115664472376986,1.9075515431892967,-0.21129758505827553,754
DampedPriorOnly,3,08065350,1.5335192165676235,1.158816722825269,-0.07953694695088274,898
DampedPriorOnly,3,08070200,1.784154873555499,1.351002164838859,-0.07330694584860291,1037
DampedPriorOnly,3,08123850,2.204525070881887,1.7177538827496435,-0.051637077205060965,754
DampedPriorOnly,3,09136100,1.2938843231431891,1.02494495712255,-0.11447854200678487,1085
DampedPriorOnly,3,09144250,1.190114672728105,0.9452479521547436,-0.06781491386370922,1090
DampedPriorOnly,3,09149500,1.2391630251160848,0.9731444057090816,-0.06805421062659868,1092
DampedPriorOnly,3,09163500,1.1738395888675162,0.9028534979432405,-0.06280324466811363,1092
DampedPriorOnly,3,09180000,1.4257835127332987,1.11395595848192,-0.0961507961753641,1086
DampedPriorOnly,3,09261000,1.3447750596315056,1.0064349243628363,-0.008557082009902324,1023
DampedPriorOnly,3,09302000,1.3080342869538721,0.9558468462219911,0.027043614288269235,1068
DampedPriorOnly,3,09380000,0.5736015600701521,0.42698168754577637,-0.1969544663885521,1066
DampedPriorOnly,3,10129900,1.184217075590911,0.8503294229284833,-0.01260875052764636,1071
DampedPriorOnly,3,10301500,1.6567314556079311,1.2660671537410026,0.02896193765788767,1066
DampedPriorOnly,3,10351600,1.4996607553298154,1.1811829811039987,0.08390900175381069,1052
DampedPriorOnly,3,11262900,1.5170968696308436,1.1764661534432252,-0.028829856884260117,652
DampedPriorOnly,3,11467000,0.9944926837513615,0.7827531509783678,-0.07510169041462433,1092
DampedPriorOnly,3,11507500,1.3884915427470383,1.057015959282607,-0.044337105278894576,1092
DampedPriorOnly,3,12056500,0.6394661830554534,0.49551291365019035,-0.035864749312960485,1065
DampedPriorOnly,3,12115000,0.5544758742396337,0.42294305592568177,-0.04174221887844203,1007
DampedPriorOnly,3,12117600,0.6795724720792141,0.5369573953824166,-0.09346985118293064,1092
DampedPriorOnly,3,12210700,1.084795940697686,0.8581506153327849,-0.10646047141892218,967
DampedPriorOnly,3,12212050,1.085468303911699,0.799293473269984,-0.058832212879851055,962
DampedPriorOnly,3,12213100,1.2601366273763235,0.9927806614707875,-0.1537297048832664,1023
DampedPriorOnly,3,12363000,0.842933622539641,0.6387052235167998,-0.06549322247054065,1057
DampedPriorOnly,3,12398600,0.6262896202062368,0.4597087087533215,-0.017587271355580362,1050
DampedPriorOnly,3,13018350,1.411248243914806,1.0313501772755513,-0.009654600870631712,1063
DampedPriorOnly,3,13154500,0.6853012276951288,0.5317604367112939,-0.05459171337085766,1092
DampedPriorOnly,3,13317660,0.5881789355812069,0.4534148838057186,-0.004370787641504309,1092
DampedPriorOnly,3,13342500,0.9161355892142261,0.6971446434547613,-0.08998203086547363,1092
DampedPriorOnly,3,14091500,0.6125934300162852,0.4762933496590499,-0.06902194306963966,1092
DampedPriorOnly,3,14150800,1.3858868945671718,1.0738405884403885,-0.10683442210103129,1092
DampedPriorOnly,3,14151000,1.1839078923655597,0.7421353284577678,-0.0348637632857588,1064
DampedPriorOnly,3,14152000,0.6872062123217698,0.527329669304944,-0.0424828507484646,1090
DampedPriorOnly,3,14153500,0.5871498570807795,0.4127942581494062,-0.017567093403193956,1082
DampedPriorOnly,3,14154500,1.3762944340860805,1.0526070264382477,-0.11041008185725625,1086
DampedPriorOnly,3,14159500,0.5935940628834439,0.4034961022712566,-0.056368313674573546,1080
DampedPriorOnly,3,14161500,0.8766898024985159,0.661844852769792,0.06269270620732456,1086
DampedPriorOnly,3,14179000,0.945008469273211,0.7260882316863086,-0.18488893001145312,979
DampedPriorOnly,3,14185000,1.1861995809487293,0.9066151474220111,-0.06569176924017886,1018
DampedPriorOnly,3,14210000,0.7399111861012587,0.5391747233617371,-0.057485278140115476,1086
DampedPriorOnly,3,14211499,1.441844649692279,1.0953377411595775,-0.09908491041160114,1082
DampedPriorOnly,3,14211500,1.5754866940396595,1.1956534142721267,-0.10918884981246221,1050
DampedPriorOnly,3,14320934,1.1520319030800195,0.8887734059192219,-0.17166334195853838,1071
DampedPriorOnly,3,255534081324000,1.8423274530168847,1.42398939591967,-0.13961087047659754,1059
DampedPriorOnly,7,01073319,1.9502009088528716,1.4198154778892382,-0.15898175872969725,954
DampedPriorOnly,7,01104415,1.7148016525836747,1.3309602644433356,-0.64475548626008,939
DampedPriorOnly,7,01104455,1.788127213809465,1.3076373125978573,-0.24887870314592372,835
DampedPriorOnly,7,01104475,1.7982501718428734,1.4061381860071842,-0.6735327315817978,1076
DampedPriorOnly,7,01129500,1.7296506186217053,1.1950506143768829,-0.3650344294217254,1088
DampedPriorOnly,7,01400500,2.191835233309784,1.6920949032905848,-0.30954340124549734,952
DampedPriorOnly,7,01408029,2.064191352011448,1.6028787575174714,-0.5851414545534928,856
DampedPriorOnly,7,01425000,0.9295271278650752,0.6178516482539249,-0.06515615060925484,1056
DampedPriorOnly,7,01426500,1.421571708859245,1.0940636104661605,0.08607923701666377,914
DampedPriorOnly,7,01427207,1.9220852108572124,1.4714667452385375,-0.061871453643069445,1063
DampedPriorOnly,7,01428500,2.1841595149121797,1.6632341905382146,-0.03311864794205443,1054
DampedPriorOnly,7,01463500,1.9291789363828336,1.523465586577151,-0.12410350989290775,1062
DampedPriorOnly,7,01480617,1.9777178185827857,1.539915592420057,-0.3926176879153376,1076
DampedPriorOnly,7,01540500,1.9041409707733707,1.4905845670992535,-0.2280263610012445,911
DampedPriorOnly,7,01542500,2.11716495034359,1.6429761145574928,0.22613903957527953,1078
DampedPriorOnly,7,01549700,2.2634441796732383,1.7564219074526084,-0.26870071011759367,1068
DampedPriorOnly,7,02110701,2.2268532973155866,1.7182505983740752,-0.29798523232470137,1037
DampedPriorOnly,7,02176930,2.02908091347603,1.556119951663109,-0.5326986025732298,1040
DampedPriorOnly,7,02266300,1.8786291255544676,1.4492021496616192,-0.5786735940335402,1072
DampedPriorOnly,7,02330450,1.8203129617721079,1.3559133807250432,-0.35346342399006797,1050
DampedPriorOnly,7,02334430,0.6094263863405908,0.5407102414790321,-0.5183966431547614,1088
DampedPriorOnly,7,02334885,2.1011299231432035,1.5757298874942696,-0.35038672628648143,1088
DampedPriorOnly,7,02336120,2.17580612738496,1.6317916325396962,-0.2046096525258488,1080
DampedPriorOnly,7,02336300,2.253682239283999,1.7227070802020499,-0.06602839588457908,1082
DampedPriorOnly,7,02336728,2.3250434666338182,1.7839868361178828,-1.3280228823977331,1076
DampedPriorOnly,7,02397000,1.6512573423186456,1.2907836825041146,-0.11704649590300104,1082
DampedPriorOnly,7,02455980,1.7723548578369548,1.3108487143113383,-0.14798711919460167,1029
DampedPriorOnly,7,02458450,1.8998197835118362,1.418877128745357,-0.20057364979353337,1084
DampedPriorOnly,7,02474560,2.321535479265159,1.7656101583324553,-0.03642173519347633,1074
DampedPriorOnly,7,03007800,2.1861544276371236,1.701388890579527,-0.13363753622456095,1078
DampedPriorOnly,7,03034000,2.2686280010508595,1.790500635730078,-0.3665241731906865,1054
DampedPriorOnly,7,03036000,1.5085940951575822,1.0917480372519137,-0.1689203497266101,1070
DampedPriorOnly,7,03047000,1.9849489749572917,1.471159792797906,-0.10024100385503286,1085
DampedPriorOnly,7,03077500,0.621518638915974,0.4705267825929245,0.08152804138636825,1010
DampedPriorOnly,7,03105500,2.192676608254046,1.6659122205897474,-0.40920652261138624,1078
DampedPriorOnly,7,03106000,2.4465288656960085,1.916268825145003,-0.29484386554940123,1023
DampedPriorOnly,7,03301900,2.1254909148686525,1.6488558001145368,-0.342286116675743,1055
DampedPriorOnly,7,03353200,2.4012828182478194,1.9100768703890452,-0.3724340450710584,1066
DampedPriorOnly,7,03456991,1.9337604618779607,1.5271111547384622,-0.27418723280699747,1060
DampedPriorOnly,7,04027000,2.116484494307629,1.4272212006764107,-0.32455134979153893,1047
DampedPriorOnly,7,04043238,1.7576481149095664,1.2574054056536805,-0.2859226633506774,1071
DampedPriorOnly,7,04043244,1.6724304946015405,1.2500411988862978,-0.13558838119248603,1071
DampedPriorOnly,7,04067500,1.8571845363390107,1.2869937289080116,-0.14989457058251798,1028
DampedPriorOnly,7,04077630,1.983216388847265,1.3932334102853607,0.032434642871896145,1088
DampedPriorOnly,7,04124200,0.8642652442941551,0.6521451200459764,-0.03319562299255947,1086
DampedPriorOnly,7,04125460,1.6082394602898236,1.2511020990019595,-0.2051971229552119,1080
DampedPriorOnly,7,04137005,1.4087113688104609,1.043024808072186,-0.07024303349456663,1084
DampedPriorOnly,7,04176500,2.0635773792101353,1.5913450441971537,-0.21273921929848855,1076
DampedPriorOnly,7,04208000,2.1028106531990765,1.6367796926448743,-0.32143598797893713,1008
DampedPriorOnly,7,05054000,1.6057897367846623,1.1276962617794712,-0.09228882480976698,1058
DampedPriorOnly,7,05057000,2.0713425135466514,1.439749646140329,-0.0681072604901577,1052
DampedPriorOnly,7,05289800,2.076001509685103,1.5541471056518417,-0.1575615201387476,832
DampedPriorOnly,7,05331833,1.7901665960913498,1.3519690200730197,-0.028518626914740542,1022
DampedPriorOnly,7,05370000,1.2849618981736688,0.9096643640436369,-0.05918882457312623,1084
DampedPriorOnly,7,05382255,1.4367135339285588,1.117424877189264,-0.03899629529812099,1088
DampedPriorOnly,7,05382257,1.9131220584606334,1.4480214540281633,-0.49542770259676705,1078
DampedPriorOnly,7,05406457,1.302990874171244,1.0120565864256554,-0.11392293433082337,971
DampedPriorOnly,7,05458300,2.4246067179417503,1.7608186660622367,-0.4447052540337314,1038
DampedPriorOnly,7,05517000,2.2893613904203622,1.8190970110898728,-0.4573174606433467,1088
DampedPriorOnly,7,06036805,1.5700724607991126,1.2734825472825129,-0.06821326683258218,1084
DampedPriorOnly,7,06036905,1.9060749969528392,1.5482240319252014,-0.18543639077859767,1088
DampedPriorOnly,7,06036940,2.2330059958095396,1.7289743414680383,1.1714101030901212,1086
DampedPriorOnly,7,06041000,1.6263038189529888,1.1457302358255468,-0.022231616799465635,1056
DampedPriorOnly,7,06623800,0.9214317844014738,0.605210955254542,0.0556501092379429,912
DampedPriorOnly,7,06894000,2.2765519985289204,1.7951444650497093,-0.19300205307742166,1057
DampedPriorOnly,7,06934500,1.7154083205835113,1.3603041294341287,-0.06271718489449649,840
DampedPriorOnly,7,07106000,1.832369242550246,1.4157190616750182,-0.21230766444656804,844
DampedPriorOnly,7,07178200,2.131096731539167,1.6621778427152858,0.016334249284473006,893
DampedPriorOnly,7,07194880,1.421633676657416,1.083597741268649,-0.19159017222942692,505
DampedPriorOnly,7,07332622,2.5027528944798125,1.905689146554203,-0.01334103058918186,848
DampedPriorOnly,7,08048000,2.0594855954233315,1.552280267278602,-0.2865632633691437,799
DampedPriorOnly,7,08052700,2.830418748172017,2.122677930144836,-0.42361539590131975,736
DampedPriorOnly,7,08065350,2.2939549958171046,1.7178585270176763,-0.14304066168088936,874
DampedPriorOnly,7,08070200,2.333834736692693,1.7309230588079079,-0.12366446455126263,1027
DampedPriorOnly,7,08123850,2.513089419213404,1.8941626496866446,-0.03229008175077892,735
DampedPriorOnly,7,09136100,1.5163640418831044,1.2132503018404046,-0.2137218858287842,1080
DampedPriorOnly,7,09144250,1.3809641782904298,1.1290014568599658,-0.13159814765796915,1086
DampedPriorOnly,7,09149500,1.3489751098134382,1.0748825437279748,-0.11771478610770668,1088
DampedPriorOnly,7,09163500,1.4902670644019527,1.1961537784235963,-0.1350917236191248,1088
DampedPriorOnly,7,09180000,1.706302891582144,1.3624400906600471,-0.19565135459441438,1082
DampedPriorOnly,7,09261000,1.6849871976622772,1.282146554506125,-0.02383065733802528,1011
DampedPriorOnly,7,09302000,1.636226485794709,1.274209413338312,0.05737324974077912,1060
DampedPriorOnly,7,09380000,0.8995064669870025,0.6816269348840722,-0.45085307459503776,1063
DampedPriorOnly,7,10129900,1.3554775140235529,1.0280122915605796,-0.0424159676981732,1067
DampedPriorOnly,7,10301500,1.9416635543879612,1.5484360693760637,0.026416185779391595,1060
DampedPriorOnly,7,10351600,1.7991248432271643,1.4462380300032598,0.1606568679745195,1037
DampedPriorOnly,7,11262900,1.6556291265978353,1.31288573530562,-0.05391388176759331,643
DampedPriorOnly,7,11467000,1.2913727799017154,1.0349642191739643,-0.14326308974448373,1088
DampedPriorOnly,7,11507500,1.909587204597886,1.4529989787021322,-0.0906026138622752,1088
DampedPriorOnly,7,12056500,0.8057160678933313,0.631731163474221,-0.07308849999672304,1057
DampedPriorOnly,7,12115000,0.702936282011982,0.5282650586935634,-0.08263851884154812,991
DampedPriorOnly,7,12117600,0.8591801303319905,0.670603171648348,-0.18112342169179635,1088
DampedPriorOnly,7,12210700,1.247842021578354,0.9759537883728394,-0.18550476116721107,941
DampedPriorOnly,7,12212050,1.351052452852185,0.9938293698627049,-0.09356449808139028,938
DampedPriorOnly,7,12213100,1.4608886539335995,1.1572708941679835,-0.2730486956144603,1013
DampedPriorOnly,7,12363000,1.0453638147704587,0.7964504661442209,-0.12148488293129228,1052
DampedPriorOnly,7,12398600,1.0447626645034718,0.8029769849469671,-0.03282633767889602,1042
DampedPriorOnly,7,13018350,1.4945503084751985,1.1636435296779313,-0.02425142226970238,1055
DampedPriorOnly,7,13154500,0.9195532912584756,0.7211398394668803,-0.11371855087140027,1088
DampedPriorOnly,7,13317660,0.7914111691901192,0.631431523929624,-0.007556597976123586,1088
DampedPriorOnly,7,13342500,1.174945281581073,0.8763928788659328,-0.17375173217014356,1088
DampedPriorOnly,7,14091500,0.6403421974277972,0.5042623029473949,-0.1040935750831576,1088
DampedPriorOnly,7,14150800,1.7244850129150069,1.313841831377324,-0.2034061803098987,1088
DampedPriorOnly,7,14151000,1.695732803907591,1.1826437975872646,-0.07978206850362546,1056
DampedPriorOnly,7,14152000,0.9604115308326319,0.7560415592861,-0.08935716797633725,1086
DampedPriorOnly,7,14153500,0.9406008258336399,0.684488337867114,-0.033611599501077234,1078
DampedPriorOnly,7,14154500,1.773269400390388,1.3487792846896511,-0.2128966622564136,1082
DampedPriorOnly,7,14159500,0.8666862624341684,0.6385680749513846,-0.11771010665645387,1076
DampedPriorOnly,7,14161500,1.127246048860024,0.8495460507389357,0.1352207064628601,1082
DampedPriorOnly,7,14179000,1.1612293519326768,0.9012210947897713,-0.3604969663358647,967
DampedPriorOnly,7,14185000,1.46614235374983,1.114894364747565,-0.13211853058627301,1006
DampedPriorOnly,7,14210000,1.0723909818659365,0.8181965476704173,-0.12117196782018694,1082
DampedPriorOnly,7,14211499,1.7320029881005894,1.3119860550239544,-0.18459182321414824,1074
DampedPriorOnly,7,14211500,1.9105405337218635,1.4310832581451636,-0.18280286001816892,1045
DampedPriorOnly,7,14320934,1.5241150537842052,1.1628170782013942,-0.33374513831353725,1064
DampedPriorOnly,7,255534081324000,2.020845374151775,1.565417362464054,-0.25531662703696834,1049
LSTM,1,01073319,0.6985942256892164,0.5226147187562641,-0.005321757637502036,970
LSTM,1,01104415,1.0094134034592992,0.7890965162343214,-0.13262808046901636,961
LSTM,1,01104455,1.0067565461377872,0.6880453178342784,-0.02364228300328525,848
LSTM,1,01104475,0.8807235530396705,0.6817787668762066,-0.11424879307685416,1086
LSTM,1,01129500,0.6729162979535379,0.5129869711996096,-0.03756178161252795,1094
LSTM,1,01400500,0.7723411667577679,0.5867382521664037,-0.007889048368560643,979
LSTM,1,01408029,0.8717830072234347,0.6733640976994393,-0.08527773795638956,891
LSTM,1,01425000,0.51366690896263,0.38296792473810826,0.010233156116151101,1072
LSTM,1,01426500,0.7977584763975494,0.6040958297962539,0.06273083422700734,932
LSTM,1,01427207,0.7244214580840217,0.5483814151789715,0.025591005953928957,1076
LSTM,1,01428500,0.6346444578660585,0.4863673114852095,0.03137245647763001,1066
LSTM,1,01463500,0.508845294061508,0.4003022925992345,0.014893213480017929,1075
LSTM,1,01480617,0.8723696039966197,0.6773433315479261,0.02297109102873205,1085
LSTM,1,01540500,0.4903103058842301,0.3818276522508873,0.003181297415366733,930
LSTM,1,01542500,0.70090867657941,0.5429899170799412,0.09636324635555193,1087
LSTM,1,01549700,0.7431689755327614,0.5701979200146354,0.0014577072103414007,1081
LSTM,1,02110701,0.7746191261887115,0.582054090636247,0.01418915022203649,1049
LSTM,1,02176930,0.8518055982196283,0.6412623299832358,-0.07393564689985821,1053
LSTM,1,02266300,0.6815893518505226,0.5031318858279636,-0.12437922793852436,1083
LSTM,1,02330450,0.8308379578443043,0.6093318609814895,-0.039295922567073545,1064
LSTM,1,02334430,0.4401293206711008,0.33773055285814696,-0.17683984392085939,1094
LSTM,1,02334885,0.7082795478535677,0.5163727055084117,-0.019875356440570268,1094
LSTM,1,02336120,0.8765051602516588,0.6396979971595012,-0.0031463750049773973,1086
LSTM,1,02336300,0.8991886575058193,0.6658367134890425,0.031590399763999716,1090
LSTM,1,02336728,0.7002859933408654,0.5239316493794665,-0.2751269810760076,1085
LSTM,1,02397000,0.4570155952131441,0.35143408547429483,0.009549905447398888,1088
LSTM,1,02455980,0.8145925469839221,0.5912272606658209,0.005894497073796904,1051
LSTM,1,02458450,0.8268366641528454,0.6062265938077904,0.00218042973309457,1091
LSTM,1,02474560,0.5706013410179918,0.440706667759581,0.03797331615925709,1086
LSTM,1,03007800,0.8048589547217236,0.6208575677479641,0.002150717754646936,1087
LSTM,1,03034000,0.8716946437826679,0.6761224726580506,-0.02126284945053311,1060
LSTM,1,03036000,0.5826438218124704,0.4384816714128319,0.008990418855049071,1079
LSTM,1,03047000,0.607263909524922,0.45942499553391697,0.025692874652530055,1090
LSTM,1,03077500,0.43560575665807627,0.3424979812931269,0.0629336129873991,1024
LSTM,1,03105500,0.7551757224277488,0.5544035621001135,-0.04303344436552423,1086
LSTM,1,03106000,0.8186931551184872,0.6332732501068473,-0.01270199704174515,1041
LSTM,1,03301900,0.9971291435202123,0.7388761899165447,-0.03175253776017197,1068
LSTM,1,03353200,0.9639355105846534,0.7351719753259492,-0.04534216939930811,1073
LSTM,1,03456991,0.7864341561916294,0.598678159215656,-0.012970514671605492,1077
LSTM,1,04027000,0.7891457775984903,0.5809175674698221,-0.04364137910051897,1061
LSTM,1,04043238,0.8161209794582609,0.6052609182191215,-0.05858510673859403,1081
LSTM,1,04043244,0.8056273697653129,0.6073423154342538,-0.023107573033645,1083
LSTM,1,04067500,0.4916603832644537,0.3783812231744994,-0.01768792903673883,1050
LSTM,1,04077630,0.746229576948843,0.5554736703007704,0.031446329708563585,1094
LSTM,1,04124200,0.380666003777906,0.30053447087605795,0.02759237540510549,1092
LSTM,1,04125460,0.553451899594634,0.43080319294806896,-0.021274519303285073,1089
LSTM,1,04137005,0.4043610693573362,0.3216908272338722,0.021397759029889305,1091
LSTM,1,04176500,0.4883101596940312,0.3763349600071164,-0.004277770212665536,1087
LSTM,1,04208000,0.7155996133669965,0.5540991355020266,-0.023167462965043677,1040
LSTM,1,05054000,0.4010239175019717,0.30995415708493285,0.008745308492685833,1076
LSTM,1,05057000,0.6418570506909297,0.4867588780382203,-0.0014788251797884313,1067
LSTM,1,05289800,0.7618935621637727,0.573168254700797,0.013126885815362914,887
LSTM,1,05331833,0.839789773674654,0.6390958725490863,0.008782353917147514,1042
LSTM,1,05370000,0.4690339239933133,0.35629445642205576,0.007922777082808651,1091
LSTM,1,05382255,0.6701109347435661,0.506658314856304,0.008255423061971908,1094
LSTM,1,05382257,1.3284722224768457,0.9586365538038965,-0.12997259416887835,1085
LSTM,1,05406457,0.808145862964312,0.5958305989882074,-0.004332463521076459,996
LSTM,1,05458300,0.7263641288924875,0.5441799810874047,-0.04057255300666856,1060
LSTM,1,05517000,0.7230323700799135,0.5623810089050266,-0.06639887884214953,1094
LSTM,1,06036805,0.8453235469149354,0.6511394831590102,-0.00010004155030500718,1091
LSTM,1,06036905,0.9731204846942908,0.7392021613321531,-0.03373445252831717,1094
LSTM,1,06036940,1.1866434482101467,0.8884475629408282,0.39447285212003264,1092
LSTM,1,06041000,0.4458946450308096,0.3195209671629638,-0.008564677793972929,1066
LSTM,1,06623800,0.6470423947087419,0.4708436995543841,0.043362086199375025,925
LSTM,1,06894000,0.6636899089228623,0.5032630339431673,-0.0055128684489807065,1072
LSTM,1,06934500,0.3693299073208734,0.29010265927001616,0.028186475980308663,887
LSTM,1,07106000,1.1539038970209925,0.8505934662834209,-0.026979599202916586,896
LSTM,1,07178200,0.6731410495995057,0.4910446042650098,0.018741197670750755,929
LSTM,1,07194880,0.8012475218487364,0.5887093630704013,-0.04643892328789896,517
LSTM,1,07332622,1.0251266931169947,0.7268144857791805,0.019726887530305624,878
LSTM,1,08048000,0.6509040709627891,0.4724951805787928,-0.017612458958345317,850
LSTM,1,08052700,1.2455899841948503,0.9118745855278841,-0.056088603245441494,789
LSTM,1,08065350,0.48641608932710984,0.3738464608772169,-0.004577950136032228,913
LSTM,1,08070200,0.6865562140624704,0.5225455786387125,-0.004106707527523916,1050
LSTM,1,08123850,0.9969192959390193,0.7556535147004209,0.00413763967611023,767
LSTM,1,09136100,0.7503198055199182,0.56890741578612,-0.02667934480366956,1089
LSTM,1,09144250,0.5895548353161879,0.45392995186614027,-0.001461646375638649,1092
LSTM,1,09149500,0.7002041002481997,0.5214861047142603,-0.010779023865132244,1094
LSTM,1,09163500,0.441787574090539,0.3398152046899058,-0.011927967518482878,1094
LSTM,1,09180000,0.6608621215473199,0.49102777545096615,-0.01671143426116015,1089
LSTM,1,09261000,0.5333225064916781,0.3894372746623627,0.020086862757718992,1032
LSTM,1,09302000,0.6389256684690897,0.46917777427773943,0.038054335001575096,1074
LSTM,1,09380000,0.42131656738751294,0.3330570851674807,-0.17099007882170858,1069
LSTM,1,10129900,0.6442234350422096,0.4570171625751545,-0.008432354149322073,1076
LSTM,1,10301500,0.8280401504826502,0.6014099628288209,0.014027615352160858,1074
LSTM,1,10351600,0.5536990724238117,0.41851802635552066,0.02321538534541586,1062
LSTM,1,11262900,0.7084450632596004,0.5186984198227276,-0.001501652250159721,659
LSTM,1,11467000,0.363649030692126,0.28661470988550836,-0.006034347736421383,1094
LSTM,1,11507500,0.44797878065444363,0.3432103942391859,0.018526457364533053,1094
LSTM,1,12056500,0.3794002201683967,0.2887345642102333,0.027364955224981915,1069
LSTM,1,12115000,0.45804611354607394,0.3569799323583658,0.030325814498443758,1017
LSTM,1,12117600,0.4326456309692038,0.3298421338881609,0.021129670090823532,1094
LSTM,1,12210700,0.6071174517052109,0.4695526961483524,-0.011411069783771526,983
LSTM,1,12212050,0.5243661516816404,0.39092810899171454,0.012872833896340835,979
LSTM,1,12213100,0.6023348065231453,0.46895529770799604,-0.027529532291302845,1041
LSTM,1,12363000,0.43563237819022327,0.3346180895936082,0.008791818983401327,1056
LSTM,1,12398600,0.3196855849032996,0.2429667298911134,0.015380095674162141,1061
LSTM,1,13018350,0.7170916318964894,0.5134327766730782,0.027478892134804526,1067
LSTM,1,13154500,0.23578891632394125,0.18157067603995206,0.00497209960407491,1094
LSTM,1,13317660,0.24919001004107671,0.19441340329224277,0.01821260633154802,1094
LSTM,1,13342500,0.43089926288226654,0.3270545800599581,-0.03172958764559172,1094
LSTM,1,14091500,0.39966478460858024,0.3078449815893086,0.0022795381668062704,1094
LSTM,1,14150800,0.6161144791415566,0.48393448902876324,0.00530309310996769,1094
LSTM,1,14151000,0.5598460626920168,0.37737699719310813,0.019081757564135847,1073
LSTM,1,14152000,0.3854837378904503,0.29687977989951336,0.007898142049600784,1092
LSTM,1,14153500,0.3377864312367891,0.26074622599459485,0.03404322886774335,1086
LSTM,1,14154500,0.5309355515397728,0.4208934239010071,-0.005677136223287762,1089
LSTM,1,14159500,0.4233718087211444,0.3107848990128337,0.020942037380236082,1085
LSTM,1,14161500,0.44770492024433317,0.3468693397809213,0.08449551352018385,1089
LSTM,1,14179000,0.5093756143982892,0.38577151711217045,-0.03840089259413898,985
LSTM,1,14185000,0.5093276106746941,0.3996713588993724,0.011422040706727584,1025
LSTM,1,14210000,0.3559155396570557,0.2710842371425207,0.018992421074825155,1088
LSTM,1,14211499,0.6623609310834796,0.503374191918316,-0.004480929925187074,1086
LSTM,1,14211500,0.6620020127154165,0.5056148149633318,0.0016367935428494122,1064
LSTM,1,14320934,0.49158054811723045,0.3707496666089185,-0.037006542875242104,1077
LSTM,1,255534081324000,0.7800604080279746,0.5857587017816551,-0.004380876919749911,1068
LSTM,3,01073319,1.557356243754979,1.1531404049158929,-0.04108633067018324,964
LSTM,3,01104415,1.5811866298195891,1.251471972534531,-0.39289972295886594,950
LSTM,3,01104455,1.5295077274755422,1.1178824450197595,-0.11887226404527186,843
LSTM,3,01104475,1.5604194489151169,1.2504641488015267,-0.35703001327805783,1081
LSTM,3,01129500,1.4042150433474012,1.0461683777508481,-0.17791373798501722,1092
LSTM,3,01400500,1.7465612848522365,1.3504449817179385,-0.11468644622420761,955
LSTM,3,01408029,1.7947693885809461,1.4204832410832768,-0.261182759483021,877
LSTM,3,01425000,0.8643159115267703,0.6195977185925408,-0.035369095108318795,1065
LSTM,3,01426500,1.2651257715354058,0.9765869030234109,0.09874175080856545,926
LSTM,3,01427207,1.5097698636156256,1.1641114229757654,-0.009028291205100934,1070
LSTM,3,01428500,1.5466187733400134,1.1903727250520184,0.02713678816898013,1059
LSTM,3,01463500,1.3157773497535479,1.0411956631761285,0.00760404687200752,1070
LSTM,3,01480617,1.692920805850991,1.3462043682403035,-0.13509772233389045,1080
LSTM,3,01540500,1.2115546457115025,0.9528390084305537,-0.0558688949805685,923
LSTM,3,01542500,1.6395060119870974,1.2910555320380466,0.2236447769632071,1082
LSTM,3,01549700,1.7115065890397014,1.3338185372986764,-0.07830869416060839,1075
LSTM,3,02110701,1.7497708029709995,1.3437096826212682,-0.04120421969788121,1047
LSTM,3,02176930,1.6471115225599804,1.2467655449081922,-0.22301791081674224,1048
LSTM,3,02266300,1.5085572830976177,1.1697870544688378,-0.3237479349677771,1078
LSTM,3,02330450,1.513433264892055,1.1171558282438434,-0.12444265707904766,1058
LSTM,3,02334430,0.5725065768771512,0.464011110840263,-0.3331110335095025,1092
LSTM,3,02334885,1.6297502557406056,1.2150163651386023,-0.10346842467129885,1092
LSTM,3,02336120,1.783999225888902,1.330279871639615,-0.03989638902123004,1082
LSTM,3,02336300,1.8360415192195094,1.3818610464670382,0.03091809413709697,1086
LSTM,3,02336728,1.5983431474485426,1.2075284880178945,-0.8138245091614899,1080
LSTM,3,02397000,1.1232188789731503,0.8681500950754512,-0.013494480961270561,1087
LSTM,3,02455980,1.4899875624446715,1.120989802253143,-0.020088247936201075,1039
LSTM,3,02458450,1.5483378122080524,1.1831104101503598,-0.022974595252205327,1088
LSTM,3,02474560,1.484462496169562,1.159353275836726,0.05052603181320723,1082
LSTM,3,03007800,1.7542592260007708,1.3694008741489923,-0.041356980051783336,1082
LSTM,3,03034000,1.8501185074788755,1.4597936011033947,-0.10313277617660269,1058
LSTM,3,03036000,1.0157372667816174,0.7480606875710147,0.003745545629321744,1074
LSTM,3,03047000,1.2463564268261749,0.9277452351470641,0.04868193622130679,1088
LSTM,3,03077500,0.582151970236986,0.4588697876850686,0.1519020902045927,1019
LSTM,3,03105500,1.6801029326694625,1.2871276144193082,-0.15236831422957162,1082
LSTM,3,03106000,1.9123140940199534,1.4993347369163248,-0.07868246560775796,1034
LSTM,3,03301900,1.8159201909998972,1.3951476153235107,-0.10195503265702936,1063
LSTM,3,03353200,1.987928025021495,1.5725286331800656,-0.16375682274314843,1070
LSTM,3,03456991,1.5381446160483456,1.184523219656342,-0.05625139516129235,1069
LSTM,3,04027000,1.6727014154838942,1.1867099095803935,-0.17300333098298112,1054
LSTM,3,04043238,1.4703869072140454,1.0804191740409759,-0.18359580464231814,1076
LSTM,3,04043244,1.4135281936774673,1.0634443147700068,-0.08332016536960786,1079
LSTM,3,04067500,1.2001105723784191,0.8725838879718143,-0.08722525498237203,1042
LSTM,3,04077630,1.5302881151397851,1.0941541456077555,0.04321315247154428,1092
LSTM,3,04124200,0.623504198827131,0.47420154683086846,0.011155450201909473,1090
LSTM,3,04125460,1.2783536094243035,0.9952363115494152,-0.08981124791406817,1085
LSTM,3,04137005,0.8342303445635056,0.6336957954568788,-0.017958646318327446,1088
LSTM,3,04176500,1.2933567970752962,0.9771852985157743,-0.08289332251319885,1083
LSTM,3,04208000,1.6392278453089428,1.2722880017395468,-0.12295189451400729,1021
LSTM,3,05054000,0.9542442616129885,0.6965102898351995,-0.028094671315283315,1068
LSTM,3,05057000,1.4990986307111493,1.0743018656397296,-0.02481135921254615,1062
LSTM,3,05289800,1.5231983446811161,1.155342230700069,-0.02619406098930404,861
LSTM,3,05331833,1.5030954113466586,1.1365885454793845,-0.009807114589894497,1034
LSTM,3,05370000,0.9029475609186266,0.6604845375699155,-0.007944300179095865,1088
LSTM,3,05382255,1.1623963420675432,0.8985853106315647,0.015344948939733455,1092
LSTM,3,05382257,1.810517112645957,1.371426920661644,-0.3141275906518735,1082
LSTM,3,05406457,1.1745754167193734,0.9195566012924831,-0.013372710908053512,983
LSTM,3,05458300,1.727552005442202,1.2642787550127221,-0.20356430817998594,1050
LSTM,3,05517000,1.7311102564111671,1.3659248272509694,-0.23740929399408917,1092
LSTM,3,06036805,1.3609964680745235,1.0787285777411477,-0.02260271145907394,1088
LSTM,3,06036905,1.6774392995851466,1.3276788877480197,-0.10561788020989835,1092
LSTM,3,06036940,1.8998081492657375,1.4620826624949044,0.8745225173180257,1090
LSTM,3,06041000,1.0355538550205194,0.7105750298280554,-0.035272705377667884,1059
LSTM,3,06623800,0.8598016083368908,0.6053376313010433,0.06390977086742287,920
LSTM,3,06894000,1.6154206462895178,1.26711362642061,-0.039087793037743485,1064
LSTM,3,06934500,0.9706388671972705,0.7692193591053149,0.01386269971003965,864
LSTM,3,07106000,1.7878659497733045,1.3771127179488711,-0.08944515189624822,866
LSTM,3,07178200,1.5152412219161577,1.1885749852512741,0.04379944426747903,907
LSTM,3,07194880,1.266656699846042,0.9716772362037941,-0.09658905609309328,513
LSTM,3,07332622,2.015117356545943,1.512482871294366,0.0501193653520821,865
LSTM,3,08048000,1.483954716442129,1.1084458125930234,-0.0951364871105516,830
LSTM,3,08052700,2.3949617766813143,1.8192436839051211,-0.17785104366923515,754
LSTM,3,08065350,1.3658363653048327,1.037989432827667,-0.049890036306827326,898
LSTM,3,08070200,1.6353712669345817,1.2620439754732549,-0.05291215708998381,1037
LSTM,3,08123850,2.1161394430976053,1.6290828478431196,0.011104494570420924,754
LSTM,3,09136100,1.2755779265477416,0.9985863095302187,-0.11034681378971048,1085
LSTM,3,09144250,1.131984687984587,0.9045483437850388,-0.030940023596407046,1090
LSTM,3,09149500,1.1899889435087185,0.927429209051879,-0.030844898279005786,1092
LSTM,3,09163500,1.0479437617851517,0.8128944516127363,-0.06430747343206802,1092
LSTM,3,09180000,1.3228983593112575,1.0296538362032555,-0.09747010601399736,1086
LSTM,3,09261000,1.2009504063153262,0.8981179546814262,0.03368905404325894,1023
LSTM,3,09302000,1.2545191458010208,0.9361495695329771,0.1058783776002974,1068
LSTM,3,09380000,0.9201259110036191,0.7158586974439209,-0.4986556387752798,1066
LSTM,3,10129900,1.137139792323597,0.8293528535675491,-0.0024423644878839735,1071
LSTM,3,10301500,1.590473932877339,1.2189624189631578,0.019848000256809446,1066
LSTM,3,10351600,1.354213581164242,1.06463633472022,0.09822522682835391,1052
LSTM,3,11262900,1.4378942208202314,1.1125997765663942,-0.006933111062079091,652
LSTM,3,11467000,0.9088195461992554,0.7207968655086701,-0.01314053421928767,1092
LSTM,3,11507500,1.2435361057273064,0.9448538366882574,-0.004425523757607044,1092
LSTM,3,12056500,0.6459997353458455,0.5063642784799209,-0.02408047667131737,1065
LSTM,3,12115000,0.6781065869903361,0.5341942788117455,-0.004612712661227964,1007
LSTM,3,12117600,0.7044884447297859,0.5502409977790638,-0.056928622242295265,1092
LSTM,3,12210700,1.0691809765885723,0.8405689294391234,-0.07272713121176998,967
LSTM,3,12212050,1.0565556965642238,0.7916590152188298,-0.008363066554813047,962
LSTM,3,12213100,1.1957346975743162,0.9458763213728064,-0.12407929006588891,1023
LSTM,3,12363000,0.8424006538543586,0.6442057938596046,-0.0403575289948661,1057
LSTM,3,12398600,0.6087648053830148,0.4585663399639584,-0.032954064308177856,1050
LSTM,3,13018350,1.3422628781651234,0.9898660393412508,0.033751575345294396,1063
LSTM,3,13154500,0.55967872041634,0.43866210708688036,-0.06925377278100878,1092
LSTM,3,13317660,0.5515722699227604,0.43323636325724385,0.018186128139495855,1092
LSTM,3,13342500,0.8943093407710664,0.6789391138833084,-0.14026247638485806,1092
LSTM,3,14091500,0.6589498403209919,0.5103438433273372,-0.05207561215201578,1092
LSTM,3,14150800,1.2998657170779824,1.009992578221765,-0.08009707687538623,1092
LSTM,3,14151000,1.183169616021356,0.8212095715049514,-0.05947610650743761,1064
LSTM,3,14152000,0.6848994478976312,0.5378477493776095,-0.06311513883258224,1090
LSTM,3,14153500,0.6177300182172935,0.4737964909089912,-0.00021817102449878573,1082
LSTM,3,14154500,1.2593482859609442,0.9659339008849409,-0.10516524027285214,1086
LSTM,3,14159500,0.6523504993834124,0.47791338951499385,-0.05208153985164784,1080
LSTM,3,14161500,0.8713204414744077,0.6693569681042906,0.1389732351838774,1086
LSTM,3,14179000,0.942092864453858,0.7364923445148291,-0.1955433413371124,979
LSTM,3,14185000,1.111296645044022,0.8546174211445867,-0.05076519229791487,1018
LSTM,3,14210000,0.675849580391325,0.49911787975339383,-0.057728483707645745,1086
LSTM,3,14211499,1.3897919561629124,1.0574575816775205,-0.08138685024544852,1082
LSTM,3,14211500,1.4899940772298021,1.134354776791164,-0.07995825944628034,1050
LSTM,3,14320934,1.1137116358569037,0.8634026760703264,-0.16352948376667154,1071
LSTM,3,255534081324000,1.6899881113434965,1.2791714366592248,-0.07913442112793892,1059
LSTM,7,01073319,1.857606171426316,1.3745696636714408,-0.12123815596652306,954
LSTM,7,01104415,1.708280191845432,1.3235705327873413,-0.6344016277815461,939
LSTM,7,01104455,1.7206447584723223,1.2510443909582265,-0.24736711519207072,835
LSTM,7,01104475,1.8073617328544045,1.417867835702506,-0.6577814037915056,1076
LSTM,7,01129500,1.663873886470111,1.1656941697300198,-0.36065396991368337,1088
LSTM,7,01400500,2.1167305644869905,1.640112913601852,-0.2805978623304922,952
LSTM,7,01408029,2.0087039660813906,1.5679354500129958,-0.5596041893708372,856
LSTM,7,01425000,1.044354972667457,0.7084264786857547,-0.10149286104874178,1056
LSTM,7,01426500,1.4717252698898489,1.146262963010198,0.09139883590116281,914
LSTM,7,01427207,1.8544717277866567,1.4338385521412345,-0.05665504901283547,1063
LSTM,7,01428500,2.0726577593052893,1.5904428006604003,-0.02782268374875555,1054
LSTM,7,01463500,1.8235159635051599,1.4416774588831736,-0.08311849094632658,1062
LSTM,7,01480617,1.9796064926011594,1.5434011964217438,-0.4049742824858449,1076
LSTM,7,01540500,1.7918912650150762,1.4172235878857116,-0.18376549999060932,911
LSTM,7,01542500,2.058849489447953,1.608213715816473,0.2964341146052436,1078
LSTM,7,01549700,2.1729215210686315,1.6851242124406474,-0.2359411894256591,1068
LSTM,7,02110701,2.1614920444024257,1.6546425913201002,-0.2496546520906336,1037
LSTM,7,02176930,1.9685953229410909,1.5075383358391432,-0.45317347511649136,1040
LSTM,7,02266300,1.8488792945202728,1.445464105926343,-0.5831841765944638,1072
LSTM,7,02330450,1.7795849245071202,1.312882437717347,-0.2810034579663049,1050
LSTM,7,02334430,0.6326634173261083,0.523538335105952,-0.45662165722426246,1088
LSTM,7,02334885,2.008970490288816,1.4974486067452852,-0.2865352861583233,1088
LSTM,7,02336120,2.115831496187207,1.5674598574748746,-0.15635621184552162,1080
LSTM,7,02336300,2.187341034049909,1.6484609697971238,-0.04183514459736914,1082
LSTM,7,02336728,2.320177727931199,1.7722227636323098,-1.3449256465337533,1076
LSTM,7,02397000,1.544539242120778,1.2011987453467745,-0.08330592439267198,1082
LSTM,7,02455980,1.739820805395621,1.2893906056707176,-0.09988940992438755,1029
LSTM,7,02458450,1.8567719549491433,1.3955288361799234,-0.13407839048392656,1084
LSTM,7,02474560,2.1929983217291706,1.6854911338461622,-0.0555793769754732,1074
LSTM,7,03007800,2.116363425594142,1.6532036446370115,-0.11206968562549638,1078
LSTM,7,03034000,2.1804051677541603,1.7259119571343886,-0.28536468784287716,1054
LSTM,7,03036000,1.4536251833159806,1.058625938441152,-0.0788721865415573,1070
LSTM,7,03047000,1.8618938205329323,1.3846635760964339,0.006194525825263125,1085
LSTM,7,03077500,0.676007656678983,0.5289611493006792,0.11889509640117685,1010
LSTM,7,03105500,2.103091744738281,1.5908935394462937,-0.3556241413740811,1078
LSTM,7,03106000,2.3508915491689186,1.8451368049777614,-0.22752686693667198,1023
LSTM,7,03301900,2.1249396158321825,1.6459975671372709,-0.2634468766241842,1055
LSTM,7,03353200,2.3205460727164535,1.8374091136508655,-0.31690744351854244,1066
LSTM,7,03456991,1.8831997140609018,1.4851198393106457,-0.15921856388730823,1060
LSTM,7,04027000,2.0283222530279468,1.4025678977985805,-0.32121872769165233,1047
LSTM,7,04043238,1.711359098215698,1.227807752717109,-0.2728343142041751,1071
LSTM,7,04043244,1.6366891607999157,1.2171081807822628,-0.13336921448912384,1071
LSTM,7,04067500,1.7531303171127663,1.2360051364711746,-0.19059942129194,1028
LSTM,7,04077630,1.883180717065126,1.3468310260390248,0.028497016718029053,1088
LSTM,7,04124200,0.9350012179805222,0.7031715364306891,-0.02494745904349928,1086
LSTM,7,04125460,1.5401392041509954,1.1928244399389736,-0.18460409735915836,1080
LSTM,7,04137005,1.3766229277966553,1.027034828131434,-0.08449554712652502,1084
LSTM,7,04176500,1.9596626294571584,1.499212581090643,-0.18500080296188096,1076
LSTM,7,04208000,2.0147987197634643,1.5591909445999634,-0.28767207936043776,1008
LSTM,7,05054000,1.5604983451003245,1.1180581720161653,-0.10140641917785308,1058
LSTM,7,05057000,1.991057990259527,1.3973452029305335,-0.08703019836149088,1052
LSTM,7,05289800,1.9668220303302266,1.478430332852832,-0.14347799924390317,832
LSTM,7,05331833,1.762260745162229,1.3325785110287236,-0.03297639819857191,1022
LSTM,7,05370000,1.2293785460570672,0.8856261014828384,-0.05982094436773956,1084
LSTM,7,05382255,1.3962109192992957,1.0924947411082135,0.00473788440200116,1088
LSTM,7,05382257,1.9176125530964998,1.4565672916251342,-0.4601257860107634,1078
LSTM,7,05406457,1.2952002522859165,1.0083113287307943,-0.06190288152802742,971
LSTM,7,05458300,2.2677473847489233,1.6675392256335484,-0.45708807420581293,1038
LSTM,7,05517000,2.213824277757122,1.7431662978494868,-0.4392596255001776,1088
LSTM,7,06036805,1.5284710754500628,1.2239291759269704,-0.0960967621405186,1084
LSTM,7,06036905,1.8876018759669564,1.530954082836123,-0.2534331015804234,1088
LSTM,7,06036940,2.1815110009970207,1.6932414855746274,1.0822670792567357,1086
LSTM,7,06041000,1.5652824180859348,1.1103162665258755,-0.06409415334576012,1056
LSTM,7,06623800,0.9314299881150482,0.6261331493625205,0.04586954310867249,912
LSTM,7,06894000,2.170551406954043,1.715774837116532,-0.16477133702758137,1057
LSTM,7,06934500,1.6150882916186955,1.2868544020734372,-0.08680577560017505,840
LSTM,7,07106000,1.8411348925901165,1.4371435421143803,-0.20695792896169912,844
LSTM,7,07178200,2.0615624640277423,1.6060653764349884,0.012721825807385618,893
LSTM,7,07194880,1.3836337944843204,1.075133146342665,-0.1696851917304614,505
LSTM,7,07332622,2.448655086400621,1.8768483340195468,-0.009724862112681238,848
LSTM,7,08048000,2.0020003823582444,1.509573441244037,-0.2931875222913911,799
LSTM,7,08052700,2.782878568318331,2.0962198748455747,-0.38979191301471516,736
LSTM,7,08065350,2.1655784780574003,1.6151693760393961,-0.16259372790836363,874
LSTM,7,08070200,2.2518394841691425,1.678932979346018,-0.1292645097823547,1027
LSTM,7,08123850,2.5157684655137387,1.9011575875314723,-0.012035278787418332,735
LSTM,7,09136100,1.5012474027232683,1.2035365671650677,-0.2343646676714222,1080
LSTM,7,09144250,1.3347104240892744,1.0907393411638877,-0.12844147775082077,1086
LSTM,7,09149500,1.3359722217449541,1.0629316259339892,-0.09234184800811551,1088
LSTM,7,09163500,1.4125394449047601,1.1340244419187964,-0.14377296063227252,1088
LSTM,7,09180000,1.6456216840996782,1.3225908706023215,-0.20624778127011997,1082
LSTM,7,09261000,1.5952840063333324,1.2120848381840261,0.0033098845109785797,1011
LSTM,7,09302000,1.57967573400736,1.2363583987171076,0.13700019620218368,1060
LSTM,7,09380000,1.2479469949001682,0.9425254313091231,-0.7369938464626767,1063
LSTM,7,10129900,1.34576135544047,1.0300883637261147,-0.009785843521161101,1067
LSTM,7,10301500,1.9215534978220856,1.5318119388425124,-0.010449124040468672,1060
LSTM,7,10351600,1.7131384031738923,1.3970177703561295,0.16142059662302996,1037
LSTM,7,11262900,1.6047344828224814,1.2736457536973256,-0.03574562695682697,643
LSTM,7,11467000,1.237476805170509,0.9900315923725858,-0.03207549373893174,1088
LSTM,7,11507500,1.8085392686209036,1.3824520914349705,-0.10357879181940326,1088
LSTM,7,12056500,0.7955576556496786,0.6233692383924067,-0.07878215441527855,1057
LSTM,7,12115000,0.7092695761773157,0.5354160708928806,-0.049974669289035566,991
LSTM,7,12117600,0.8424391491841481,0.6654033309834846,-0.14884046653614327,1088
LSTM,7,12210700,1.2133879005184225,0.957744677125711,-0.1511647870101027,941
LSTM,7,12212050,1.3303083154953859,0.9872416531988807,-0.045962685854958565,938
LSTM,7,12213100,1.4208914098223049,1.138428577693935,-0.252404547368727,1013
LSTM,7,12363000,1.0308058571242116,0.7871180283932632,-0.10147307000686007,1052
LSTM,7,12398600,1.0288677423922277,0.7901257413149867,-0.058848738563273856,1042
LSTM,7,13018350,1.4557785217772277,1.1242637762589762,-0.001660422741378084,1055
LSTM,7,13154500,0.8490735274471433,0.6679992410189964,-0.15035789319697548,1088
LSTM,7,13317660,0.7805856923573659,0.6215502871529145,-0.04761104305439135,1088
LSTM,7,13342500,1.1649664769673522,0.8680990334709777,-0.22646123163182943,1088
LSTM,7,14091500,0.6897365862760875,0.5365746733458603,-0.10184655851301026,1088
LSTM,7,14150800,1.6509542603662128,1.2695887167225866,-0.21014385692336982,1088
LSTM,7,14151000,1.6819245873977895,1.216972700438716,-0.13314236127065884,1056
LSTM,7,14152000,0.9330187544170504,0.7324982851249736,-0.1388778943822309,1086
LSTM,7,14153500,0.9459980758744995,0.7030692112467948,-0.06883852561462343,1078
LSTM,7,14154500,1.6837026865367875,1.294851454679274,-0.22676111794663883,1082
LSTM,7,14159500,0.8891223905560348,0.6555040063911212,-0.1392126729940393,1076
LSTM,7,14161500,1.0865113589016289,0.8249939729237512,0.1428851607326218,1082
LSTM,7,14179000,1.1304722828786238,0.8723029973834846,-0.3606120284242246,967
LSTM,7,14185000,1.4095832190715238,1.082055209787418,-0.13571308791992914,1006
LSTM,7,14210000,1.016117595783035,0.7857906731572036,-0.1291100030906099,1082
LSTM,7,14211499,1.6908947682468536,1.277057450590742,-0.17782790122251937,1074
LSTM,7,14211500,1.8432320866675893,1.3810541916121706,-0.17307062311035595,1045
LSTM,7,14320934,1.4816133036136756,1.1325983156387072,-0.3159100778568956,1064
LSTM,7,255534081324000,1.914853574289126,1.4894519698631206,-0.30617842351515245,1049
LSTM-ext,1,01073319,0.6484832975832923,0.48118922818797766,0.03740719885325308,970
LSTM-ext,1,01104415,1.0320765827337315,0.7846314908314446,0.016715944532797337,961
LSTM-ext,1,01104455,0.9921421409661889,0.6760574689451253,-0.03751670965608557,848
LSTM-ext,1,01104475,0.8613693476813716,0.6567295621003455,-0.007750105188257354,1086
LSTM-ext,1,01129500,0.6414756495169249,0.4688591944451752,0.02076638420057095,1094
LSTM-ext,1,01400500,0.7444164926984866,0.5669310435698395,-0.0046620384330525256,979
LSTM-ext,1,01408029,0.8494136353966958,0.6516848114035881,0.00041360225942396614,891
LSTM-ext,1,01425000,0.517392983330292,0.38623985065453087,-0.016536851427448318,1072
LSTM-ext,1,01426500,0.7864045464311212,0.5957673277641954,0.019707039917935116,932
LSTM-ext,1,01427207,0.7167626153444799,0.5339684196531455,0.02387530255775386,1076
LSTM-ext,1,01428500,0.602478559230316,0.46380417738463653,0.02041792997720828,1066
LSTM-ext,1,01463500,0.4876167592032007,0.3781500396160192,0.030826852090136966,1075
LSTM-ext,1,01480617,0.8537906206850905,0.6565758684483541,-0.014794567806929466,1085
LSTM-ext,1,01540500,0.44217093348491154,0.3412930551379599,-0.017535731089051064,930
LSTM-ext,1,01542500,0.6644646138269338,0.5156018724761005,-0.031272743406372226,1087
LSTM-ext,1,01549700,0.7136926919870417,0.5444702419890031,-0.0035933762596649793,1081
LSTM-ext,1,02110701,0.7623803324176298,0.5848484293407661,0.007566866179212582,1049
LSTM-ext,1,02176930,0.8434702561059148,0.6272081129231684,0.04745422765853173,1053
LSTM-ext,1,02266300,0.6552088812769795,0.4727717757995549,-0.05672621828257106,1083
LSTM-ext,1,02330450,0.8323468190142046,0.6034843896340607,-0.00195588496394624,1064
LSTM-ext,1,02334430,0.38498218515425897,0.2919802344913239,0.03474361743961869,1094
LSTM-ext,1,02334885,0.6935682025068441,0.5047600502941683,0.014097870594840578,1094
LSTM-ext,1,02336120,0.8568694895007802,0.6182929337463765,0.022689676910474164,1086
LSTM-ext,1,02336300,0.8777577309707123,0.6456008025156248,0.027369461901690997,1090
LSTM-ext,1,02336728,0.6032199512608168,0.4132175305801602,-0.04458482777468065,1085
LSTM-ext,1,02397000,0.4421496691366365,0.3391850392608081,0.03333706978489368,1088
LSTM-ext,1,02455980,0.823290097190149,0.5925585760376093,-0.00237995532441433,1051
LSTM-ext,1,02458450,0.8307263009361655,0.6039599025282262,-0.024737955385342743,1091
LSTM-ext,1,02474560,0.5440491094791282,0.4160369257900596,6.056753969976627e-06,1086
LSTM-ext,1,03007800,0.7739708897374977,0.5897671363843398,-0.020223091002605123,1087
LSTM-ext,1,03034000,0.8521248008036776,0.6577438713729663,0.00564772855349866,1060
LSTM-ext,1,03036000,0.6247617912207357,0.4725875157231087,-0.02703533478226235,1079
LSTM-ext,1,03047000,0.6354372230895394,0.4911726821070417,-0.025302941596836114,1090
LSTM-ext,1,03077500,0.4708945046794631,0.36351506065111605,-0.028177095274440938,1024
LSTM-ext,1,03105500,0.726130645090652,0.5335979981632633,-0.05953343393311976,1086
LSTM-ext,1,03106000,0.7749230063778128,0.6005145862606408,-0.005653981942375698,1041
LSTM-ext,1,03301900,0.9766617229054805,0.7125777869970165,-0.01883573245243188,1068
LSTM-ext,1,03353200,0.9340167769824302,0.7104653742289361,-0.02791217043961139,1073
LSTM-ext,1,03456991,0.7969401104316991,0.6008391979787786,0.04179109513150839,1077
LSTM-ext,1,04027000,0.6906495398008056,0.48211423432727457,-0.0019729264254763506,1061
LSTM-ext,1,04043238,0.8077953706677062,0.5796906324635905,0.03390301288683638,1081
LSTM-ext,1,04043244,0.8115087229003988,0.6021260721538482,0.027342089965925725,1083
LSTM-ext,1,04067500,0.4567279333926997,0.33612263060095054,-0.03545572786299245,1050
LSTM-ext,1,04077630,0.6912845901046177,0.4914064788186354,0.04265110703964993,1094
LSTM-ext,1,04124200,0.41981661420271565,0.31672197200985625,-0.041802444961263154,1092
LSTM-ext,1,04125460,0.5593266695484268,0.43663686399165924,-0.01781630485059473,1089
LSTM-ext,1,04137005,0.4238451712641221,0.32271142509363854,-0.03453779684688713,1091
LSTM-ext,1,04176500,0.48192509100011033,0.3686665383884692,-0.02331238422532531,1087
LSTM-ext,1,04208000,0.6955203910688975,0.535889561874792,-0.06252247813301015,1040
LSTM-ext,1,05054000,0.4061491913194569,0.28707299790159907,-0.037859088667758396,1076
LSTM-ext,1,05057000,0.5686213686307904,0.40359230689624115,-0.0034876187051792297,1067
LSTM-ext,1,05289800,0.7584543912733198,0.5624624933518276,-0.022941593292012816,887
LSTM-ext,1,05331833,0.828161456376831,0.6153238740368906,-0.011647099862858343,1042
LSTM-ext,1,05370000,0.49641944812637206,0.36507950978580683,-0.045747345964587335,1091
LSTM-ext,1,05382255,0.6874803988006634,0.5095818341541116,0.012308722039790224,1094
LSTM-ext,1,05382257,1.3839328479171626,0.9745827032563873,-0.01798954785694173,1085
LSTM-ext,1,05406457,0.8383581630269636,0.6044301608240747,-0.01877389708197257,996
LSTM-ext,1,05458300,0.6558542670549541,0.4753187588934417,-0.01113968077994322,1060
LSTM-ext,1,05517000,0.6975874232588162,0.5329260440218097,-0.017246909938255506,1094
LSTM-ext,1,06036805,0.8769875152097204,0.6753146409605972,-0.012589415233141766,1091
LSTM-ext,1,06036905,1.009143318211122,0.7818488712502571,-0.12933815519378214,1094
LSTM-ext,1,06036940,1.1837821578588943,0.9176744939643384,-0.19076511431963014,1092
LSTM-ext,1,06041000,0.4238718774065359,0.29927957067038957,0.031650405908335434,1066
LSTM-ext,1,06623800,0.6316282638524253,0.4152120353123676,0.07865590185120801,925
LSTM-ext,1,06894000,0.629515394409087,0.49235636205203953,-0.023852010318703626,1072
LSTM-ext,1,06934500,0.3305252443352111,0.2604272081372837,-0.02710980498636184,887
LSTM-ext,1,07106000,1.2305317244618923,0.890149989280118,0.03023003608686845,896
LSTM-ext,1,07178200,0.6603485846786016,0.4827368028838873,-0.033674662272306526,929
LSTM-ext,1,07194880,0.8437447555141334,0.6174371035002186,-0.04015892644915401,517
LSTM-ext,1,07332622,0.993526274487723,0.7151528302605575,-0.006467082701063342,878
LSTM-ext,1,08048000,0.6999711550243908,0.5303521037382238,-0.11352082061767578,850
LSTM-ext,1,08052700,1.2275141325670262,0.8905923148543964,0.011248420299761513,789
LSTM-ext,1,08065350,0.502694361065016,0.38753701656044903,-0.052095517871936066,913
LSTM-ext,1,08070200,0.7147758516667897,0.5347827978588285,-0.017257153102329833,1050
LSTM-ext,1,08123850,0.9624205946281916,0.7254476036211036,0.02249913333758532,767
LSTM-ext,1,09136100,0.7476487505371858,0.5644072643461525,0.002931573691446917,1089
LSTM-ext,1,09144250,0.5851304838896774,0.4483122989845773,0.005944652078611857,1092
LSTM-ext,1,09149500,0.7033840326404931,0.5192443244687028,0.004847738572772611,1094
LSTM-ext,1,09163500,0.4398480780616037,0.33471410585434547,0.011521401584243729,1094
LSTM-ext,1,09180000,0.6532899606268608,0.4818026679635553,0.022549517511726267,1089
LSTM-ext,1,09261000,0.5436507712947879,0.3910628372666159,-0.008654071527800327,1032
LSTM-ext,1,09302000,0.6199261844651267,0.4384530583250872,-0.013307813712303808,1074
LSTM-ext,1,09380000,0.3475171741115867,0.262845599261035,-0.0030680502096663226,1069
LSTM-ext,1,10129900,0.6363915547457515,0.44271767624691954,-0.007044387727865058,1076
LSTM-ext,1,10301500,0.830547239043474,0.5968096815993111,0.04714185010981732,1074
LSTM-ext,1,10351600,0.5500412538565863,0.41213198506225973,0.01126945473380004,1062
LSTM-ext,1,11262900,0.7176878424509803,0.5262756233331105,-0.024628533144822076,659
LSTM-ext,1,11467000,0.374455057082216,0.29332106893633575,0.0292875240228294,1094
LSTM-ext,1,11507500,0.438420530417499,0.33228280559808726,0.0011924958670378868,1094
LSTM-ext,1,12056500,0.3500977992531401,0.26231779925058224,0.01885587272519146,1069
LSTM-ext,1,12115000,0.37484037952097876,0.28367895199720367,0.04081268979853704,1017
LSTM-ext,1,12117600,0.3763834414332998,0.2815348901086141,0.009596769508975513,1094
LSTM-ext,1,12210700,0.6067547668336213,0.46606492927243,0.048108045935691415,983
LSTM-ext,1,12212050,0.5028528016223786,0.37007592855301036,-0.005997026742904995,979
LSTM-ext,1,12213100,0.6427371035511428,0.48967329505025825,0.02270407264445631,1041
LSTM-ext,1,12363000,0.44730326880416216,0.34227032729734974,0.010471075838149498,1056
LSTM-ext,1,12398600,0.30136650735539583,0.2281958013590386,-0.043299182009348645,1061
LSTM-ext,1,13018350,0.7193525030863597,0.48909447497505815,0.02343030172751932,1067
LSTM-ext,1,13154500,0.28442767765137267,0.22053683096137738,-0.06226428683976589,1094
LSTM-ext,1,13317660,0.2378367946951894,0.18636843406304143,0.008510650773370926,1094
LSTM-ext,1,13342500,0.4359937691912445,0.3287691355568836,0.03603675634050284,1094
LSTM-ext,1,14091500,0.41545183249877476,0.3096278760289361,-0.019873155013298876,1094
LSTM-ext,1,14150800,0.612671038812114,0.4786199385984724,0.006888072429670946,1094
LSTM-ext,1,14151000,0.5456508193451243,0.355632154806018,-0.014543714505539599,1073
LSTM-ext,1,14152000,0.357105071869006,0.2683375183042589,-0.021416057422484217,1092
LSTM-ext,1,14153500,0.3139035497430158,0.24498287498621654,-0.049616702178126096,1086
LSTM-ext,1,14154500,0.5317962829323505,0.4172464575430359,-0.014812356534630353,1089
LSTM-ext,1,14159500,0.3750031774579358,0.2645247919548492,-0.0009952839178973048,1085
LSTM-ext,1,14161500,0.4164755669646021,0.3190971608113761,0.02500103159274828,1089
LSTM-ext,1,14179000,0.4888055821678333,0.3643248594230806,-0.004181988384517953,985
LSTM-ext,1,14185000,0.5101527160459047,0.39741093128483473,-0.02186712125452554,1025
LSTM-ext,1,14210000,0.31227944019251397,0.2294723892913145,0.027443522828466755,1088
LSTM-ext,1,14211499,0.6523547901786644,0.49456194728667785,0.0068307403152599346,1086
LSTM-ext,1,14211500,0.6543800398072448,0.4974849037756037,-0.01718574664730553,1064
LSTM-ext,1,14320934,0.4966597770297101,0.37792992853077895,-0.01772219012374668,1077
LSTM-ext,1,255534081324000,0.8123784999832725,0.612112529804644,-0.08315440027901293,1068
LSTM-ext,3,01073319,1.5591309953366626,1.150848126887533,0.16528500194556978,964
LSTM-ext,3,01104415,1.6374257962397671,1.2909747748123972,0.015136785996587635,950
LSTM-ext,3,01104455,1.543975013302911,1.1308494660636565,-0.14143758900507772,843
LSTM-ext,3,01104475,1.5286989661603179,1.219601984447511,-0.047753593769479304,1081
LSTM-ext,3,01129500,1.417964381671753,1.0418239585243356,0.0868185435984652,1092
LSTM-ext,3,01400500,1.7933083208128218,1.3891618243125097,-0.0031156889243899905,955
LSTM-ext,3,01408029,1.874644243762948,1.4901545935475025,0.040478144577590795,877
LSTM-ext,3,01425000,0.9305862696060365,0.6614512034537088,-0.009787635959929738,1065
LSTM-ext,3,01426500,1.270643611729548,0.9922506043900682,0.10052666284353116,926
LSTM-ext,3,01427207,1.5624475187070017,1.1968776206003726,0.08915295189089867,1070
LSTM-ext,3,01428500,1.5622650602413621,1.2064462740681328,0.14710712824878655,1059
LSTM-ext,3,01463500,1.3377547621162102,1.0575557844675034,0.11932159788279888,1070
LSTM-ext,3,01480617,1.7475526582905347,1.3933036672737862,0.03295350786712433,1080
LSTM-ext,3,01540500,1.2142265744945246,0.9457966792218605,0.054070996635977885,923
LSTM-ext,3,01542500,1.6471291193366062,1.2826757139287022,0.007779265711576329,1082
LSTM-ext,3,01549700,1.7446471885326316,1.3502143448989752,0.1081865697943194,1075
LSTM-ext,3,02110701,1.7862799313773998,1.3706700510828407,0.005188459106707635,1047
LSTM-ext,3,02176930,1.6858079719037715,1.2636462431941324,0.1683605772962097,1048
LSTM-ext,3,02266300,1.5605878764841863,1.191149072523241,-0.27344919533809176,1078
LSTM-ext,3,02330450,1.5600466632776653,1.1504322802975406,-0.0032867260263186996,1058
LSTM-ext,3,02334430,0.616264342353588,0.4920015005838303,0.041307391089834146,1092
LSTM-ext,3,02334885,1.6628532534399019,1.2372664385662848,0.010666818103510833,1092
LSTM-ext,3,02336120,1.8160471018691948,1.3675100772195736,0.045112099588027504,1082
LSTM-ext,3,02336300,1.8606442797155263,1.4093854525471263,0.04471982361862015,1086
LSTM-ext,3,02336728,1.1741502021529358,0.8783761676152549,-0.12394770110094987,1080
LSTM-ext,3,02397000,1.1450163683915267,0.8955200214614095,0.06984658245658704,1087
LSTM-ext,3,02455980,1.5211991117762131,1.1410668078469357,-0.04305303351482141,1039
LSTM-ext,3,02458450,1.5559002859867375,1.1853565070558996,-0.05104085890685807,1088
LSTM-ext,3,02474560,1.463332895982743,1.1360108148588932,-0.0770308189162926,1082
LSTM-ext,3,03007800,1.7885155200697564,1.3846083163760616,0.01686937919027706,1082
LSTM-ext,3,03034000,1.897748965167113,1.4870407493654745,0.11090171961483522,1058
LSTM-ext,3,03036000,1.169047078136294,0.8867288486251618,0.02582146813416619,1074
LSTM-ext,3,03047000,1.3263910919612842,1.01450237506891,0.07920232168672714,1088
LSTM-ext,3,03077500,0.7502182538369369,0.5797506243955634,-0.022980986820703864,1019
LSTM-ext,3,03105500,1.6916033138862745,1.3041184736405416,-0.011718856426241634,1082
LSTM-ext,3,03106000,1.9431933856907027,1.513306022075147,0.07746043468841732,1034
LSTM-ext,3,03301900,1.808603152988575,1.405000254469779,-0.03508118683172643,1063
LSTM-ext,3,03353200,2.034857936583116,1.6064488434318072,0.03907413624435942,1070
LSTM-ext,3,03456991,1.5850969090755702,1.207523935436645,0.17930873131729713,1069
LSTM-ext,3,04027000,1.654307097379815,1.1311581449519552,0.0783484825214099,1054
LSTM-ext,3,04043238,1.5147628914962938,1.1014652033817702,0.10870441938560027,1076
LSTM-ext,3,04043244,1.4626935816094453,1.1043449311108917,0.09787951764599719,1079
LSTM-ext,3,04067500,1.245124256194843,0.8815020413093282,0.022394136164959434,1042
LSTM-ext,3,04077630,1.5670705263098188,1.0850804581326277,0.14589227030261406,1092
LSTM-ext,3,04124200,0.8037731152273466,0.5875633343425365,-0.09966288354418694,1090
LSTM-ext,3,04125460,1.3233009996519673,1.0329291433398078,-0.023810719476866856,1085
LSTM-ext,3,04137005,0.9329483031783133,0.6831387371263082,-0.027788959487396105,1088
LSTM-ext,3,04176500,1.3187168758270813,1.0016962137881626,5.304479312807751e-05,1083
LSTM-ext,3,04208000,1.6775452054319695,1.3065755881303438,-0.0962349088430171,1021
LSTM-ext,3,05054000,1.1092698103996101,0.7661805421434873,-0.04805145760237723,1068
LSTM-ext,3,05057000,1.5645925291116773,1.0796333758919912,0.04771295030129522,1062
LSTM-ext,3,05289800,1.6263494817740056,1.2253154335537024,0.020340182993054807,861
LSTM-ext,3,05331833,1.5278528784485044,1.1431654959729722,-0.019463065123938517,1034
LSTM-ext,3,05370000,1.031655822092706,0.7230229303459911,-0.041959521437392504,1088
LSTM-ext,3,05382255,1.2043602903809196,0.9175269803762327,0.046239569470723024,1092
LSTM-ext,3,05382257,1.9250010220699036,1.402172754806864,-0.023958659282233025,1082
LSTM-ext,3,05406457,1.1770856451173994,0.9115044177609325,-0.046713055332218756,983
LSTM-ext,3,05458300,1.7207175941169361,1.2310506912909802,0.01477645287485354,1050
LSTM-ext,3,05517000,1.7501927667578447,1.393258522925796,0.05914574227271934,1092
LSTM-ext,3,06036805,1.4140571120670684,1.1005220843588606,0.011420563378316517,1088
LSTM-ext,3,06036905,1.7397585009499479,1.349891001924927,-0.11072851406348928,1092
LSTM-ext,3,06036940,1.7208574276075836,1.351866686934725,-0.08177131425350084,1090
LSTM-ext,3,06041000,1.0847195250409116,0.7217314504980479,0.19661721454351097,1059
LSTM-ext,3,06623800,0.9447655821538418,0.6348364628250104,0.23174740844993325,920
LSTM-ext,3,06894000,1.6534720758156978,1.312030676371397,-0.004482177051162328,1064
LSTM-ext,3,06934500,0.9438781882192264,0.7309432201415162,0.00016253626974371005,864
LSTM-ext,3,07106000,1.93954598984533,1.4581845977685606,0.11331905891761769,866
LSTM-ext,3,07178200,1.5653026509821129,1.2212252582315575,-0.10511329496051405,907
LSTM-ext,3,07194880,1.3879770696343439,1.0530423192252891,-0.020167221381650276,513
LSTM-ext,3,07332622,2.0066540760663436,1.4953342909912843,-0.025666997472330335,865
LSTM-ext,3,08048000,1.6843848426304675,1.2921790908905395,-0.44829020465712954,830
LSTM-ext,3,08052700,2.474558496301444,1.866715247063485,-0.08654912206633342,754
LSTM-ext,3,08065350,1.440015600104201,1.1108278164619325,-0.2812071132766112,898
LSTM-ext,3,08070200,1.715835353169083,1.3031300711194944,-0.16135127215629144,1037
LSTM-ext,3,08123850,2.1576398414140963,1.689490165444837,-0.03891734665837784,754
LSTM-ext,3,09136100,1.2332692515712156,0.9658977131209066,0.058531947318584694,1085
LSTM-ext,3,09144250,1.1042763969671305,0.8717592582475702,0.07910559263934784,1090
LSTM-ext,3,09149500,1.2024373771370016,0.9304204371877206,0.0726155225883474,1092
LSTM-ext,3,09163500,1.0500543041865844,0.8177061356399412,0.03383389353451931,1092
LSTM-ext,3,09180000,1.322836051631417,1.026605832567147,0.06662708000720753,1086
LSTM-ext,3,09261000,1.2504519374560255,0.9178775443789254,0.09108338154641181,1023
LSTM-ext,3,09302000,1.2523272023517877,0.9308590476218025,0.05835062662289526,1068
LSTM-ext,3,09380000,0.5458470079612529,0.4014031636558375,-0.032033091414489186,1066
LSTM-ext,3,10129900,1.1467187334297162,0.8039196766391188,0.05733441402709562,1071
LSTM-ext,3,10301500,1.620160898429873,1.2245893644263328,0.10565591607431535,1066
LSTM-ext,3,10351600,1.3379134320203245,1.0340568826679042,0.05157452935048383,1052
LSTM-ext,3,11262900,1.5137253741925147,1.1540527217958603,-0.15117231819527285,652
LSTM-ext,3,11467000,0.972475109854233,0.745747559935182,0.054247973340771576,1092
LSTM-ext,3,11507500,1.2858646466544383,0.9730523072019382,0.08971884198514093,1092
LSTM-ext,3,12056500,0.6476761442639097,0.5027513823262963,0.06250199197043835,1065
LSTM-ext,3,12115000,0.7315876495950275,0.5139799700711429,0.19193694719373292,1007
LSTM-ext,3,12117600,0.681614620662256,0.5293901550027478,0.03772673860137715,1092
LSTM-ext,3,12210700,1.0979739366259034,0.8391004901021072,0.11642521820122602,967
LSTM-ext,3,12212050,1.0575356088301973,0.7962424539974475,0.02296108024779573,962
LSTM-ext,3,12213100,1.2353933196802576,0.9539152337877281,0.06448570260175396,1023
LSTM-ext,3,12363000,0.8994457473677668,0.6807252275511666,0.15973336947597247,1057
LSTM-ext,3,12398600,0.6350834653773825,0.4789887161524523,0.026161499549945223,1050
LSTM-ext,3,13018350,1.3988471698585705,1.0040776535576017,0.09776083704028089,1063
LSTM-ext,3,13154500,0.6088934283727334,0.47759102473765497,-0.005304242839743381,1092
LSTM-ext,3,13317660,0.5430241868069628,0.4248416643002968,0.011135925259782277,1092
LSTM-ext,3,13342500,0.9175692488169052,0.6908003436667579,0.14571350890419857,1092
LSTM-ext,3,14091500,0.7322257370831875,0.5548758363549089,0.054031500100216144,1092
LSTM-ext,3,14150800,1.3272470557734892,1.0184302807727574,-0.03543166799859684,1092
LSTM-ext,3,14151000,1.1764022754132766,0.7778219504463941,-0.028007440280197235,1064
LSTM-ext,3,14152000,0.6967540793873086,0.541714340699922,-0.04113803461057326,1090
LSTM-ext,3,14153500,0.6640982264759571,0.5057072679569012,-0.1312722381073534,1082
LSTM-ext,3,14154500,1.26691635078045,0.9667217145089066,-0.06752931959721263,1086
LSTM-ext,3,14159500,0.6681052399329286,0.4857746676162437,0.02776699437035453,1080
LSTM-ext,3,14161500,0.858095750133985,0.650110492236487,0.0303102731485174,1086
LSTM-ext,3,14179000,0.9457190984756246,0.7211505434851603,0.03478566422769314,979
LSTM-ext,3,14185000,1.1448476710600757,0.8775853491953642,-0.057009809612056817,1018
LSTM-ext,3,14210000,0.7106312781483594,0.5277763307862959,0.027123028577801054,1086
LSTM-ext,3,14211499,1.4124543270483247,1.0750609309885948,-0.047560165888610874,1082
LSTM-ext,3,14211500,1.523171564839879,1.1580354682831535,-0.06502040731339224,1050
LSTM-ext,3,14320934,1.1464581888476555,0.8856061997756459,-0.10648737336629804,1071
LSTM-ext,3,255534081324000,1.8224498559597127,1.3918465074894,-0.24214446668471792,1059
LSTM-ext,7,01073319,1.92879170387011,1.43053872913622,0.21493178528247386,954
LSTM-ext,7,01104415,1.6743950401270156,1.327580302077741,0.009351747631391925,939
LSTM-ext,7,01104455,1.815506399572652,1.3517324384814964,-0.2630442639881979,835
LSTM-ext,7,01104475,1.6729136531791382,1.3071010626824815,-0.09735459111437035,1076
LSTM-ext,7,01129500,1.74606963331456,1.2774671147221373,0.12258541021660407,1088
LSTM-ext,7,01400500,2.2222688316240973,1.7187824773766538,-0.10296881042827834,952
LSTM-ext,7,01408029,2.1390625822317673,1.6801947680449931,-0.04365700913645392,856
LSTM-ext,7,01425000,1.30942374947752,0.9406378485713944,0.004287515241991366,1056
LSTM-ext,7,01426500,1.5043171536512152,1.169816366684189,0.15876905629717022,914
LSTM-ext,7,01427207,1.9926956699175242,1.545573852139044,0.10443438981516905,1063
LSTM-ext,7,01428500,2.1673071828601356,1.7027192089247183,0.19440348850001193,1054
LSTM-ext,7,01463500,1.9126766170508875,1.506571945715029,0.06996098245352003,1062
LSTM-ext,7,01480617,2.053950967835658,1.613813758705185,0.016057326946559883,1076
LSTM-ext,7,01540500,1.8678731581092034,1.4903838114651444,0.04218634430290444,911
LSTM-ext,7,01542500,2.162338006991404,1.6849881339389727,0.011431589192522493,1078
LSTM-ext,7,01549700,2.3123985808888934,1.8271991378275418,0.1378151899057158,1068
LSTM-ext,7,02110701,2.2791245629896304,1.7369899092207994,-0.12381405007298912,1037
LSTM-ext,7,02176930,2.04559064547022,1.5809754175979356,0.2073818608086843,1040
LSTM-ext,7,02266300,2.0950050454319635,1.5739712562134018,-0.6451798955006386,1072
LSTM-ext,7,02330450,1.8682729899834791,1.400131847347532,-0.06654326142583573,1050
LSTM-ext,7,02334430,0.986360732153371,0.8337344904156292,0.021546864334274742,1088
LSTM-ext,7,02334885,2.106199341008328,1.5798416764858894,-0.11813270857228954,1088
LSTM-ext,7,02336120,2.2167379125724214,1.6777941790885396,-0.07636273899564036,1080
LSTM-ext,7,02336300,2.283146839284418,1.7510753151890088,-0.10224424477205257,1082
LSTM-ext,7,02336728,1.4488613370863714,1.0739629522132164,-0.3246331711240861,1076
LSTM-ext,7,02397000,1.5789829003720754,1.2504352498186715,-0.07566247991184655,1082
LSTM-ext,7,02455980,1.8241296211492077,1.3416116705209566,-0.21742826411744942,1029
LSTM-ext,7,02458450,1.8753983945026662,1.400931422736812,-0.22158617867754835,1084
LSTM-ext,7,02474560,2.2411632804770925,1.717528144607331,-0.32175082028245133,1074
LSTM-ext,7,03007800,2.231667228177639,1.7533745704899526,0.04708373118157401,1078
LSTM-ext,7,03034000,2.3340893702866663,1.8592601754987148,0.16668470832298332,1054
LSTM-ext,7,03036000,1.6807676425991591,1.291702207844948,0.020288142951849466,1070
LSTM-ext,7,03047000,1.953048843976149,1.4863104420378461,0.11673717787188871,1085
LSTM-ext,7,03077500,1.1299067754443892,0.8606274715272506,-0.0488242138022243,1010
LSTM-ext,7,03105500,2.168375626946448,1.6682319767676392,-0.02396136068346774,1078
LSTM-ext,7,03106000,2.4854292355004635,1.9633547800945395,0.08471106609378744,1023
LSTM-ext,7,03301900,2.1130276468211275,1.6554847600053273,-0.11133470848838298,1055
LSTM-ext,7,03353200,2.4454476755603944,1.9519740704174449,0.044200924714052195,1066
LSTM-ext,7,03456991,1.9901507216184324,1.553452111246451,0.22251611760202447,1060
LSTM-ext,7,04027000,2.06788987379116,1.4560633577070168,0.1035426044402557,1047
LSTM-ext,7,04043238,1.8869285184924094,1.3904305911074235,0.13519938060392936,1071
LSTM-ext,7,04043244,1.8076683501670217,1.372232809658645,0.12655048517981607,1071
LSTM-ext,7,04067500,1.832910588141594,1.3144029185038189,0.05608419481925811,1028
LSTM-ext,7,04077630,2.020785268804459,1.4388982068774674,0.1731704142232261,1088
LSTM-ext,7,04124200,1.2286098053260979,0.9135124522129255,-0.19223746446614765,1086
LSTM-ext,7,04125460,1.6444348363841073,1.3056656203363781,-0.03984473193961164,1080
LSTM-ext,7,04137005,1.4867874929733518,1.099465377505085,-0.07611545031525992,1084
LSTM-ext,7,04176500,1.9610762929563195,1.5069155593205341,-0.06978666082190758,1076
LSTM-ext,7,04208000,2.1005102314607087,1.63921638618386,-0.17587441295858414,1008
LSTM-ext,7,05054000,1.8284236161446243,1.2634593926123667,-0.14391584190943177,1058
LSTM-ext,7,05057000,2.2215697831867107,1.5159952918476578,-0.00014164077079088097,1052
LSTM-ext,7,05289800,2.152958484805005,1.6129248031110575,-0.07292812828583496,832
LSTM-ext,7,05331833,1.8278019733055386,1.3923045700383163,-0.0615030947890417,1022
LSTM-ext,7,05370000,1.4281088664933304,0.9749059971738125,-0.09222700658539565,1084
LSTM-ext,7,05382255,1.5150215085187457,1.1749442412613835,0.033693415829090065,1088
LSTM-ext,7,05382257,2.031731168850139,1.5323082754253674,-0.06742194939632805,1078
LSTM-ext,7,05406457,1.3237478068643163,1.054537247432862,-0.09221430713681063,971
LSTM-ext,7,05458300,2.2450180064886287,1.6400478508632077,-0.041532440713260455,1038
LSTM-ext,7,05517000,2.3009792421874087,1.8216704473803367,0.05625103415428277,1088
LSTM-ext,7,06036805,1.606297419046237,1.2661387131717812,0.07697750620846383,1084
LSTM-ext,7,06036905,1.936795561927228,1.5261560107855237,-0.04621470631921991,1088
LSTM-ext,7,06036940,1.9106224698489216,1.479880475207587,0.014795660226165071,1086
LSTM-ext,7,06041000,1.7067271964881896,1.1706403574878068,0.27570679630293987,1056
LSTM-ext,7,06623800,1.1859016639741606,0.8475475570395294,0.37913917390866564,912
LSTM-ext,7,06894000,2.250072719057592,1.7963677157178282,-0.05852146818599502,1057
LSTM-ext,7,06934500,1.5722423634025817,1.2599308710350166,-0.044433085529931964,840
LSTM-ext,7,07106000,1.9552421408083842,1.4768332669608542,0.07180202640946161,844
LSTM-ext,7,07178200,2.1517197425530967,1.6896581203246037,-0.30017522725653145,893
LSTM-ext,7,07194880,1.616168407400917,1.2722366091284423,-0.027237280288545183,505
LSTM-ext,7,07332622,2.507182740021704,1.9228604815496166,-0.15716842485872917,848
LSTM-ext,7,08048000,2.3817821384730897,1.8525418490432528,-0.8232928549392948,799
LSTM-ext,7,08052700,3.0142085081140446,2.281682005257386,-0.3350656920234146,736
LSTM-ext,7,08065350,2.2520665414747114,1.7182175476436483,-0.5542014469543912,874
LSTM-ext,7,08070200,2.4454773595907118,1.8200553081516166,-0.39166191634091807,1027
LSTM-ext,7,08123850,2.662934841759909,2.098552707490467,-0.1934129932948521,735
LSTM-ext,7,09136100,1.399222971197114,1.10319647061742,0.10124286244450897,1080
LSTM-ext,7,09144250,1.2870053732234052,1.022073150651176,0.1460461535657418,1086
LSTM-ext,7,09149500,1.3326652122437213,1.0483803323470056,0.1307981456849067,1088
LSTM-ext,7,09163500,1.4434188983478584,1.159037519487388,-0.0066527960055014455,1088
LSTM-ext,7,09180000,1.6687868201351077,1.3348132993399324,0.03241133561526556,1082
LSTM-ext,7,09261000,1.7192368900547987,1.2737218475619627,0.15121878459718,1011
LSTM-ext,7,09302000,1.6225547128336066,1.2644932479467594,0.08178995197744303,1060
LSTM-ext,7,09380000,0.7177527180153535,0.5383619114686493,-0.09775572047408529,1063
LSTM-ext,7,10129900,1.473199873457764,1.0696414835562524,0.11404515177486313,1067
LSTM-ext,7,10301500,1.971648972934212,1.5374938605247803,0.042097142726745224,1060
LSTM-ext,7,10351600,1.6599814174934786,1.3089641088689878,-0.024286126216789168,1037
LSTM-ext,7,11262900,1.8330537035570598,1.4180741605269223,-0.3872700998238049,643
LSTM-ext,7,11467000,1.3456377970187245,1.0564869465196833,-0.014272988894406471,1088
LSTM-ext,7,11507500,1.898500062526119,1.4510047461755355,0.10589989322128106,1088
LSTM-ext,7,12056500,0.8520117750099465,0.6643414235498506,0.020213587214164025,1057
LSTM-ext,7,12115000,0.9972652449441292,0.7075300573220046,0.28557759028991947,991
LSTM-ext,7,12117600,0.8909588927212291,0.7013674088260707,0.01632858637501213,1088
LSTM-ext,7,12210700,1.2961533656587634,1.0011573384121044,0.09494098322614473,941
LSTM-ext,7,12212050,1.3802614723794306,1.0640279082474169,-0.01463786331829487,938
LSTM-ext,7,12213100,1.4536040194597382,1.1178971669619198,-0.0022832874734568906,1013
LSTM-ext,7,12363000,1.1537322140667572,0.8868111226523557,0.27934483588591724,1052
LSTM-ext,7,12398600,1.10627044496425,0.84422860282425,0.03782187394955108,1042
LSTM-ext,7,13018350,1.5580051063600007,1.1802229155165747,0.14303811664653335,1055
LSTM-ext,7,13154500,0.8937324149951948,0.697687087602475,-0.009724905298036667,1088
LSTM-ext,7,13317660,0.8092483311306158,0.6537060576326706,-0.12171464483527578,1088
LSTM-ext,7,13342500,1.2741226450832752,0.9608233276973753,0.22123587396653263,1088
LSTM-ext,7,14091500,0.8575819165627264,0.6725099013132206,0.11495574449791626,1088
LSTM-ext,7,14150800,1.7117082442214184,1.2998018515898901,-0.13481606617569922,1088
LSTM-ext,7,14151000,1.6631824012320995,1.1992000395149895,-0.09076159248749413,1056
LSTM-ext,7,14152000,0.9889434206962345,0.7749014869359756,-0.10230212264298073,1086
LSTM-ext,7,14153500,1.069735542161588,0.8201441865241593,-0.2405865236204498,1078
LSTM-ext,7,14154500,1.7052033896066703,1.309407552883938,-0.18828330888325095,1082
LSTM-ext,7,14159500,0.9955447484808417,0.7430220290630724,0.008746785523723075,1076
LSTM-ext,7,14161500,1.128492568942766,0.8608354502596829,-0.018367714163556315,1082
LSTM-ext,7,14179000,1.1331225026297458,0.8700824901137998,0.02026572852494676,967
LSTM-ext,7,14185000,1.48261307625636,1.138854611370246,-0.1429671825518902,1006
LSTM-ext,7,14210000,1.066978157011566,0.8265693247208092,-0.07280556697281361,1082
LSTM-ext,7,14211499,1.7661666249019787,1.3309299666261096,-0.14850537700082558,1074
LSTM-ext,7,14211500,1.9483389668718112,1.4639267372742795,-0.15411857077949928,1045
LSTM-ext,7,14320934,1.5229947388139113,1.1967867710536584,-0.21250627811690023,1064
LSTM-ext,7,255534081324000,2.2165158983261746,1.6890879946509583,-0.4513965175763212,1049
LightGBM,1,01073319,0.5936473891675033,0.4297058178451388,-0.02544374611214476,970
LightGBM,1,01104415,0.9049920947744904,0.6972093570148201,-0.10457106279026729,961
LightGBM,1,01104455,0.9476287496997512,0.6390343106336653,-0.06420203377150936,848
LightGBM,1,01104475,0.7896451693398105,0.6071094883075124,-0.10027387748780053,1086
LightGBM,1,01129500,0.584540300405967,0.4170058418199707,-0.048359913195201366,1094
LightGBM,1,01400500,0.6590798149524034,0.5034496742575867,-0.022146567174787333,979
LightGBM,1,01408029,0.7800849113647688,0.597596414931058,-0.07738819007162469,891
LightGBM,1,01425000,0.4158208691923659,0.2962795048694671,-0.01296293500367426,1072
LightGBM,1,01426500,0.7111981896492438,0.5340170999501215,0.02928094155121551,932
LightGBM,1,01427207,0.6247235838750754,0.4698351953706646,0.010394797210631797,1076
LightGBM,1,01428500,0.5348724633900035,0.404292090228688,0.022988163629178014,1066
LightGBM,1,01463500,0.45855381987043964,0.3569860706933489,-0.013595335791026807,1075
LightGBM,1,01480617,0.7563601738103497,0.5812626015908745,-0.04109335561070331,1085
LightGBM,1,01540500,0.43146965387185154,0.3318856939207755,-0.04994667171584126,930
LightGBM,1,01542500,0.624381557641096,0.4899576209469681,0.10000549647479219,1087
LightGBM,1,01549700,0.639909838919806,0.47974536849717125,-0.01902390206993022,1081
LightGBM,1,02110701,0.6038141401433936,0.4507801217196945,-0.05059532056455462,1049
LightGBM,1,02176930,0.7290138956010659,0.5523766269408886,-0.11608095167288734,1053
LightGBM,1,02266300,0.5914164183147494,0.4329409527869274,-0.12482641126700401,1083
LightGBM,1,02330450,0.7416836628389403,0.5432335648755493,-0.06914608661406414,1064
LightGBM,1,02334430,0.24248816319082186,0.17999676016967042,-0.09987092629524996,1094
LightGBM,1,02334885,0.5110681532761338,0.37013795427007845,-0.054841259486965555,1094
LightGBM,1,02336120,0.7083527501172925,0.5119361834068349,-0.029534236888696358,1086
LightGBM,1,02336300,0.7248616474971464,0.5317173854963981,0.010989076825396528,1090
LightGBM,1,02336728,0.8057883600705104,0.5570593313890565,-0.3250009700756931,1085
LightGBM,1,02397000,0.38110587802394585,0.2905942518038692,-0.019628719358426847,1088
LightGBM,1,02455980,0.6988231270242894,0.5129452394233244,-0.02524305197685229,1051
LightGBM,1,02458450,0.7232337985580037,0.536163078424534,-0.05568800404861715,1091
LightGBM,1,02474560,0.5090042799130908,0.38956194085112517,-0.011771673965549826,1086
LightGBM,1,03007800,0.6817984518128695,0.5273696890876004,0.02369432752438717,1087
LightGBM,1,03034000,0.7721255729337426,0.6026574573635971,-0.029337716686924822,1060
LightGBM,1,03036000,0.43515168641105506,0.3146517114256162,-0.038142028586374326,1079
LightGBM,1,03047000,0.4230841769430155,0.3133726573480712,-0.005638267800234906,1090
LightGBM,1,03077500,0.252521094783744,0.1857171560241639,0.04282252868140661,1024
LightGBM,1,03105500,0.6674525703074922,0.4934387863631093,-0.10452666972590662,1086
LightGBM,1,03106000,0.6711502488908228,0.510543585549422,-0.05914357330135377,1041
LightGBM,1,03301900,0.8762009440023512,0.6422872571394772,-0.0401954798431162,1068
LightGBM,1,03353200,0.7958109038762479,0.5984846931276626,-0.0372705644144731,1073
LightGBM,1,03456991,0.7448964905871426,0.5634912404529923,-0.026622014670297425,1077
LightGBM,1,04027000,0.6077665890154271,0.4069211346934475,-0.061218961096320676,1061
LightGBM,1,04043238,0.7615886136418997,0.544982413268315,-0.07572104700728818,1081
LightGBM,1,04043244,0.7424883760537013,0.5501509682186412,-0.041429976100555224,1083
LightGBM,1,04067500,0.4317340285516821,0.30515518898852845,-0.041697126977406504,1050
LightGBM,1,04077630,0.6248352197247159,0.43457914214981,0.03055906658339759,1094
LightGBM,1,04124200,0.20682212962026003,0.15629982798855166,-0.014918588709121591,1092
LightGBM,1,04125460,0.49941623540546426,0.38763025735517587,-0.046019477206769376,1089
LightGBM,1,04137005,0.2679573156229395,0.20356330971999137,-0.011750136655265878,1091
LightGBM,1,04176500,0.42753192502462894,0.3218631381585543,-0.017556858263751945,1087
LightGBM,1,04208000,0.5890602270858001,0.4528857812201799,-0.022728119022173345,1040
LightGBM,1,05054000,0.2838129184457316,0.18966321864304897,-0.03313016094062701,1076
LightGBM,1,05057000,0.4810154082752698,0.316143424416826,0.007143134619961652,1067
LightGBM,1,05289800,0.7215720269431986,0.5089006174104583,0.0076594995384112186,887
LightGBM,1,05331833,0.7754683470097801,0.5721590240880086,-0.030723879519649232,1042
LightGBM,1,05370000,0.40877697946589847,0.2941376843771831,0.00217896010563544,1091
LightGBM,1,05382255,0.6126454289986405,0.4651494764697277,0.027960869038621525,1094
LightGBM,1,05382257,1.2364217132749133,0.8894671938226653,-0.08139689762585467,1085
LightGBM,1,05406457,0.7190655680945172,0.5274175589934356,-0.0009435988949313769,996
LightGBM,1,05458300,0.5893046520298073,0.43286228514251957,-0.08018803261826585,1060
LightGBM,1,05517000,0.6333881740152338,0.47883078403096213,-0.060884793397109414,1094
LightGBM,1,06036805,0.8011995648129223,0.6199174319962875,-0.0026086367205443704,1091
LightGBM,1,06036905,0.9261769683048422,0.7033571955293308,-0.023620326366336,1094
LightGBM,1,06036940,1.1264821228402884,0.8454861348720051,0.26548615655294083,1092
LightGBM,1,06041000,0.3994379893581539,0.28225005610514137,-0.0016304053403625551,1066
LightGBM,1,06623800,0.5590350371231756,0.36548226501057735,0.05073989335354412,925
LightGBM,1,06894000,0.5083005242687436,0.3783634197487617,-0.0218782622076249,1072
LightGBM,1,06934500,0.30358071646701396,0.23463348867702852,-0.025264926276531097,887
LightGBM,1,07106000,1.0856195243952322,0.8116156518181452,-0.03606135172834114,896
LightGBM,1,07178200,0.6124358425886797,0.44417944928039377,0.02725437204954955,929
LightGBM,1,07194880,0.7033697024472321,0.5209529546580106,-0.05897980339203617,517
LightGBM,1,07332622,0.9318800071069414,0.6821289080935938,-0.005654262988513566,878
LightGBM,1,08048000,0.6071850644322219,0.45177734799883257,-0.06897716388398975,850
LightGBM,1,08052700,1.0643903877686425,0.7815997584452992,-0.06318896503983953,789
LightGBM,1,08065350,0.4429709714737261,0.33477674636630755,-0.03921000278948555,913
LightGBM,1,08070200,0.5991972901900561,0.43589415159811834,-0.037031777536550826,1050
LightGBM,1,08123850,0.8755393180472598,0.6666956084126785,-0.0172329861093278,767
LightGBM,1,09136100,0.6872142840473585,0.5248204804071924,-0.039265335791367026,1089
LightGBM,1,09144250,0.5389561329262827,0.4164038469987588,-0.014859917362781996,1092
LightGBM,1,09149500,0.6525686259198457,0.48194575436873405,-0.01620595216536334,1094
LightGBM,1,09163500,0.40927460720141895,0.30815893635651315,-0.029101657271856148,1094
LightGBM,1,09180000,0.635159928147111,0.46733054715320127,-0.03724161891781773,1089
LightGBM,1,09261000,0.5041310438944433,0.3586461336683154,0.011918083391956798,1032
LightGBM,1,09302000,0.5644851144340549,0.38529116386474493,0.012134441189483352,1074
LightGBM,1,09380000,0.36375873627368593,0.2714114351261998,-0.143371002106904,1069
LightGBM,1,10129900,0.597524384699344,0.4199228363382355,-0.03119526449618442,1076
LightGBM,1,10301500,0.7658467979848775,0.5555279173576142,0.0021916610961689115,1074
LightGBM,1,10351600,0.5047273931528798,0.3855734682778107,-0.003197479755416283,1062
LightGBM,1,11262900,0.6580544284943113,0.4739233176178459,0.005864496774270694,659
LightGBM,1,11467000,0.33725249375289146,0.2632223492555152,-0.042831135972698095,1094
LightGBM,1,11507500,0.38386672538360145,0.29538231660613606,0.005628400102882825,1094
LightGBM,1,12056500,0.31786988856345566,0.2400836733564904,-0.020234056548232827,1069
LightGBM,1,12115000,0.291834355814784,0.22150113396527363,-0.033138016368074584,1017
LightGBM,1,12117600,0.3528150712002054,0.2657072814820334,-0.02879387554236622,1094
LightGBM,1,12210700,0.5452316035689037,0.42319990798566565,-0.03872729758823927,983
LightGBM,1,12212050,0.48843457038292487,0.3596410278949071,-0.020730612429527333,979
LightGBM,1,12213100,0.5420749122012991,0.4214901724117964,-0.041085791334448306,1041
LightGBM,1,12363000,0.3877460793191299,0.2928063174782087,0.0003439265023746918,1056
LightGBM,1,12398600,0.22619810243786,0.1661589418200566,-0.01697905479820623,1061
LightGBM,1,13018350,0.6786416474985061,0.4742736980684004,0.0199781035707703,1067
LightGBM,1,13154500,0.2251968658464913,0.17289246193765495,-0.02093475718534805,1094
LightGBM,1,13317660,0.21081596285304208,0.1631456046432824,0.015284453466074132,1094
LightGBM,1,13342500,0.3945268071386695,0.2937910225822986,-0.026243240572972375,1094
LightGBM,1,14091500,0.3462774444767555,0.26238204043412,-0.016075119861061596,1094
LightGBM,1,14150800,0.5546991211460434,0.4314293016964532,-0.024338867448510226,1094
LightGBM,1,14151000,0.4935331962399864,0.3023385877088928,-0.016013531714048304,1073
LightGBM,1,14152000,0.3280708647838441,0.24745683615202327,-0.013961503399779931,1092
LightGBM,1,14153500,0.2239616455780324,0.16693791459702945,-0.022167396186463663,1086
LightGBM,1,14154500,0.46452365226904013,0.36484938802417227,-0.01671298397175686,1089
LightGBM,1,14159500,0.32716479189514575,0.21136610285134333,-0.02481736757357654,1085
LightGBM,1,14161500,0.4045043222343906,0.30926970622690375,0.02636749922119012,1089
LightGBM,1,14179000,0.45563973467667757,0.34121115056906676,-0.0789377236491887,985
LightGBM,1,14185000,0.46581330371735147,0.362101815026154,-0.026096008769970272,1025
LightGBM,1,14210000,0.2631608400611154,0.18811517094442903,-0.03201692884413603,1088
LightGBM,1,14211499,0.5963451673796679,0.45229652523167496,-0.023070076441442412,1086
LightGBM,1,14211500,0.5746216486592649,0.4363417961242698,-0.02342835811654544,1064
LightGBM,1,14320934,0.4456475032368017,0.3388130293389602,-0.07152216211242027,1077
LightGBM,1,255534081324000,0.7195864484190372,0.5368538951894705,-0.03548625203852651,1068
LightGBM,3,01073319,1.5157703396067148,1.0931450265469307,-0.1510843400525751,964
LightGBM,3,01104415,1.5265000177669983,1.2087466911908498,-0.324643778380789,950
LightGBM,3,01104455,1.4886268439010053,1.093536886819875,-0.09509237392287878,843
LightGBM,3,01104475,1.4985523358829473,1.1939766264889224,-0.3480843694042986,1081
LightGBM,3,01129500,1.3682748337163846,0.9811546208704738,-0.21839104002557178,1092
LightGBM,3,01400500,1.756673005637721,1.360511709192545,-0.15305463114939358,955
LightGBM,3,01408029,1.778755862379426,1.4025738840746416,-0.31213481853485026,877
LightGBM,3,01425000,0.7509682567408947,0.4966135201249536,-0.01611425102096336,1065
LightGBM,3,01426500,1.1859000548998087,0.9177752674337838,0.09441181198867103,926
LightGBM,3,01427207,1.4602218476072746,1.1201404041985699,-0.016673011267590195,1070
LightGBM,3,01428500,1.481399747852757,1.143073173316058,0.010064519944951989,1059
LightGBM,3,01463500,1.2922863179026922,1.0096683578237808,-0.06113844939268268,1070
LightGBM,3,01480617,1.6488973676643965,1.3113985931889167,-0.14192186804838508,1080
LightGBM,3,01540500,1.191788749795825,0.9332313376039609,-0.11612756633029209,923
LightGBM,3,01542500,1.626015471863068,1.2844867724596996,0.26907031661610803,1082
LightGBM,3,01549700,1.6482585628072846,1.2778129570226537,-0.11620503083689578,1075
LightGBM,3,02110701,1.7171410156776739,1.3069637265469816,-0.19136489579113994,1047
LightGBM,3,02176930,1.6624780346085681,1.2593688918895196,-0.3485681894845155,1048
LightGBM,3,02266300,1.5218320619576085,1.1737203759961343,-0.3698912582946912,1078
LightGBM,3,02330450,1.5442021109178115,1.1475808807390693,-0.24738892094576484,1058
LightGBM,3,02334430,0.46802630835267095,0.3726320761273953,-0.32276412826473566,1092
LightGBM,3,02334885,1.5969685735806958,1.1854337074054084,-0.27326328754391493,1092
LightGBM,3,02336120,1.7832998153186934,1.322170928939266,-0.14983311845006508,1082
LightGBM,3,02336300,1.8268839843063676,1.367321867857209,-0.05192618377940089,1086
LightGBM,3,02336728,1.8540406938970797,1.382042298027247,-1.0270728526266666,1080
LightGBM,3,02397000,1.0505461228382034,0.8118856104054164,-0.09372348416276301,1087
LightGBM,3,02455980,1.5017540804501388,1.1095581484779216,-0.15203853875674325,1039
LightGBM,3,02458450,1.5650539745682273,1.1747522861304045,-0.18218454168276055,1088
LightGBM,3,02474560,1.461569669187896,1.1225296391134736,-0.0799695587720595,1082
LightGBM,3,03007800,1.7171003977412334,1.3364060942716123,0.008239639536194505,1082
LightGBM,3,03034000,1.80637827473814,1.4324730320006236,-0.1179225107457585,1058
LightGBM,3,03036000,0.9135736936324514,0.6694752708415787,-0.09612430214900215,1074
LightGBM,3,03047000,1.0682545633531149,0.8080082622484978,-0.012640914552549827,1088
LightGBM,3,03077500,0.45545251662821123,0.3377122745130513,0.10745521148963329,1019
LightGBM,3,03105500,1.6679089992979275,1.2689781253211847,-0.2824290467166974,1082
LightGBM,3,03106000,1.8441093846186136,1.435416632209539,-0.11439730752996939,1034
LightGBM,3,03301900,1.7951388291160921,1.3814585302899063,-0.14390051846380036,1063
LightGBM,3,03353200,1.9425970936272505,1.5330293996594992,-0.1511575329199915,1070
LightGBM,3,03456991,1.5301935709559473,1.1797842101634501,-0.12174942868820329,1069
LightGBM,3,04027000,1.6415116449591045,1.0731905372964246,-0.2787039348229987,1054
LightGBM,3,04043238,1.4379429289254357,1.0423768350921787,-0.22121712339356447,1076
LightGBM,3,04043244,1.368508486835752,1.0262776450736857,-0.12456844345381596,1079
LightGBM,3,04067500,1.1902923444570668,0.8224874196457251,-0.15938468290398858,1042
LightGBM,3,04077630,1.4852203251471654,1.0235818038569915,0.034008921991359235,1092
LightGBM,3,04124200,0.4767591628522618,0.3594459594934464,-0.057633570357261875,1090
LightGBM,3,04125460,1.2475417108811468,0.9714930601740392,-0.12996012383894628,1085
LightGBM,3,04137005,0.6975387990266448,0.506590258309975,-0.06487103985919951,1088
LightGBM,3,04176500,1.2563990504127627,0.9450963178584575,-0.09848618271068435,1083
LightGBM,3,04208000,1.5797375287512914,1.2364381252093295,-0.11064271609050548,1021
LightGBM,3,05054000,0.8819565948895736,0.5746677130389815,-0.1498170138719068,1068
LightGBM,3,05057000,1.4539929094527992,0.96639032828279,-0.09247990827060534,1062
LightGBM,3,05289800,1.4809095682324478,1.0784607698667,-0.0795123709365712,861
LightGBM,3,05331833,1.4895832256463095,1.1138410340002898,-0.08687506958170779,1034
LightGBM,3,05370000,0.8587195218216804,0.6228147870174822,-0.025279163725750186,1088
LightGBM,3,05382255,1.1176152632660097,0.8568026312693582,0.014247402365597583,1092
LightGBM,3,05382257,1.7747684549477265,1.3184722904762405,-0.22892047151817552,1082
LightGBM,3,05406457,1.125620447958271,0.8742874128399857,-0.0535569979414871,983
LightGBM,3,05458300,1.6608930752621571,1.194296274076336,-0.2716576612728518,1050
LightGBM,3,05517000,1.687087008293821,1.3264867025214548,-0.23900040549929338,1092
LightGBM,3,06036805,1.300171701448245,1.0259429982130517,-0.024195904737496037,1088
LightGBM,3,06036905,1.6418832409550006,1.2944397055038743,-0.08695733231035281,1092
LightGBM,3,06036940,1.7770188544307248,1.3660364571516548,0.6594283607298856,1090
LightGBM,3,06041000,0.9700539199056611,0.6591694349554836,-0.03507183353419725,1059
LightGBM,3,06623800,0.8010553379350558,0.5408610901860949,0.07744512658318757,920
LightGBM,3,06894000,1.5390114600983928,1.202758530893878,-0.12812089513433353,1064
LightGBM,3,06934500,0.9477786135927008,0.7440321151672401,-0.1457759869037902,864
LightGBM,3,07106000,1.7329721055251441,1.320737930922284,-0.11546861304160921,866
LightGBM,3,07178200,1.4823379214346146,1.1586441185021188,-0.0076049926787293415,907
LightGBM,3,07194880,1.2125449270092257,0.9381302697520677,-0.1880547722382659,513
LightGBM,3,07332622,2.0050236173194875,1.5326882051001962,0.02430404292940436,865
LightGBM,3,08048000,1.4985344761014459,1.125746356200049,-0.20357437190746722,830
LightGBM,3,08052700,2.35055767607146,1.790498713700692,-0.18166707098928456,754
LightGBM,3,08065350,1.3070038231300496,0.9897418417230139,-0.1504099201539587,898
LightGBM,3,08070200,1.5510333782514678,1.1881612890197868,-0.12729906401664726,1037
LightGBM,3,08123850,2.0719666323189077,1.5808547868286806,-0.029423979946268497,754
LightGBM,3,09136100,1.166765282164137,0.9225620559398072,-0.10280478167773424,1085
LightGBM,3,09144250,1.0470526166216292,0.8414031272486713,-0.04624717713537538,1090
LightGBM,3,09149500,1.1388905442634207,0.881524323048407,-0.0175884903318355,1092
LightGBM,3,09163500,0.9832553837192044,0.7493995886719793,-0.09631146692194241,1092
LightGBM,3,09180000,1.3002484384521589,0.9997848458310609,-0.10577950103042864,1086
LightGBM,3,09261000,1.1419973686992275,0.8452888901018072,-0.004171365943672035,1023
LightGBM,3,09302000,1.1713625684954883,0.8305726482902007,0.018488788125229295,1068
LightGBM,3,09380000,1.070836459442435,0.7548472243849302,-0.5748815551032822,1066
LightGBM,3,10129900,1.0684722370912378,0.7672511069341161,-0.08809958612701996,1071
LightGBM,3,10301500,1.555669308834274,1.1868024293960022,0.011473096378958315,1066
LightGBM,3,10351600,1.3129086688802047,1.0330022570124078,0.055431539863250584,1052
LightGBM,3,11262900,1.4069081277030968,1.100410211199953,-0.0257470939325553,652
LightGBM,3,11467000,0.89935878872469,0.7109425407115526,-0.12069264683034425,1092
LightGBM,3,11507500,1.2119781133324892,0.9389317697137369,-0.05663376614306301,1092
LightGBM,3,12056500,0.5978440495711382,0.4662606417309124,-0.07754462796197621,1065
LightGBM,3,12115000,0.5409414171158063,0.4204881646228873,-0.07682142048950989,1007
LightGBM,3,12117600,0.657760423755289,0.5187886292235443,-0.09814994763856648,1092
LightGBM,3,12210700,1.0306896141489783,0.817522771500047,-0.1290102050856131,967
LightGBM,3,12212050,1.0426260298526029,0.7728397029129586,-0.06215895102430937,962
LightGBM,3,12213100,1.1626022114770371,0.9223851695287439,-0.14184040270356507,1023
LightGBM,3,12363000,0.7945224325280057,0.6145085165600885,-0.0429799908394269,1057
LightGBM,3,12398600,0.5675503436349068,0.42652668536486754,-0.07771965531706089,1050
LightGBM,3,13018350,1.2858846920978102,0.958302297068679,0.015586572682145425,1063
LightGBM,3,13154500,0.5521040846410198,0.4317581674108705,-0.09526235073243103,1092
LightGBM,3,13317660,0.5217850109665694,0.411133973519077,0.03236921142623448,1092
LightGBM,3,13342500,0.8438518901059465,0.6480808225427821,-0.09478609384806766,1092
LightGBM,3,14091500,0.6006442145007245,0.46711684616917193,-0.047708851596437014,1092
LightGBM,3,14150800,1.2763169061268744,0.9877304168501281,-0.11060460861207394,1092
LightGBM,3,14151000,1.1328107813715884,0.7483803281874047,-0.03231308191192453,1064
LightGBM,3,14152000,0.6693325111029471,0.5235811631256487,-0.037554970723128814,1090
LightGBM,3,14153500,0.5576900802107274,0.41335959506833625,-0.04473742621749565,1082
LightGBM,3,14154500,1.2231441405995065,0.9450324910541333,-0.13974233197127006,1086
LightGBM,3,14159500,0.6038166469223977,0.4124977663386535,-0.07704149937962702,1080
LightGBM,3,14161500,0.8308282882673956,0.6329039269695479,0.08341671883720664,1086
LightGBM,3,14179000,0.8915954003377964,0.6940148323498022,-0.24107709675766267,979
LightGBM,3,14185000,1.0800972450989006,0.8299137406645442,-0.09800703434860526,1018
LightGBM,3,14210000,0.6017235479418062,0.446977297397989,-0.12969088769273712,1086
LightGBM,3,14211499,1.3622947601228281,1.0462443535365338,-0.12484975708402209,1082
LightGBM,3,14211500,1.4497891454900402,1.1167567348994123,-0.13487118951805535,1050
LightGBM,3,14320934,1.106415486147388,0.8575282622711812,-0.23608041569300772,1071
LightGBM,3,255534081324000,1.6865921863022084,1.3007545859472098,-0.16558482083565348,1059
LightGBM,7,01073319,1.8409568813249304,1.3331488707697379,-0.2052291110754927,954
LightGBM,7,01104415,1.6619339826912134,1.2958850488056861,-0.4818338198481422,939
LightGBM,7,01104455,1.7527341789375936,1.3210111735721517,-0.21753233325321175,835
LightGBM,7,01104475,1.7192981410004748,1.3376648776436437,-0.5441208475014532,1076
LightGBM,7,01129500,1.6843633036204386,1.1764880857755957,-0.350654912591819,1088
LightGBM,7,01400500,2.1131829103403152,1.6365393088978737,-0.2962560888159567,952
LightGBM,7,01408029,2.0151978638476407,1.5713149230108738,-0.5164233454924705,856
LightGBM,7,01425000,1.0599599034510514,0.7142644513595169,-0.09607132213312386,1056
LightGBM,7,01426500,1.40103635447888,1.078524869405217,0.1160295536787057,914
LightGBM,7,01427207,1.8612153090811256,1.4311904063146457,-0.023146614522757052,1063
LightGBM,7,01428500,2.0377935498973,1.5748108975260022,-0.007473848367005847,1054
LightGBM,7,01463500,1.788184553021872,1.4221513080572885,-0.14760994243433706,1062
LightGBM,7,01480617,1.928643587787769,1.5099667880303782,-0.3134699051618385,1076
LightGBM,7,01540500,1.7906591846921989,1.4083385585684554,-0.28491450826072834,911
LightGBM,7,01542500,2.060881403953277,1.6046225816767898,0.3392368274849646,1078
LightGBM,7,01549700,2.166132431630512,1.6773022779897226,-0.2885344349872688,1068
LightGBM,7,02110701,2.1632304470409576,1.6722447654674717,-0.3282913103219204,1037
LightGBM,7,02176930,1.9990900235896283,1.5531440925915103,-0.5478672102440448,1040
LightGBM,7,02266300,1.8467383235313957,1.4247258034713886,-0.5100866123548113,1072
LightGBM,7,02330450,1.7875805691467308,1.3425555289585138,-0.3443740586491127,1050
LightGBM,7,02334430,0.7700727332804681,0.6556632786830353,-0.6268131086256875,1088
LightGBM,7,02334885,2.039568027462029,1.5180723853120388,-0.4426459477921888,1088
LightGBM,7,02336120,2.126835174243491,1.5841077655452978,-0.23518703494415422,1080
LightGBM,7,02336300,2.1862173111189214,1.6598029026594012,-0.06236911258137928,1082
LightGBM,7,02336728,2.3865496769399273,1.8225787577715293,-1.4108812310770011,1076
LightGBM,7,02397000,1.5383159176592591,1.1921676820296163,-0.1962245067000797,1082
LightGBM,7,02455980,1.7499888974552233,1.286417570294706,-0.1557944956658204,1029
LightGBM,7,02458450,1.86530967888882,1.3872418288028163,-0.21876507834507244,1084
LightGBM,7,02474560,2.2586696735353837,1.7371196907490798,-0.06379641450482548,1074
LightGBM,7,03007800,2.108901578876574,1.6500162401875667,-0.0725274132816561,1078
LightGBM,7,03034000,2.197480079012631,1.7467926677714207,-0.29173245762425926,1054
LightGBM,7,03036000,1.4489762360169576,1.0953373436528118,-0.23959399093429773,1070
LightGBM,7,03047000,1.7504182223935891,1.3144985401727196,-0.10187309022164753,1085
LightGBM,7,03077500,0.7568122892824247,0.6026234602284545,0.3553941063339755,1010
LightGBM,7,03105500,2.1354715525236636,1.6135832861162258,-0.4742183928987563,1078
LightGBM,7,03106000,2.3559992945489165,1.8351355925380382,-0.21980654272831915,1023
LightGBM,7,03301900,2.0870716963259337,1.6154602414554107,-0.23868878312284805,1055
LightGBM,7,03353200,2.3454111036931145,1.851537616538811,-0.2873381551461301,1066
LightGBM,7,03456991,1.8761150900699595,1.4788943151308522,-0.24743696145881497,1060
LightGBM,7,04027000,2.011820729415779,1.3250504353259018,-0.43919869153099994,1047
LightGBM,7,04043238,1.7356940461760597,1.2451889320428546,-0.2560077868248354,1071
LightGBM,7,04043244,1.6595980991914865,1.2331987897773595,-0.13424173671886402,1071
LightGBM,7,04067500,1.7097986646793033,1.1669571400134857,-0.3094609665318072,1028
LightGBM,7,04077630,1.8651617636527882,1.3084326682685536,0.043953614986843234,1088
LightGBM,7,04124200,0.8475760230145585,0.6456154785758506,-0.13345335208495637,1086
LightGBM,7,04125460,1.571653316483034,1.2118960857002128,-0.1958038903162108,1080
LightGBM,7,04137005,1.2890518641081385,0.9410318686537023,-0.15707082239740514,1084
LightGBM,7,04176500,1.8776843213713246,1.419666349799001,-0.21587973843554428,1076
LightGBM,7,04208000,2.0155159200828807,1.5634819147149888,-0.22946613066790222,1008
LightGBM,7,05054000,1.5644609475099422,1.0411332164897087,-0.30220995410768814,1058
LightGBM,7,05057000,1.9643603317707632,1.3146514713754223,-0.14569713454420416,1052
LightGBM,7,05289800,1.883327591159619,1.4009561297908348,-0.195274551123437,832
LightGBM,7,05331833,1.758075573489786,1.3374979588420683,-0.06841934575803651,1022
LightGBM,7,05370000,1.2130479907942184,0.886529160706066,-0.07527652303729092,1084
LightGBM,7,05382255,1.4299208654559656,1.1230593190804055,-0.03477256146216432,1088
LightGBM,7,05382257,1.9055271141692103,1.4321919128935034,-0.3233551009276957,1078
LightGBM,7,05406457,1.3083450881190364,1.0201775722380866,-0.12631751944224373,971
LightGBM,7,05458300,2.1983220244742205,1.5887126713286344,-0.5534894017669828,1038
LightGBM,7,05517000,2.211483428442998,1.7544933485902106,-0.3760687257809553,1088
LightGBM,7,06036805,1.4753413649293696,1.180098003508495,-0.055210058126251974,1084
LightGBM,7,06036905,1.8178131661552936,1.4650147595715886,-0.14703385299436336,1088
LightGBM,7,06036940,2.06979048582902,1.5912202443521173,0.9304620528717032,1086
LightGBM,7,06041000,1.4723279506296758,1.0499436850301755,-0.11617148837772075,1056
LightGBM,7,06623800,0.9499787798517261,0.6323045735152589,0.09620147130464032,912
LightGBM,7,06894000,2.1339995367862077,1.693297670883258,-0.257610522278083,1057
LightGBM,7,06934500,1.5456524680439192,1.245561620526287,-0.3994376221726606,840
LightGBM,7,07106000,1.8258842791287442,1.4112644221021924,-0.17825509703541367,844
LightGBM,7,07178200,2.040589657059493,1.5906346745091453,0.010500445287745722,893
LightGBM,7,07194880,1.3971639032367564,1.0811728695198002,-0.2147775162046733,505
LightGBM,7,07332622,2.4456326773367936,1.8735007948482807,-0.0009951002488879368,848
LightGBM,7,08048000,2.0213283784016407,1.5476776983390097,-0.38345575327352666,799
LightGBM,7,08052700,2.7993928551839167,2.1060091125191667,-0.36737212735649255,736
LightGBM,7,08065350,2.1328687245805416,1.5929774288391636,-0.3032770891034511,874
LightGBM,7,08070200,2.245044565281341,1.6694565685414036,-0.20681613046351224,1027
LightGBM,7,08123850,2.4796383662021753,1.8848674637626326,0.0015112441044845882,735
LightGBM,7,09136100,1.383830726695844,1.1104009761815028,-0.16579610275225762,1080
LightGBM,7,09144250,1.3177758615127941,1.0777446108996769,-0.12192273971358873,1086
LightGBM,7,09149500,1.301758855263501,1.031946278057775,-0.05773965548230041,1088
LightGBM,7,09163500,1.384183646429166,1.1080106808532728,-0.20283470736203366,1088
LightGBM,7,09180000,1.6683320669868245,1.338693619038571,-0.1960940513708053,1082
LightGBM,7,09261000,1.5367410487777107,1.1767558892180454,-0.025485966568801487,1011
LightGBM,7,09302000,1.489690824265869,1.1275536161488475,0.06501546262502925,1060
LightGBM,7,09380000,2.256003099062487,1.5961029083460352,-1.371187682557788,1063
LightGBM,7,10129900,1.3171598907343263,0.9889657243552383,-0.10940540830720216,1067
LightGBM,7,10301500,1.8714599111140933,1.4971061662794436,0.04367382632221665,1060
LightGBM,7,10351600,1.7253971234484646,1.4026884375080693,0.15470858286545436,1037
LightGBM,7,11262900,1.6242110074098493,1.2901517583386302,-0.06347980293431653,643
LightGBM,7,11467000,1.282971612682578,1.0384831226142424,-0.19500340639241087,1088
LightGBM,7,11507500,1.7810962914039545,1.3879053504745484,-0.14155781667401832,1088
LightGBM,7,12056500,0.7795807967422882,0.6196905147356876,-0.13323657570686673,1057
LightGBM,7,12115000,0.6975961443828417,0.5309342962031421,-0.13530893242673037,991
LightGBM,7,12117600,0.8281571977821421,0.6490276808536163,-0.19307927594084504,1088
LightGBM,7,12210700,1.1968927320464187,0.9435346273936541,-0.16722343381683366,941
LightGBM,7,12212050,1.318459227061155,0.9723163093664782,-0.09379235712336849,938
LightGBM,7,12213100,1.3999756991714434,1.111500729900516,-0.2417012181292775,1013
LightGBM,7,12363000,0.9817591240300675,0.7586317881226292,-0.11946738283463126,1052
LightGBM,7,12398600,1.079626262067469,0.8355755271620959,-0.22537239090226688,1042
LightGBM,7,13018350,1.4283875788641467,1.0968571030775645,-0.031741378948654704,1055
LightGBM,7,13154500,0.8663715234968974,0.6901353962184927,-0.22517716566546064,1088
LightGBM,7,13317660,0.7751198816365217,0.6183019780101519,-0.018732207573409237,1088
LightGBM,7,13342500,1.13765468656871,0.8610282293212049,-0.18606769832862421,1088
LightGBM,7,14091500,0.6621925139230318,0.513627184776553,-0.07190707552335612,1088
LightGBM,7,14150800,1.6562159994305092,1.2742728477582006,-0.22424862431798664,1088
LightGBM,7,14151000,1.7456126370544451,1.3202532856798788,-0.20091325270368043,1056
LightGBM,7,14152000,0.9347790122470742,0.7461321060539637,-0.13275863302331853,1086
LightGBM,7,14153500,1.0903383431699307,0.8280107713036724,-0.14256242827380977,1078
LightGBM,7,14154500,1.7336031944395656,1.3376771824840001,-0.278498731058984,1082
LightGBM,7,14159500,0.8899367119843506,0.669681431015626,-0.1918300051171576,1076
LightGBM,7,14161500,1.100858782070685,0.846166644538585,0.17699331706214028,1082
LightGBM,7,14179000,1.1305047571633882,0.8847663567706101,-0.40717851527781523,967
LightGBM,7,14185000,1.409868473689672,1.0878548370534344,-0.16582048840862276,1006
LightGBM,7,14210000,1.0385710057605204,0.8180780763773196,-0.31334546523660606,1082
LightGBM,7,14211499,1.6783273725929257,1.2710336641061064,-0.21623622653561694,1074
LightGBM,7,14211500,1.8353242467791704,1.37680236722237,-0.24745659514155574,1045
LightGBM,7,14320934,1.527405594698631,1.18061944726367,-0.42513391129994144,1064
LightGBM,7,255534081324000,1.9415517536003386,1.4960177010581748,-0.25374024931869366,1049
LightGBM-ext,1,01073319,0.6063223226143474,0.4384378487143906,0.02633464222889967,970
LightGBM-ext,1,01104415,0.9403430238016968,0.7165946056136612,0.02507545131039224,961
LightGBM-ext,1,01104455,0.9320568279684855,0.6407690145865744,-0.05684625145698431,848
LightGBM-ext,1,01104475,0.7996155355384932,0.6083075538775184,-0.0007641426300564772,1086
LightGBM-ext,1,01129500,0.6253928974170948,0.44525856314915785,0.026980596984219066,1094
LightGBM-ext,1,01400500,0.6804578939994912,0.5183488690556066,0.002011824662063368,979
LightGBM-ext,1,01408029,0.8158117331867952,0.6154452818175646,-0.00046245092550722294,891
LightGBM-ext,1,01425000,0.46425561020832073,0.3308883172245869,-0.008426645504278733,1072
LightGBM-ext,1,01426500,0.763541994226423,0.5780461598347777,0.034117315282243245,932
LightGBM-ext,1,01427207,0.6723437441620538,0.5000074688638899,0.03755617616533718,1076
LightGBM-ext,1,01428500,0.5614031224504883,0.42561895047815096,0.027840312504359973,1066
LightGBM-ext,1,01463500,0.4749132367404165,0.3674452984629819,0.02589313804164858,1075
LightGBM-ext,1,01480617,0.794655790255161,0.6099223558701982,-0.02718045054076534,1085
LightGBM-ext,1,01540500,0.4281412954059115,0.3295835361991831,-0.010091877558847672,930
LightGBM-ext,1,01542500,0.6262026778037801,0.48356474358785856,0.011300209801733114,1087
LightGBM-ext,1,01549700,0.6747858178731495,0.5023232149401248,0.018709225288438772,1081
LightGBM-ext,1,02110701,0.6526507141995728,0.4925784828868335,-0.015769470141693113,1049
LightGBM-ext,1,02176930,0.7962683034955995,0.5940675889340372,0.044779444534524745,1053
LightGBM-ext,1,02266300,0.6016417322760276,0.42632775504148446,-0.037223465401693225,1083
LightGBM-ext,1,02330450,0.8016767149709623,0.5813971486448702,0.020913948132723684,1064
LightGBM-ext,1,02334430,0.27893079365409745,0.20701479214693572,0.028397957532130383,1094
LightGBM-ext,1,02334885,0.581351057308724,0.4188083700732529,-0.006661800932956218,1094
LightGBM-ext,1,02336120,0.7475721958277527,0.5385704864728307,0.01511899755367917,1086
LightGBM-ext,1,02336300,0.7732552334340578,0.5639966777627099,0.01991192258033718,1090
LightGBM-ext,1,02336728,0.5863976038698041,0.4081911831721153,-0.062250365208799084,1085
LightGBM-ext,1,02397000,0.4274731838615846,0.3276256074353199,0.017384780483910418,1088
LightGBM-ext,1,02455980,0.7499391767157402,0.5451551284536449,-0.014216157302616373,1051
LightGBM-ext,1,02458450,0.7635901654512994,0.55878406883974,-0.04014974247480293,1091
LightGBM-ext,1,02474560,0.5195716243025101,0.39635289359630255,-0.006292978750535811,1086
LightGBM-ext,1,03007800,0.7244353929927567,0.5558891136446725,0.012265508341845043,1087
LightGBM-ext,1,03034000,0.7984946452986892,0.6151608273105474,0.034393891006122744,1060
LightGBM-ext,1,03036000,0.591456398204908,0.43956075152093366,-0.019319483827478185,1079
LightGBM-ext,1,03047000,0.620784148555202,0.4728956318354409,-0.03537514378338028,1090
LightGBM-ext,1,03077500,0.3566608312239196,0.26886785778632105,-0.019501457078659405,1024
LightGBM-ext,1,03105500,0.6810204614438048,0.49809785605534856,-0.034177063348194155,1086
LightGBM-ext,1,03106000,0.7025768932812747,0.5366695879571061,-0.00045024881421116495,1041
LightGBM-ext,1,03301900,0.9009159020715419,0.6551753198589915,-0.023529816678948143,1068
LightGBM-ext,1,03353200,0.8388110037818242,0.6321760330055155,-0.01457840301454852,1073
LightGBM-ext,1,03456991,0.7667692858969691,0.5775187820737757,0.03689022358417799,1077
LightGBM-ext,1,04027000,0.6422093077571408,0.4187745335665044,-0.0003444657965543536,1061
LightGBM-ext,1,04043238,0.792985806227149,0.5612930233022422,0.026515082895870692,1081
LightGBM-ext,1,04043244,0.78121659196885,0.5726883302263123,0.028112240085103424,1083
LightGBM-ext,1,04067500,0.4469529154009995,0.31573635055452287,-0.021005468332462914,1050
LightGBM-ext,1,04077630,0.6561573491123528,0.4454174488564676,0.03354234365950849,1094
LightGBM-ext,1,04124200,0.3245975660467476,0.23843523305154762,-0.02474215675253071,1092
LightGBM-ext,1,04125460,0.5363642959171422,0.4194982059503001,-0.01812647190270784,1089
LightGBM-ext,1,04137005,0.38092927113569897,0.28140447368214533,-0.02252278933095735,1091
LightGBM-ext,1,04176500,0.46013762665973423,0.3430727424657733,-0.0156534401223568,1087
LightGBM-ext,1,04208000,0.6415252698585191,0.4920783883282097,-0.04446226691770284,1040
LightGBM-ext,1,05054000,0.36449291377167375,0.2320485435527059,-0.0331112346932147,1076
LightGBM-ext,1,05057000,0.527006377063651,0.3496193334043202,0.00894198085044315,1067
LightGBM-ext,1,05289800,0.7483654652353885,0.5365019691258407,-0.007679853734144462,887
LightGBM-ext,1,05331833,0.8110493399150722,0.5954010239013142,0.023124724972490213,1042
LightGBM-ext,1,05370000,0.45504098579065505,0.33338852835305816,-0.026292160120081138,1091
LightGBM-ext,1,05382255,0.6394072931800047,0.47921031436083816,0.030895275112538378,1094
LightGBM-ext,1,05382257,1.3078719778777872,0.9229536957796417,-0.018862547830555174,1085
LightGBM-ext,1,05406457,0.7882106857017772,0.5754197438502503,-0.01480342292965286,996
LightGBM-ext,1,05458300,0.6161493793279973,0.4452267502102351,-0.01627058263958953,1060
LightGBM-ext,1,05517000,0.6449282578403075,0.48731102262554504,-0.020076580086793108,1094
LightGBM-ext,1,06036805,0.8351377580957021,0.640851824458144,0.01608984816785276,1091
LightGBM-ext,1,06036905,0.9455077752066245,0.7239858523753999,-0.019842377233652356,1094
LightGBM-ext,1,06036940,1.1020508317170266,0.8353869247203403,0.0333924878736515,1092
LightGBM-ext,1,06041000,0.42865635028162197,0.2969706381686741,0.02817133616612232,1066
LightGBM-ext,1,06623800,0.6048593543175619,0.38946340999280576,0.10756685263483125,925
LightGBM-ext,1,06894000,0.5645143457600003,0.432202595066005,-0.046404165372991094,1072
LightGBM-ext,1,06934500,0.3466795888565456,0.2710289975059149,-0.017485445504428217,887
LightGBM-ext,1,07106000,1.182406750043527,0.8707289626004002,0.07852575632635425,896
LightGBM-ext,1,07178200,0.6255816032551157,0.45951142737338657,-0.03484470485391972,929
LightGBM-ext,1,07194880,0.8088623612594539,0.5940405137997442,-0.05774829535643599,517
LightGBM-ext,1,07332622,0.9172543915849507,0.6643266132734645,-0.05492585277928978,878
LightGBM-ext,1,08048000,0.6857386292987442,0.5208216967999278,-0.14478266624621783,850
LightGBM-ext,1,08052700,1.111896372088251,0.8116080980001169,-0.06839609596304268,789
LightGBM-ext,1,08065350,0.5120956463055765,0.38065892179058786,-0.05511685060017253,913
LightGBM-ext,1,08070200,0.6482563385920689,0.47951441326882427,-0.039957788675056914,1050
LightGBM-ext,1,08123850,0.901521604465277,0.6856774396531007,-0.04826852037924508,767
LightGBM-ext,1,09136100,0.7171918937579393,0.5446937773187921,0.0318105639713983,1089
LightGBM-ext,1,09144250,0.559051175665312,0.4275031384070561,0.02244450157948658,1092
LightGBM-ext,1,09149500,0.6757321210395603,0.49719159934248036,0.01897787951103495,1094
LightGBM-ext,1,09163500,0.41706027997541517,0.31423060256658,0.024093387259019675,1094
LightGBM-ext,1,09180000,0.6548859156127423,0.48061808631888836,0.028575885488089932,1089
LightGBM-ext,1,09261000,0.5192616333179699,0.366451843911086,0.0250019904958037,1032
LightGBM-ext,1,09302000,0.5888670645552101,0.40140872522673415,0.003114792140432153,1074
LightGBM-ext,1,09380000,0.3045980974492198,0.21375737125845573,-0.03453463355151752,1069
LightGBM-ext,1,10129900,0.62853203227728,0.4323286446951865,0.02803281152741932,1076
LightGBM-ext,1,10301500,0.8056527874755959,0.5808512546745007,0.07175051189778818,1074
LightGBM-ext,1,10351600,0.5253103665884575,0.3973987158538623,-0.03528669010951039,1062
LightGBM-ext,1,11262900,0.6825671832215825,0.49985051606922315,-0.062138955828289266,659
LightGBM-ext,1,11467000,0.3559038496173905,0.2755284990360118,-0.04837572880527187,1094
LightGBM-ext,1,11507500,0.4217168844621851,0.3169902567134198,0.024095387775906463,1094
LightGBM-ext,1,12056500,0.327217220677349,0.24624478541065586,0.014255515859556186,1069
LightGBM-ext,1,12115000,0.31502522948709943,0.23565435866092904,0.02336755082117509,1017
LightGBM-ext,1,12117600,0.364447672011386,0.2726381854653431,-0.0223241271462336,1094
LightGBM-ext,1,12210700,0.573912468375748,0.438495452031929,0.016630316438919,983
LightGBM-ext,1,12212050,0.4905426387211292,0.3639600558712146,-0.0456827503359592,979
LightGBM-ext,1,12213100,0.5938866201951328,0.4540903572767167,0.0014149080720316865,1041
LightGBM-ext,1,12363000,0.41446995728659874,0.31124788666444236,0.014674942749209633,1056
LightGBM-ext,1,12398600,0.29159270054938763,0.21987833723279027,-0.03721952457351677,1061
LightGBM-ext,1,13018350,0.7190389000448173,0.4852184725737858,0.07913683312174233,1067
LightGBM-ext,1,13154500,0.2731532130056108,0.20962559623165888,-0.04368368043115925,1094
LightGBM-ext,1,13317660,0.2231543722263239,0.17237132866545635,-0.02505302709585327,1094
LightGBM-ext,1,13342500,0.41264056229130985,0.3069364688940492,0.010411326174036051,1094
LightGBM-ext,1,14091500,0.390702444641256,0.29431331720976195,-0.018314109726209164,1094
LightGBM-ext,1,14150800,0.582085905775918,0.45375404509682793,0.017864510921311288,1094
LightGBM-ext,1,14151000,0.5268522251086523,0.3289993853918592,-0.022903717751597115,1073
LightGBM-ext,1,14152000,0.3473547688682272,0.2586585899775272,-0.024903514264368366,1092
LightGBM-ext,1,14153500,0.28974640843095795,0.22280818636517913,-0.06823759058377471,1086
LightGBM-ext,1,14154500,0.4974123608818809,0.3886897989654592,0.004811411421462509,1089
LightGBM-ext,1,14159500,0.356368034297802,0.24127036974251057,-0.017265395395380762,1085
LightGBM-ext,1,14161500,0.41262447374260225,0.3159606804051326,0.008279613335706497,1089
LightGBM-ext,1,14179000,0.4752170735944778,0.35330303313507483,0.0074317815459058875,985
LightGBM-ext,1,14185000,0.48605513593471583,0.3777360063297296,0.006040012729364341,1025
LightGBM-ext,1,14210000,0.3100921478361708,0.22925649112109814,0.004908914406938317,1088
LightGBM-ext,1,14211499,0.6217451957503122,0.46929312191100236,0.006582646624905746,1086
LightGBM-ext,1,14211500,0.6092392383111758,0.4628601903520309,-0.012510266024698437,1064
LightGBM-ext,1,14320934,0.47345169374809687,0.36087928873750436,-0.024431777950004587,1077
LightGBM-ext,1,255534081324000,0.7454178860223818,0.55749374438813,-0.06708940434690426,1068
LightGBM-ext,3,01073319,1.5617202101027587,1.130964736784252,0.09994666501632138,964
LightGBM-ext,3,01104415,1.5660558902847679,1.2430566288781462,0.015554106189033372,950
LightGBM-ext,3,01104455,1.523749535870716,1.1248099631594235,-0.12597567018620662,843
LightGBM-ext,3,01104475,1.4784674108049003,1.1814425601234317,-0.058817835933807065,1081
LightGBM-ext,3,01129500,1.4321477868631811,1.033029439852468,0.08369259273665343,1092
LightGBM-ext,3,01400500,1.8011172086623979,1.4080560503908768,-0.05465355040941296,955
LightGBM-ext,3,01408029,1.8519223904962963,1.4536301454817626,-0.026319462058711645,877
LightGBM-ext,3,01425000,0.9063629996515294,0.5971851375512648,-0.02050163676192587,1065
LightGBM-ext,3,01426500,1.2335073131971868,0.9576826741732501,0.06298356721215545,926
LightGBM-ext,3,01427207,1.5380183936686282,1.1726232554502223,0.061481362170600094,1070
LightGBM-ext,3,01428500,1.54561146460487,1.1849011145886756,0.08858569299054105,1059
LightGBM-ext,3,01463500,1.3461293183209166,1.0544743509331729,0.05571628279031886,1070
LightGBM-ext,3,01480617,1.7188561289721869,1.3648822005400003,-0.06430063842445632,1080
LightGBM-ext,3,01540500,1.2326184790881267,0.9614857367364503,0.02299265390042758,923
LightGBM-ext,3,01542500,1.6040112504896082,1.2611805118674346,-0.03816138222169007,1082
LightGBM-ext,3,01549700,1.7141702175340805,1.319605855927479,0.06080412136238773,1075
LightGBM-ext,3,02110701,1.772533916339294,1.3392557993652117,-0.02689636920601919,1047
LightGBM-ext,3,02176930,1.7019086099322438,1.276471401496714,0.11921834329046285,1048
LightGBM-ext,3,02266300,1.4970785161509859,1.1310402995231554,-0.15883869181596375,1078
LightGBM-ext,3,02330450,1.578245743355121,1.155292996282702,-0.007796510966084509,1058
LightGBM-ext,3,02334430,0.49381270800427746,0.3804470420985567,0.05682110838520158,1092
LightGBM-ext,3,02334885,1.6788998258393415,1.2438318634528551,-0.049659256887638344,1092
LightGBM-ext,3,02336120,1.827581290825711,1.362222884463151,0.009383425444016122,1082
LightGBM-ext,3,02336300,1.8717732119160804,1.4046655631428209,0.005478018326040944,1086
LightGBM-ext,3,02336728,1.1844783648921189,0.8918525550782843,-0.18187725144091804,1080
LightGBM-ext,3,02397000,1.1383039544014668,0.8890448440422312,0.002270849430627279,1087
LightGBM-ext,3,02455980,1.5310557338036916,1.139973817960016,-0.11320161175136306,1039
LightGBM-ext,3,02458450,1.5570918816051822,1.1813919849529084,-0.13453439922451385,1088
LightGBM-ext,3,02474560,1.471012255847576,1.1239584020722435,-0.07691853689041714,1082
LightGBM-ext,3,03007800,1.7783809693711203,1.3867637870466296,-0.002230349715567593,1082
LightGBM-ext,3,03034000,1.8529753448360293,1.4625861695243934,0.06525302987370696,1058
LightGBM-ext,3,03036000,1.1015716482171976,0.8149496934402432,-0.03582869190265131,1074
LightGBM-ext,3,03047000,1.321582748743394,0.99561113429984,-0.055081062317335214,1088
LightGBM-ext,3,03077500,0.7068109976887306,0.5217543939881402,-0.12326016255117922,1019
LightGBM-ext,3,03105500,1.6688340407901292,1.2922098245371583,-0.07991863987184712,1082
LightGBM-ext,3,03106000,1.8933499501907014,1.4835067492803289,-0.04345871151829273,1034
LightGBM-ext,3,03301900,1.8153038299109732,1.4116560441887784,-0.07463006330512326,1063
LightGBM-ext,3,03353200,1.9785707838121127,1.5588029269766894,-0.05987347148482846,1070
LightGBM-ext,3,03456991,1.6072749376191349,1.2232215544134906,0.10549603205351811,1069
LightGBM-ext,3,04027000,1.6432617730854964,1.0820947900227278,0.023507376223157603,1054
LightGBM-ext,3,04043238,1.5056268069734442,1.0871892736311999,0.06510288993674489,1076
LightGBM-ext,3,04043244,1.4497287137462007,1.0830437501843881,0.08178637599145576,1079
LightGBM-ext,3,04067500,1.2418369353435497,0.8659015466731529,0.008449702759746361,1042
LightGBM-ext,3,04077630,1.5582901415061288,1.0550364120090288,0.08186380893268387,1092
LightGBM-ext,3,04124200,0.6755902139224806,0.4826110093003596,-0.02641700542833156,1090
LightGBM-ext,3,04125460,1.3153991560868605,1.024158981964422,-0.009595918839375573,1085
LightGBM-ext,3,04137005,0.8834989113949171,0.634112437437521,-0.007014646055856638,1088
LightGBM-ext,3,04176500,1.2976780906052956,0.9829201385607399,-0.05222742815647525,1083
LightGBM-ext,3,04208000,1.6432780805557239,1.2848949219495773,-0.14925810307702067,1021
LightGBM-ext,3,05054000,1.0608257160206598,0.6823933780967738,-0.06322693929301336,1068
LightGBM-ext,3,05057000,1.5381622187356778,1.0242147980463068,0.02650698884803706,1062
LightGBM-ext,3,05289800,1.6522538078399405,1.2175492132565136,-0.041342370801741475,861
LightGBM-ext,3,05331833,1.5090260805197446,1.118027414867237,0.04294425445937038,1034
LightGBM-ext,3,05370000,0.9556854181840732,0.660809214410046,-0.04336227788032999,1088
LightGBM-ext,3,05382255,1.161059818630593,0.8965424118943996,0.023622015689856696,1092
LightGBM-ext,3,05382257,1.8545533717719038,1.3499865241329243,-0.057458261071562974,1082
LightGBM-ext,3,05406457,1.1416990672806193,0.8900136254577513,-0.06040541881844261,983
LightGBM-ext,3,05458300,1.7058478623520823,1.2102941894687047,-0.07466548990775604,1050
LightGBM-ext,3,05517000,1.7101731503872333,1.3448121140278344,-0.03674985197232443,1092
LightGBM-ext,3,06036805,1.3464150845816416,1.041801243175254,0.07365726976150865,1088
LightGBM-ext,3,06036905,1.656707593900968,1.2836790780785559,-0.02675301257228273,1092
LightGBM-ext,3,06036940,1.659829974379432,1.293300706861708,0.057138277807370574,1090
LightGBM-ext,3,06041000,1.064505083696456,0.7015680558574575,0.14034873541212647,1059
LightGBM-ext,3,06623800,0.9153552750873526,0.6195395100238518,0.23579891896814528,920
LightGBM-ext,3,06894000,1.6438252670586402,1.2978818254051205,-0.1162952929569423,1064
LightGBM-ext,3,06934500,0.9882391191121849,0.7632099430145364,-0.07069755644955099,864
LightGBM-ext,3,07106000,1.8527028942013486,1.3844710340108477,0.11573528928941074,866
LightGBM-ext,3,07178200,1.564023904469717,1.2276339333133874,-0.16083917995255145,907
LightGBM-ext,3,07194880,1.3181575745827985,1.022950676631988,-0.15146651757401292,513
LightGBM-ext,3,07332622,2.029860556958357,1.5530170200092879,-0.11761846895050761,865
LightGBM-ext,3,08048000,1.6821888267124792,1.2962624156290687,-0.4145746091016602,830
LightGBM-ext,3,08052700,2.4820751635132763,1.88842376095998,-0.15784122684559435,754
LightGBM-ext,3,08065350,1.478529673362393,1.1231417486836919,-0.20547255881855728,898
LightGBM-ext,3,08070200,1.6673837562282745,1.283719715173781,-0.16042472271617128,1037
LightGBM-ext,3,08123850,2.178249223813769,1.7094250011550594,-0.1380246572320821,754
LightGBM-ext,3,09136100,1.2041651711607508,0.9599022946636844,0.056808725235618876,1085
LightGBM-ext,3,09144250,1.0864212125010433,0.860654819027543,0.03692807106860094,1090
LightGBM-ext,3,09149500,1.178573279160919,0.9066472969269733,0.04066336693040838,1092
LightGBM-ext,3,09163500,1.0256673932043348,0.7914762598636411,0.051534451720137694,1092
LightGBM-ext,3,09180000,1.3233984853942273,1.0233192788919026,0.060916690654479945,1086
LightGBM-ext,3,09261000,1.193302482295279,0.8773649652712314,0.05935721788390647,1023
LightGBM-ext,3,09302000,1.2220633088571318,0.8642861172495461,-0.04027338343404125,1068
LightGBM-ext,3,09380000,0.5810251693970607,0.40857475994779485,-0.10022208498586309,1066
LightGBM-ext,3,10129900,1.1233761593235232,0.794385295352546,0.09961820506604976,1071
LightGBM-ext,3,10301500,1.5937753632013087,1.2012856987213587,0.12447648521864489,1066
LightGBM-ext,3,10351600,1.3024042244088465,1.0239368949467786,-0.07760547369835771,1052
LightGBM-ext,3,11262900,1.4945113362634899,1.1667517181105342,-0.24736930334356272,652
LightGBM-ext,3,11467000,0.983695518599649,0.7667812616116488,-0.13480144294353097,1092
LightGBM-ext,3,11507500,1.2895229045181074,0.9776169149104694,0.08651206363991497,1092
LightGBM-ext,3,12056500,0.6161933311697693,0.4790500097997815,0.0004027482655985582,1065
LightGBM-ext,3,12115000,0.608415168398434,0.4603696640284734,0.15987934429688305,1007
LightGBM-ext,3,12117600,0.6809587722945347,0.5421651113369913,-0.04899194135754629,1092
LightGBM-ext,3,12210700,1.0510624778556892,0.8195504457266938,0.003399923775919088,967
LightGBM-ext,3,12212050,1.049940179572307,0.7932828987652468,-0.09878933961803425,962
LightGBM-ext,3,12213100,1.1824665740010476,0.9230714653169592,-0.045716164017886876,1023
LightGBM-ext,3,12363000,0.8338759411705745,0.6312699481780717,0.03458797789324557,1057
LightGBM-ext,3,12398600,0.6506656100512705,0.49408365739168925,-0.02910890910953436,1050
LightGBM-ext,3,13018350,1.3646062315280456,0.9745877704875479,0.1963821968005048,1063
LightGBM-ext,3,13154500,0.6124568694755368,0.48587120943406364,-0.06245320081841387,1092
LightGBM-ext,3,13317660,0.5589944981176714,0.4404071771616638,-0.10581294284395135,1092
LightGBM-ext,3,13342500,0.9056881030582465,0.6887488165752863,0.044785068720357715,1092
LightGBM-ext,3,14091500,0.7029194693362838,0.5344169053792774,-0.049439876126266,1092
LightGBM-ext,3,14150800,1.3149992373051946,1.0139030872840484,-0.03516670598057407,1092
LightGBM-ext,3,14151000,1.1674073541825627,0.7845855372594083,-0.10693205703026931,1064
LightGBM-ext,3,14152000,0.7183832751921903,0.5599415190391137,-0.10073198069730419,1090
LightGBM-ext,3,14153500,0.669080443319297,0.5123485250506465,-0.19605095938387124,1082
LightGBM-ext,3,14154500,1.2504164861838942,0.9598807460060105,-0.04492058358038984,1086
LightGBM-ext,3,14159500,0.6490261185053062,0.46905016994499915,-0.09152655485784088,1080
LightGBM-ext,3,14161500,0.8491639337426937,0.6518130966662573,-0.021977836122784523,1086
LightGBM-ext,3,14179000,0.8982096641445362,0.6895323486690575,0.01234403680967651,979
LightGBM-ext,3,14185000,1.1318078938922105,0.8682000008678892,-0.0456312945587948,1018
LightGBM-ext,3,14210000,0.6669155773551649,0.4991514068412538,-0.0510954444880704,1086
LightGBM-ext,3,14211499,1.3934371082745383,1.0780386310812542,-0.010282992503113446,1082
LightGBM-ext,3,14211500,1.507937438922304,1.1652551877534247,-0.05220250346448258,1050
LightGBM-ext,3,14320934,1.131530158442818,0.8762210740099932,-0.0940937697752288,1071
LightGBM-ext,3,255534081324000,1.7494137690232643,1.3419669554725373,-0.20605276612612122,1059
LightGBM-ext,7,01073319,1.946399293147138,1.4340914431739944,0.20323397898312456,954
LightGBM-ext,7,01104415,1.6828997223161235,1.3264715001508345,-0.0022797979233584653,939
LightGBM-ext,7,01104455,1.8346247661427229,1.3628681131606373,-0.25036415497013537,835
LightGBM-ext,7,01104475,1.645410387490928,1.2772153282838563,-0.10592021457905058,1076
LightGBM-ext,7,01129500,1.7346054531133657,1.26392807396702,0.19564695393258277,1088
LightGBM-ext,7,01400500,2.220169290402552,1.7141756505260393,-0.1264906404193733,952
LightGBM-ext,7,01408029,2.12440834543051,1.6666945618096825,-0.055911917505113845,856
LightGBM-ext,7,01425000,1.3347652020793537,0.8574397907534704,0.03414919440404762,1056
LightGBM-ext,7,01426500,1.4767208998378196,1.14065242426628,0.1277982467905536,914
LightGBM-ext,7,01427207,1.9843789999652006,1.5220718570605527,0.13055939452060666,1063
LightGBM-ext,7,01428500,2.1886361203729288,1.6966863550198095,0.18880697931415413,1054
LightGBM-ext,7,01463500,1.9601462082854955,1.5470167357392621,0.07005863070206,1062
LightGBM-ext,7,01480617,2.0289056413570234,1.5852117834071964,-0.05711959709738312,1076
LightGBM-ext,7,01540500,1.9109417605346188,1.5097166934985957,0.042532409524863354,911
LightGBM-ext,7,01542500,2.119082467558614,1.6467247069695181,-0.06026607961322397,1078
LightGBM-ext,7,01549700,2.288584196306511,1.7810498366028151,0.08672649617682636,1068
LightGBM-ext,7,02110701,2.3065232994422566,1.7663663014928832,-0.08194210193065252,1037
LightGBM-ext,7,02176930,2.1441804967236546,1.6448857980779477,0.21502515898266467,1040
LightGBM-ext,7,02266300,1.8902584844739965,1.4237782007756543,-0.28016830190269476,1072
LightGBM-ext,7,02330450,1.951606907386194,1.4615310875819818,0.00802891698414313,1050
LightGBM-ext,7,02334430,0.6623955613595268,0.5463257595018484,0.06252725588016471,1088
LightGBM-ext,7,02334885,2.186532347063669,1.6623093381571392,-0.03622033306246635,1088
LightGBM-ext,7,02336120,2.308403648512174,1.7549461554134234,0.04257465365677289,1080
LightGBM-ext,7,02336300,2.363767889858379,1.814880127289598,0.019381285919859798,1082
LightGBM-ext,7,02336728,1.4993323756976369,1.1471549244939472,-0.2512679849992867,1076
LightGBM-ext,7,02397000,1.6283468299646562,1.2852282520510865,0.0031263694271548583,1082
LightGBM-ext,7,02455980,1.886033000282231,1.3925502948307151,-0.14504187007423716,1029
LightGBM-ext,7,02458450,1.950084561378415,1.4739027167896672,-0.1851450060224188,1084
LightGBM-ext,7,02474560,2.270242528129588,1.7157930771877687,-0.13370637247680495,1074
LightGBM-ext,7,03007800,2.2319073802684746,1.7510690307634744,0.038520311753417726,1078
LightGBM-ext,7,03034000,2.272509679849316,1.7867942882371297,0.11104767949390289,1054
LightGBM-ext,7,03036000,1.5949543588045207,1.2172563403432586,-0.05270325330934857,1070
LightGBM-ext,7,03047000,1.9559056679663473,1.4999291407170263,-0.07469595961815381,1085
LightGBM-ext,7,03077500,1.1249092972739603,0.7923567293883014,-0.24898004634079104,1010
LightGBM-ext,7,03105500,2.1453005758096904,1.651079498171516,-0.11577323856245988,1078
LightGBM-ext,7,03106000,2.478564039794524,1.9408322888428344,-0.057533617742230626,1023
LightGBM-ext,7,03301900,2.148688451617047,1.657637048728053,-0.11187319436057108,1055
LightGBM-ext,7,03353200,2.423464652635268,1.9215293998655363,-0.04161857361688375,1066
LightGBM-ext,7,03456991,2.060547819616202,1.5948281060902174,0.11408539187187187,1060
LightGBM-ext,7,04027000,2.0305583402656193,1.3877848302992788,0.08593944974843737,1047
LightGBM-ext,7,04043238,1.8500096775059025,1.369308172520903,0.1764834847380805,1071
LightGBM-ext,7,04043244,1.777901036276898,1.3504935581298156,0.1984419686708409,1071
LightGBM-ext,7,04067500,1.8527809612681776,1.3159523295945872,0.08579412567122986,1028
LightGBM-ext,7,04077630,1.9968874785729187,1.4083561145641517,0.22774107188768045,1088
LightGBM-ext,7,04124200,1.0922891146372058,0.7931499468734157,-0.059622178933631156,1086
LightGBM-ext,7,04125460,1.6505971427741446,1.299039166355193,0.03919352307710785,1080
LightGBM-ext,7,04137005,1.4871525943468484,1.0552983604847184,-0.03384441673221667,1084
LightGBM-ext,7,04176500,1.9708193370380864,1.5041710184117247,-0.12915503827092611,1076
LightGBM-ext,7,04208000,2.1219714063108857,1.6706217007555249,-0.18999948345985587,1008
LightGBM-ext,7,05054000,1.7970628932918935,1.2069663825360364,-0.1274111015837105,1058
LightGBM-ext,7,05057000,2.155611368931043,1.4568742618173547,0.029463001232801656,1052
LightGBM-ext,7,05289800,2.239705833088561,1.6975382892516608,-0.08367228589638122,832
LightGBM-ext,7,05331833,1.7898150972579967,1.3770976428206088,0.09178715366543337,1022
LightGBM-ext,7,05370000,1.3392080662140442,0.9037472914178244,-0.061906115401167396,1084
LightGBM-ext,7,05382255,1.4966573543110877,1.1703603776539817,0.010652695042962873,1088
LightGBM-ext,7,05382257,2.050150059921821,1.5164339549578265,-0.15223529409081463,1078
LightGBM-ext,7,05406457,1.3091098768080018,1.036718328767057,-0.13435240745907676,971
LightGBM-ext,7,05458300,2.2515633533174237,1.6295304466036258,-0.1512233312844638,1038
LightGBM-ext,7,05517000,2.267889653212289,1.8103242533772714,0.00871461984123308,1088
LightGBM-ext,7,06036805,1.5155578044946194,1.1942601879034336,0.08504651381830916,1084
LightGBM-ext,7,06036905,1.8365360314300418,1.447362484031309,-0.05439132529363436,1088
LightGBM-ext,7,06036940,1.882514155427926,1.4779153103966436,0.052420712667145306,1086
LightGBM-ext,7,06041000,1.6361243649900497,1.1080180860074815,0.247946527494401,1056
LightGBM-ext,7,06623800,1.1667127820823877,0.7912756108734217,0.3810818338265918,912
LightGBM-ext,7,06894000,2.3229211572808555,1.8323248977026705,-0.20083092794701607,1057
LightGBM-ext,7,06934500,1.585164897654188,1.2647000363453285,-0.1580915164243833,840
LightGBM-ext,7,07106000,1.8974994450646534,1.4596089641315642,-0.00806469077294592,844
LightGBM-ext,7,07178200,2.2065872193560696,1.7312023480854748,-0.2591876335987228,893
LightGBM-ext,7,07194880,1.5329028425616051,1.2109197299019876,-0.15365920150472379,505
LightGBM-ext,7,07332622,2.560836605472181,1.96361165510642,-0.14810627887372943,848
LightGBM-ext,7,08048000,2.349877754315441,1.855477143486006,-0.7046314820938059,799
LightGBM-ext,7,08052700,2.9864812494094903,2.2726213359933656,-0.2825548753671189,736
LightGBM-ext,7,08065350,2.2726995341738516,1.7302794229549667,-0.31377224803067777,874
LightGBM-ext,7,08070200,2.3725092492227184,1.793530010722668,-0.23204542517513613,1027
LightGBM-ext,7,08123850,2.6214757745977177,2.0553463570741686,-0.2185005438845717,735
LightGBM-ext,7,09136100,1.4271298269372261,1.1330848112083627,0.05310365172810722,1080
LightGBM-ext,7,09144250,1.323061545320579,1.050753952588127,0.05907253917289436,1086
LightGBM-ext,7,09149500,1.3422235890653387,1.0534728907299675,0.04940741187463215,1088
LightGBM-ext,7,09163500,1.3991469143992556,1.1128007277994367,0.0257106087789552,1088
LightGBM-ext,7,09180000,1.6484906251071185,1.307775716146897,0.02163398492938897,1082
LightGBM-ext,7,09261000,1.6160095261730245,1.203615911069897,0.08133163547548113,1011
LightGBM-ext,7,09302000,1.5061249369063159,1.1374731001027905,-0.029980906484573164,1060
LightGBM-ext,7,09380000,0.7444346079409867,0.5549102472446633,-0.2132597856627006,1063
LightGBM-ext,7,10129900,1.4020751201154782,1.0224226068989242,0.09646525782437934,1067
LightGBM-ext,7,10301500,1.9435144836376737,1.5251509073116705,0.06816485184710185,1060
LightGBM-ext,7,10351600,1.6661456807971595,1.3218548101433445,-0.18245475129775213,1037
LightGBM-ext,7,11262900,1.7994991849967579,1.4288543181006192,-0.4351947038752421,643
LightGBM-ext,7,11467000,1.411356334370779,1.1056497782633965,-0.20326883265026985,1088
LightGBM-ext,7,11507500,1.886534509569194,1.4401982913560805,0.06435506400720202,1088
LightGBM-ext,7,12056500,0.8101370225152659,0.6267841064369575,-0.04782737117538192,1057
LightGBM-ext,7,12115000,0.8046016041094156,0.6105369180016389,0.2689371063418759,991
LightGBM-ext,7,12117600,0.8728420764293804,0.6859024171931905,-0.0794054324190747,1088
LightGBM-ext,7,12210700,1.2433602425882755,0.9716347132261453,0.04484702621930827,941
LightGBM-ext,7,12212050,1.3724986543196862,1.0606948211335874,-0.09796535299746172,938
LightGBM-ext,7,12213100,1.4193066612687901,1.1081542950714411,-0.05907885201732424,1013
LightGBM-ext,7,12363000,1.0174731663654306,0.7816117559168766,0.10299081377812747,1052
LightGBM-ext,7,12398600,1.079920264473374,0.8360859962400462,0.023938270121457283,1042
LightGBM-ext,7,13018350,1.5396607390664905,1.154714705297263,0.24983426291716193,1055
LightGBM-ext,7,13154500,0.9677009130399149,0.7613163243493026,-0.08844196850684899,1088
LightGBM-ext,7,13317660,0.7998711514145903,0.642896660540452,-0.17824626427939438,1088
LightGBM-ext,7,13342500,1.2932083097283047,0.9726296916205865,0.10853595144906376,1088
LightGBM-ext,7,14091500,0.7794146277122893,0.593844236279303,-0.018215040358965078,1088
LightGBM-ext,7,14150800,1.689510101485632,1.2978992022019284,-0.10550586579532871,1088
LightGBM-ext,7,14151000,1.6112448323022055,1.16640259954432,-0.19783763708100902,1056
LightGBM-ext,7,14152000,1.0258999224806942,0.8053917594937227,-0.21069034494977587,1086
LightGBM-ext,7,14153500,1.1041220784924743,0.8358532665481018,-0.3321482962003773,1078
LightGBM-ext,7,14154500,1.6700215646102496,1.2955022369234894,-0.13891869272991486,1082
LightGBM-ext,7,14159500,0.9456012430212065,0.6969907820984829,-0.15333529621181785,1076
LightGBM-ext,7,14161500,1.1325600995681075,0.8731081486786859,-0.04959141885481363,1082
LightGBM-ext,7,14179000,1.1063871588292913,0.870339898704441,0.028835304646739345,967
LightGBM-ext,7,14185000,1.4743316709799532,1.1503723409368862,-0.11664644447287548,1006
LightGBM-ext,7,14210000,1.0268565099661962,0.797668485043061,-0.11111360147566482,1082
LightGBM-ext,7,14211499,1.72991992560958,1.3192546747285492,-0.010958930130545285,1074
LightGBM-ext,7,14211500,1.910326076010837,1.4525393976934395,-0.05892250167602048,1045
LightGBM-ext,7,14320934,1.5363443929413831,1.1993310228038667,-0.1970348646607209,1064
LightGBM-ext,7,255534081324000,2.075752438225381,1.574849473019038,-0.31939877982771714,1049
Persistence,1,01073319,0.9018709083759595,0.6524742349214161,-0.012680411953287027,970
Persistence,1,01104415,1.1688330206614252,0.9151925038968859,0.0038501534079909945,961
Persistence,1,01104455,1.1004448031293566,0.7520047167562088,0.00459905559161924,848
Persistence,1,01104475,1.0043918349982714,0.7812154762872235,-0.0005524861000299893,1086
Persistence,1,01129500,0.8661678892990187,0.6136197491227164,-0.001188299773598066,1094
Persistence,1,01400500,1.051711978426769,0.8023493680589289,0.002962206575003537,979
Persistence,1,01408029,1.1827178630300377,0.9141414167838199,-0.003703706058455102,891
Persistence,1,01425000,0.4247145785816727,0.29057837199808945,-0.0015858211624088573,1072
Persistence,1,01426500,0.8473450108615179,0.635085846429347,-0.006974249438666479,932
Persistence,1,01427207,0.9486440962690906,0.7174721086557027,0.0001858736502636764,1076
Persistence,1,01428500,0.8628185836595035,0.6539399699355156,-0.004971859015622237,1066
Persistence,1,01463500,0.7221994678972922,0.5658604624936747,0.005116279735121616,1075
Persistence,1,01480617,1.1094649291433334,0.8623041419938962,-0.005714285977974466,1085
Persistence,1,01540500,0.6526208332878207,0.5008602142173757,-0.02989247415655403,930
Persistence,1,01542500,0.9433005864273646,0.7275988991614757,-0.0050597965662481596,1087
Persistence,1,01549700,0.9883643035342117,0.7540240408947465,0.00397779829076437,1081
Persistence,1,02110701,1.0655002456248892,0.7860819886592141,0.002097236189646762,1049
Persistence,1,02176930,1.0497908303935768,0.7795821478110999,0.007312440464639256,1053
Persistence,1,02266300,0.8836778115768776,0.6328716797621736,0.005540165324400446,1083
Persistence,1,02330450,0.9981608972987934,0.7205827080441597,0.001973685017205719,1064
Persistence,1,02334430,0.21135499330583804,0.14652649794025874,-9.140715520604219e-05,1094
Persistence,1,02334885,0.9672517087259804,0.7104204768890436,0.0032906758937800823,1094
Persistence,1,02336120,1.1232680510573618,0.8220994473601354,0.0007366484260910343,1086
Persistence,1,02336300,1.1540356120518223,0.8583486423579925,0.00678899091318113,1090
Persistence,1,02336728,0.7304187448184373,0.511336420648109,0.004608294930875576,1085
Persistence,1,02397000,0.6521246403793362,0.5046874889556099,-0.002297794117647059,1088
Persistence,1,02455980,1.0221896139082174,0.7372026788292331,0.011227399025725593,1051
Persistence,1,02458450,1.025946618444381,0.7542621427233562,0.0061411547289322976,1091
Persistence,1,02474560,0.7930696503990492,0.6065377438265974,0.003959482765549015,1086
Persistence,1,03007800,1.0649686302363421,0.8057957680239629,-0.005059798211270554,1087
Persistence,1,03034000,1.1399643977528553,0.886886789973052,0.01141509807334756,1060
Persistence,1,03036000,0.5215024358641495,0.36265059899576735,-0.004170527824988732,1079
Persistence,1,03047000,0.6395884632153676,0.44963302464660154,-0.003211008736846644,1090
Persistence,1,03077500,0.2612694473245123,0.18730469420552254,0.0005859388038516045,1024
Persistence,1,03105500,1.0034241374922035,0.7665745750014734,-0.001012891915182602,1086
Persistence,1,03106000,1.125044554782795,0.8649375431676191,0.008069162524513736,1041
Persistence,1,03301900,1.2030314561258206,0.9054307278510783,0.011423219902238596,1068
Persistence,1,03353200,1.2386972624078563,0.9517241261156496,-0.003727868129911538,1073
Persistence,1,03456991,1.0044377045404156,0.7671309393539181,0.0007428045392368497,1077
Persistence,1,04027000,0.9987598320379923,0.63289348579571,0.0010367577770877625,1061
Persistence,1,04043238,0.9669085452405644,0.6949121353391362,0.0003700278540875049,1081
Persistence,1,04043244,0.9592096160595337,0.7153277864966916,-0.0017543858878610317,1083
Persistence,1,04067500,0.6383759180061542,0.42609523672433125,0.0005714291617983864,1050
Persistence,1,04077630,0.9137033199651391,0.5836380419799789,-0.0008226691368946864,1094
Persistence,1,04124200,0.24483680161580396,0.16794873026264456,-0.00201465096665826,1092
Persistence,1,04125460,0.7623425713432186,0.5934802528857309,-0.0022956836759989363,1089
Persistence,1,04137005,0.39736759252940973,0.28368470102794446,-0.003024748057864545,1091
Persistence,1,04176500,0.6792901714357269,0.5017479255644685,-0.006807727860878012,1087
Persistence,1,04208000,0.9977281779420034,0.7730769089996241,-0.00807692314713047,1040
Persistence,1,05054000,0.4576893468863299,0.28345725230429475,-0.003531598378679123,1076
Persistence,1,05057000,0.8126633798960204,0.5069353278680951,9.372072065669795e-05,1067
Persistence,1,05289800,0.8809521166933494,0.6243517381278746,-0.0175873756727882,887
Persistence,1,05331833,0.9708169491122366,0.7194817440294716,0.0022072936202651478,1042
Persistence,1,05370000,0.47501267983257706,0.330980774134698,-0.0008249304690129378,1091
Persistence,1,05382255,0.7259300308042816,0.5423217524912283,0.0010054843735215432,1094
Persistence,1,05382257,1.451085731970008,1.0223963133201073,-0.004884793242001863,1085
Persistence,1,05406457,0.8130091893319293,0.5995983957765572,0.003614460129335702,996
Persistence,1,05458300,0.9529943202050469,0.663490588906801,0.0034905658296819,1060
Persistence,1,05517000,0.9778348059821093,0.7581353005042242,-0.0034734916207559367,1094
Persistence,1,06036805,0.9466473299007969,0.7221814781345434,-0.0008249309060772442,1091
Persistence,1,06036905,1.096516840968133,0.8225776918191579,-0.0015539303558182237,1094
Persistence,1,06036940,1.1937029599048272,0.9075091487758762,-0.00201465096665826,1092
Persistence,1,06041000,0.5480307625583096,0.3622889277188013,0.009756098209581501,1066
Persistence,1,06623800,0.63287417915005,0.3681081023329013,0.008756756355633607,925
Persistence,1,06894000,0.9202378566612333,0.6894589800443223,-0.0030783594989064913,1072
Persistence,1,06934500,0.5062517987355332,0.3965050628599884,-0.003945884930039205,887
Persistence,1,07106000,1.2778722957165458,0.943638387086269,-0.005691964777984789,896
Persistence,1,07178200,0.8709891972427972,0.640904202143009,-0.018083962480526565,929
Persistence,1,07194880,0.8838547626763904,0.6646034878965043,-0.03404255208471066,517
Persistence,1,07332622,1.2507173180315965,0.8932801555154807,-0.019931666128727734,878
Persistence,1,08048000,0.8133373539590828,0.5883529573328354,-0.004117649302763098,850
Persistence,1,08052700,1.5181829994807852,1.1210392944335332,-0.015842834579627322,789
Persistence,1,08065350,0.6863957079282977,0.5159911942246971,0.0036144569956851553,913
Persistence,1,08070200,0.8814490274238728,0.6504761904761904,-0.002095237005324591,1050
Persistence,1,08123850,1.2824814924839019,0.997262046421056,-0.04941329869017918,767
Persistence,1,09136100,0.8254669936366782,0.622589528464855,0.0011019298415100827,1089
Persistence,1,09144250,0.6919672570646621,0.530677660672001,-0.0013736263190433657,1092
Persistence,1,09149500,0.8245767727946807,0.6162705628211581,-0.0010968921280430266,1094
Persistence,1,09163500,0.5834007907275244,0.4397623466167742,-9.140767960705313e-05,1094
Persistence,1,09180000,0.7829038890999304,0.5793388449716065,0.0013774093941770857,1089
Persistence,1,09261000,0.6686284271918365,0.48517443413680145,0.008430233319080615,1032
Persistence,1,09302000,0.7139146659385927,0.47067040112043,0.003817506786609273,1074
Persistence,1,09380000,0.2943814367903807,0.19550982270985703,0.0003741824593468176,1069
Persistence,1,10129900,0.7035623772861025,0.4689591262198735,0.0029739771855364946,1076
Persistence,1,10301500,0.9722787225564732,0.706890144439161,0.00204841780096459,1074
Persistence,1,10351600,0.7646805521579156,0.5846515977001011,0.006120529776463626,1062
Persistence,1,11262900,0.8822305979304569,0.6619120208554998,-0.004552352048558422,659
Persistence,1,11467000,0.4820356077771934,0.3800731245734792,-0.002559415165205542,1094
Persistence,1,11507500,0.6549906893975612,0.49341864437137267,-0.0016453381648229288,1094
Persistence,1,12056500,0.3841820941909616,0.2892422787601196,-0.0011225438095678003,1069
Persistence,1,12115000,0.3246660701287848,0.23775809411336774,0.0009832845207746988,1017
Persistence,1,12117600,0.40054806461880726,0.30530163792849024,-0.0016453383827558165,1094
Persistence,1,12210700,0.6649792230703061,0.5127161866165736,0.005086470111097955,983
Persistence,1,12212050,0.5902424077651536,0.4397344082685243,-0.005209396516217397,979
Persistence,1,12213100,0.7554413562158364,0.5708933695363495,-0.008741594757974204,1041
Persistence,1,12363000,0.4924524934312801,0.36202651173384354,0.0010416671407945228,1056
Persistence,1,12398600,0.2957123724705514,0.21489162021206865,0.0028275196334306752,1061
Persistence,1,13018350,0.8524621051981298,0.5673851880202141,0.0014995314257661091,1067
Persistence,1,13154500,0.3119936536107533,0.23574040794721252,-0.00027422320908122784,1094
Persistence,1,13317660,0.3037998272596987,0.23025594398352084,-9.140759107181751e-05,1094
Persistence,1,13342500,0.49854448068525,0.3723034539431933,-0.0006398535733684979,1094
Persistence,1,14091500,0.4420535411416429,0.33820840427600923,0.00018281561800941035,1094
Persistence,1,14150800,0.752582396349231,0.5850091398960929,0.0,1094
Persistence,1,14151000,0.5546801584917591,0.3201304699701343,0.0032618816834349335,1073
Persistence,1,14152000,0.36655009344641076,0.2789377340903649,-0.00036630045363317916,1092
Persistence,1,14153500,0.26868481975222636,0.1878453187960068,-0.0005524865391065622,1086
Persistence,1,14154500,0.6939857093027652,0.5318640981714479,-0.004040404565844435,1089
Persistence,1,14159500,0.33074417733952366,0.2030414893330517,-0.004884792802520611,1085
Persistence,1,14161500,0.4791617158001808,0.3690541613747813,0.0002754827066777057,1089
Persistence,1,14179000,0.553383696197034,0.41055838601843353,0.0067005089696893835,985
Persistence,1,14185000,0.62694770710653,0.48029268311291207,0.007121952336008956,1025
Persistence,1,14210000,0.34506766802397837,0.24715073625831044,-0.0013786755940493416,1088
Persistence,1,14211499,0.8036117927140988,0.6142725778493214,0.0011970527044756418,1086
Persistence,1,14211500,0.8386291607971835,0.6489661633968353,-0.006109024573089485,1064
Persistence,1,14320934,0.6006109561931723,0.45097495143681404,-0.0017641593486817765,1077
Persistence,1,255534081324000,1.0111874435207924,0.7448501997672663,0.0010299611180909116,1068
Persistence,3,01073319,1.9403527919144878,1.3604772000639271,-0.044709542943976235,964
Persistence,3,01104415,1.93410659494561,1.499473662564629,-0.0013684212534051192,950
Persistence,3,01104455,1.724655493940072,1.2380782932856187,0.020759190528842477,843
Persistence,3,01104475,1.7941445641822296,1.4080481403520215,-0.0073080477507218074,1081
Persistence,3,01129500,1.7650218933761253,1.239835191040467,-0.006501831414498689,1092
Persistence,3,01400500,2.144604845460917,1.6657591857133112,0.021780101892523742,955
Persistence,3,01408029,2.2583431984047158,1.7714937257590018,0.01573545671787066,877
Persistence,3,01425000,0.7723386960734638,0.5042253662163103,-0.005258216768363272,1065
Persistence,3,01426500,1.3831952023649687,1.0638229025620363,-0.02321814306353905,926
Persistence,3,01427207,1.8830974473869555,1.4252336318387049,-0.015514018769576171,1070
Persistence,3,01428500,1.9202882959802559,1.4508970717814196,-0.01293673175646518,1059
Persistence,3,01463500,1.649358402666282,1.322336435485109,0.01635514375205352,1070
Persistence,3,01480617,2.10462234421555,1.677129637201627,-0.014537038626494232,1080
Persistence,3,01540500,1.546838257134031,1.203141945106495,-0.07118093198970493,923
Persistence,3,01542500,2.0310050253465293,1.5877079180202511,-0.015249537066479047,1082
Persistence,3,01549700,2.1237592719299765,1.6367441716720892,0.00865116274634073,1075
Persistence,3,02110701,2.227748960159052,1.7098376429866584,0.014326646653606192,1047
Persistence,3,02176930,2.0506864253062855,1.5693702157444627,0.02833969538448421,1048
Persistence,3,02266300,1.799956215741099,1.3203154070257919,0.015120591214946117,1078
Persistence,3,02330450,1.8985244201579101,1.431285408020921,0.004442345667876909,1058
Persistence,3,02334430,0.2889605067684421,0.20952381057180328,-0.0007326000339382297,1092
Persistence,3,02334885,2.049477278216119,1.540018332746876,0.008516482817821013,1092
Persistence,3,02336120,2.2207411591846093,1.6799445572049252,0.006377080011279658,1082
Persistence,3,02336300,2.2859810093965947,1.7357274992031286,0.014732965448284676,1086
Persistence,3,02336728,1.34701316507074,1.0048148172873037,-0.0009259223937988281,1080
Persistence,3,02397000,1.4439417581163503,1.13413064854893,-0.0014719419119658553,1087
Persistence,3,02455980,1.8604308909756775,1.3918190498095044,0.016458130433538765,1039
Persistence,3,02458450,1.8930843704979838,1.4466911659521215,0.007352942053009482,1088
Persistence,3,02474560,1.8075652342977258,1.3786506410447155,0.008410348909839905,1082
Persistence,3,03007800,2.161238495989845,1.6553604371033181,-0.0028650659840560883,1082
Persistence,3,03034000,2.283022713025281,1.7982986489265087,0.017202269152116687,1058
Persistence,3,03036000,1.1771371210062347,0.8349161863854255,-0.006052140639036949,1074
Persistence,3,03047000,1.5533526403972615,1.1183823475833325,-0.01249999925494194,1088
Persistence,3,03077500,0.5424293742957483,0.40117761852462813,0.004514230245228955,1019
Persistence,3,03105500,2.0911683886337626,1.6078558191932504,-0.006192236560329713,1082
Persistence,3,03106000,2.4088629840541116,1.8761121938419412,-0.02640232399855407,1034
Persistence,3,03301900,2.2034523725175563,1.7335842172155265,0.03198494915679616,1063
Persistence,3,03353200,2.458078426783522,1.9407476615613308,0.005420560737915128,1070
Persistence,3,03456991,1.8993894138693874,1.4898971197089934,0.01019644497486896,1069
Persistence,3,04027000,2.0474216502975624,1.3094876532211364,0.016698291952910865,1054
Persistence,3,04043238,1.7721985493175405,1.2784386574598825,0.002788104220781628,1076
Persistence,3,04043244,1.7007303599297972,1.272752539331544,-0.006580166732745661,1079
Persistence,3,04067500,1.460766491551936,0.9850287800529639,0.0005758148466099246,1042
Persistence,3,04077630,1.8934362228198303,1.2385531070031526,-0.0026556777430104686,1092
Persistence,3,04124200,0.6181282879246051,0.4470642269204516,-0.006697247006477566,1090
Persistence,3,04125460,1.576421872266213,1.2317050641308183,-0.007557603510843444,1085
Persistence,3,04137005,0.9739672071497938,0.6991727948188782,-0.00762867634458577,1088
Persistence,3,04176500,1.5975829755492852,1.193444119596085,-0.019852262950009587,1083
Persistence,3,04208000,2.065435421247398,1.6093046031417972,-0.02282076477858509,1021
Persistence,3,05054000,1.150862709177495,0.7263108456528253,-0.014700374192791932,1068
Persistence,3,05057000,1.8039165754324145,1.127589467541085,0.0002824859009624201,1062
Persistence,3,05289800,1.7904346539173552,1.2925667805763763,-0.07653890623690497,861
Persistence,3,05331833,1.7872831440080093,1.3362669233283175,0.011508703837081127,1034
Persistence,3,05370000,1.0370392401875048,0.7199448611149016,-0.0019301469711696401,1088
Persistence,3,05382255,1.3702858049559379,1.0381868353775352,0.003937728675730499,1092
Persistence,3,05382257,2.220058549528537,1.6026802263506679,-0.0008317930641103805,1082
Persistence,3,05406457,1.3075763395146067,1.0051882043859846,-0.01576805624083852,983
Persistence,3,05458300,2.1153430665941175,1.4922857366502285,-0.008285714664629528,1050
Persistence,3,05517000,2.1381499040453904,1.6968864551421268,-0.010256409972578614,1092
Persistence,3,06036805,1.632789599780887,1.265900752178448,-0.0010110297623802634,1088
Persistence,3,06036905,1.9991229957897945,1.5271978081364335,-0.00283882818815909,1092
Persistence,3,06036940,1.9437313994567187,1.5078898981076863,-0.005137615028871309,1090
Persistence,3,06041000,1.281148291723169,0.8457035050288588,0.016619451773177914,1059
Persistence,3,06623800,1.0104669649484603,0.6052173934310027,0.032826086368573745,920
Persistence,3,06894000,2.01892132576683,1.577725579724052,-0.009868422060980833,1064
Persistence,3,06934500,1.241251815371396,0.9894675978166224,-0.02210649064121147,864
Persistence,3,07106000,2.1792269305266814,1.6334872775072313,-0.04318706116555194,866
Persistence,3,07178200,1.7790617367922616,1.393054035427552,-0.047960305555652755,907
Persistence,3,07194880,1.4916532055190852,1.1801169471666362,-0.10370370147288659,513
Persistence,3,07332622,2.4373988874328623,1.7832369768033827,-0.05861271102993475,865
Persistence,3,08048000,1.7135041282658852,1.2855421468436,-0.004337353304208043,830
Persistence,3,08052700,2.9466408806863362,2.2123342536251487,-0.07095489546221827,754
Persistence,3,08065350,1.6539417532432035,1.2494431858869863,0.005790643543336864,898
Persistence,3,08070200,1.9548619128055043,1.4474445561893652,0.005978786611970848,1037
Persistence,3,08123850,2.5753653095433218,2.0155172227864555,-0.12002652962580916,754
Persistence,3,09136100,1.431888310309567,1.1113363872338,0.00552995534536476,1085
Persistence,3,09144250,1.3131829840757772,1.0255963330695388,-0.004128440626717488,1090
Persistence,3,09149500,1.4435088964210756,1.1113553032852137,-0.0009157509021051638,1092
Persistence,3,09163500,1.3073580146056913,1.0068681312881873,-9.157509293966678e-05,1092
Persistence,3,09180000,1.594566635211413,1.2192449338569495,0.00156537682833373,1086
Persistence,3,09261000,1.50091209830984,1.1136852423291752,0.023753671250501804,1023
Persistence,3,09302000,1.4647800450887056,0.9859550700624115,0.010674155788140351,1068
Persistence,3,09380000,0.5249408001303406,0.3595684746640261,0.004221387920415424,1066
Persistence,3,10129900,1.3162136173188088,0.9030812218520933,0.01027077408620512,1071
Persistence,3,10301500,1.893677173727076,1.4256097812757706,-0.0008442769941872101,1066
Persistence,3,10351600,1.653803640199672,1.2835551303149175,0.015114071704588915,1052
Persistence,3,11262900,1.745102696358975,1.3575153453218425,0.0013803719011552494,652
Persistence,3,11467000,1.0868469543744352,0.8544872016697139,-0.006501831851162754,1092
Persistence,3,11507500,1.528573985998721,1.155860800910127,-0.003663003663003663,1092
Persistence,3,12056500,0.6994900875311605,0.537183102307745,-0.005915492241371405,1065
Persistence,3,12115000,0.6004301585193225,0.45143990128374145,0.005362463802424775,1007
Persistence,3,12117600,0.7355942464522461,0.583333324600052,-0.004945055032387758,1092
Persistence,3,12210700,1.210160377900865,0.9437435538562895,0.012409513960703205,967
Persistence,3,12212050,1.1854365689826178,0.8869022787732542,-0.0043659052209398105,962
Persistence,3,12213100,1.4005724324052107,1.0879765364431566,-0.022678396685498668,1023
Persistence,3,12363000,0.9313828258085731,0.6925260116158506,-0.012109744402182588,1057
Persistence,3,12398600,0.7573449890788427,0.5760952413791702,0.015523810273125058,1050
Persistence,3,13018350,1.6423258530925497,1.1416744956306881,0.0045155221394851085,1063
Persistence,3,13154500,0.7392018785527082,0.5693223336677411,0.0004578754578754579,1092
Persistence,3,13317660,0.7096147579204639,0.5558608021491613,-0.0007326009072663583,1092
Persistence,3,13342500,1.005484025152178,0.7704212304218349,-0.00027472501272683616,1092
Persistence,3,14091500,0.7461316506192982,0.5685897297038264,0.00027472544939090044,1092
Persistence,3,14150800,1.5222224568212028,1.1728937815833878,-0.0007326000339382297,1092
Persistence,3,14151000,1.2238850807341475,0.7522556400836858,0.012406014858331895,1064
Persistence,3,14152000,0.7362687796291536,0.5572477117590948,-0.0005504586281032737,1090
Persistence,3,14153500,0.6431352280422902,0.4571164579796923,8.813995530556839e-10,1082
Persistence,3,14154500,1.4837828187279514,1.1313996418185437,-0.007274399804805523,1086
Persistence,3,14159500,0.6404570196129076,0.4229629635810852,-0.009814815168027525,1080
Persistence,3,14161500,0.9551160938375347,0.7248618640074195,-0.00018416144790789918,1086
Persistence,3,14179000,1.0212852357981255,0.7738508845739394,0.019611850578767895,979
Persistence,3,14185000,1.300593026721162,0.9949901694164763,0.023870334643980376,1018
Persistence,3,14210000,0.8098325392937903,0.6069060807728636,-0.0008287289305066974,1086
Persistence,3,14211499,1.6148427721115728,1.2448243984949126,-0.00083179438620971,1082
Persistence,3,14211500,1.7585518890620202,1.3511428553717477,-0.004666667438688732,1050
Persistence,3,14320934,1.2372826489074267,0.9333333408131319,-0.001867414522571724,1071
Persistence,3,255534081324000,2.1182421968494065,1.6079320214175188,0.009442868831587693,1059
Persistence,7,01073319,2.636577503430821,1.8837526363927863,-0.11939203511119138,954
Persistence,7,01104415,2.2040600288426697,1.7330138172331455,-0.025878594960140597,939
Persistence,7,01104455,2.1114373507122934,1.5323353259149426,0.036526944394597034,835
Persistence,7,01104475,2.1324301637852345,1.6764870077703966,-0.019981414412034045,1076
Persistence,7,01129500,2.3377713263814597,1.6467830947298996,-0.014062499832909773,1088
Persistence,7,01400500,2.8662609608024523,2.216491636147081,0.06418066726167913,952
Persistence,7,01408029,2.7006662332057028,2.0955607308788555,0.00584112053789268,856
Persistence,7,01425000,1.090897252099037,0.7384469775539456,-0.01950757589304086,1056
Persistence,7,01426500,1.6935616233849728,1.2657549234934526,-0.07450765999812527,914
Persistence,7,01427207,2.5210067297117007,1.8634994997592995,-0.028127937618842802,1063
Persistence,7,01428500,2.7785178292000743,2.0799810353037413,-0.02381404270850956,1054
Persistence,7,01463500,2.436970027538049,1.9046139307530587,0.009322035335102547,1062
Persistence,7,01480617,2.575661753823621,2.021375454159031,-0.010408921755822618,1076
Persistence,7,01540500,2.4544276675234715,1.894621295296269,-0.14160263361705777,911
Persistence,7,01542500,2.7908710116066957,2.122634527399611,-0.032467531195819264,1078
Persistence,7,01549700,2.929334714815794,2.23923220224539,-0.012453184731667408,1068
Persistence,7,02110701,2.9068916921058174,2.226904520533239,0.007618128851041729,1037
Persistence,7,02176930,2.558028439187919,1.942980740735164,0.047403849088228665,1040
Persistence,7,02266300,2.268536828557452,1.677332082791115,0.006250002490940379,1072
Persistence,7,02330450,2.3577268771960593,1.7519999573344276,-0.010285714921497163,1050
Persistence,7,02334430,0.3873339275882282,0.27178309068960305,-0.004136029411764706,1088
Persistence,7,02334885,2.6661291190141436,1.9993566147544806,-0.004871324581258437,1088
Persistence,7,02336120,2.815213319380338,2.108888918934045,0.012407407054194698,1080
Persistence,7,02336300,2.910147023202838,2.188817020044309,-0.002125693777792996,1082
Persistence,7,02336728,1.7408924061010487,1.3020446123243707,-0.009851302356081825,1076
Persistence,7,02397000,2.0631146148865906,1.6235674952403014,-0.005268022445565892,1082
Persistence,7,02455980,2.2990427743593926,1.6526725053555533,0.03809523327589267,1029
Persistence,7,02458450,2.4090485407309155,1.7759225069376816,-0.0030442797389857446,1084
Persistence,7,02474560,2.8065167809233853,2.0959031954823923,0.0003724355715391134,1074
Persistence,7,03007800,2.8181955678509563,2.1272727302336074,0.0031539866897745787,1078
Persistence,7,03034000,2.9075557385041777,2.2496204835838114,-0.00920303276186876,1054
Persistence,7,03036000,1.939994716694044,1.4200934681797697,-0.008130842099122912,1070
Persistence,7,03047000,2.4433696831429805,1.8211060234478542,-0.01631336475846954,1085
Persistence,7,03077500,0.9889338066097901,0.7337623858215785,0.006435642856182438,1010
Persistence,7,03105500,2.766081321300646,2.119666042611528,-0.028942488285959984,1078
Persistence,7,03106000,3.195452841271123,2.45131964979371,-0.05073313631357685,1023
Persistence,7,03301900,2.6589560875816414,2.0390521262494308,0.02218009442514718,1055
Persistence,7,03353200,3.1292033510519017,2.4215759756375546,-0.007504692647123874,1066
Persistence,7,03456991,2.4793220410041497,1.9239622708761468,0.017547170396121043,1060
Persistence,7,04027000,2.817103900753502,1.8033428702008871,0.043648519589714246,1047
Persistence,7,04043238,2.389099497291654,1.6938375381806763,-0.0012138184128689165,1071
Persistence,7,04043244,2.2591075100195748,1.6634920554654715,-0.02296918813560078,1071
Persistence,7,04067500,2.427415162034873,1.6244163359026154,0.01741245236059339,1028
Persistence,7,04077630,2.681960781975837,1.7624080920701517,-0.01700367659385152,1088
Persistence,7,04124200,1.2784551274552785,0.9424493567500105,-0.014456722837346255,1086
Persistence,7,04125460,2.123091700275188,1.6401851749254597,-0.02555555612952621,1080
Persistence,7,04137005,1.8289668902114216,1.3059963051958277,-0.013376383406429713,1084
Persistence,7,04176500,2.5891573623318553,1.9540891968212384,-0.04070632082157419,1076
Persistence,7,04208000,2.785268102168753,2.1130952679640833,-0.016071430488770442,1008
Persistence,7,05054000,2.1731433428046607,1.3725898107249705,-0.036672967677981734,1058
Persistence,7,05057000,2.7298083504219397,1.714733829828043,0.00047528521359646727,1052
Persistence,7,05289800,2.713966304771833,1.9628606071480765,-0.2169471074683735,832
Persistence,7,05331833,2.3954743569826213,1.7874755199612238,0.018982388370774265,1022
Persistence,7,05370000,1.780982970308213,1.224169731689995,-0.006642064925049504,1084
Persistence,7,05382255,1.9704527080518963,1.492095595540698,-0.0001838242306428797,1088
Persistence,7,05382257,2.571637815271358,1.9096474954944815,-0.007792207438339771,1078
Persistence,7,05406457,1.609126914113163,1.246961898096558,-0.046343975283213185,971
Persistence,7,05458300,3.0891771574948854,2.2066474004302297,-0.03362235153427703,1038
Persistence,7,05517000,2.958808826927458,2.3170036805985386,-0.02784926477162277,1088
Persistence,7,06036805,1.988235686284311,1.5656826503272425,0.01217712181520638,1084
Persistence,7,06036905,2.4161774817238757,1.8942095589111834,0.004503674805164337,1088
Persistence,7,06036940,2.4051203664908836,1.86703498323978,0.006813996843650636,1086
Persistence,7,06041000,2.071343544423708,1.421117427081547,0.03153409052527312,1056
Persistence,7,06623800,1.4147368176196369,0.8957236854506558,0.08717105312991821,912
Persistence,7,06894000,2.960367367398216,2.36338698371977,-0.024692527731297258,1057
Persistence,7,06934500,2.1963525007686733,1.7213095109200194,-0.08916666415475663,840
Persistence,7,07106000,2.53947740337343,1.912440757209797,-0.10580568008513247,844
Persistence,7,07178200,2.623884630386209,2.048824200170972,-0.09764837444429302,893
Persistence,7,07194880,1.8471224563125175,1.4310891123101264,-0.20415841282004177,505
Persistence,7,07332622,3.2746435343612643,2.500825467203164,-0.1734669748342262,848
Persistence,7,08048000,2.5161231981484287,1.9230287567396487,-0.08072591394894711,799
Persistence,7,08052700,3.8080097007406897,2.8927989223587285,-0.28057064777037694,736
Persistence,7,08065350,2.7460081016646933,2.0570938292575374,0.029633871205065835,874
Persistence,7,08070200,2.9155861912095467,2.1279454960214825,0.018695230493294808,1027
Persistence,7,08123850,3.3618386549698482,2.57632650518093,-0.2010884362824109,735
Persistence,7,09136100,1.8199384357343646,1.4643518570534608,0.017499999591597804,1080
Persistence,7,09144250,1.6977723487993648,1.3500920958117226,-0.0034990794064809825,1086
Persistence,7,09149500,1.7685778716642666,1.392095601754537,0.0022058824200511854,1088
Persistence,7,09163500,1.9317204959197407,1.5323529496706803,-0.0033088236198048383,1088
Persistence,7,09180000,2.1765575845810554,1.7222735645204728,-0.006561921575483685,1082
Persistence,7,09261000,2.186974764575059,1.6173096013529011,0.055093966785571456,1011
Persistence,7,09302000,2.112833642329022,1.471226409232279,0.03764150962233544,1060
Persistence,7,09380000,0.7181624360730172,0.5351834467639367,-0.008560674547139812,1063
Persistence,7,10129900,1.711327265125285,1.203186481604536,-0.001499529742926443,1067
Persistence,7,10301500,2.5371615495359805,1.947358509181243,-0.036792452900477175,1060
Persistence,7,10351600,2.1992415484814356,1.7099325017735951,0.030279656155474965,1037
Persistence,7,11262900,2.1979135741380986,1.7405909809688016,0.004043543505631561,643
Persistence,7,11467000,1.5820628143852948,1.2724264737437754,-0.008823530638919157,1088
Persistence,7,11507500,2.3868473784377895,1.8110294094692696,-0.005147059064577608,1088
Persistence,7,12056500,0.9980254843434408,0.7762535346941556,-0.014664141998724093,1057
Persistence,7,12115000,0.8523547210758413,0.627547926426415,0.019677095528688248,991
Persistence,7,12117600,1.021901691913052,0.8062499910593033,-0.006617647321785197,1088
Persistence,7,12210700,1.5700640257647445,1.2278427421793294,0.03251859612216605,941
Persistence,7,12212050,1.6270435673145516,1.2302771846114446,0.004477605128339105,938
Persistence,7,12213100,1.7644901367446701,1.3674234910725607,-0.03040474047194817,1013
Persistence,7,12363000,1.3012315037824262,0.9637832744719864,-0.021768060700521723,1052
Persistence,7,12398600,1.4474247451657345,1.1580614325324083,0.04500960062424189,1042
Persistence,7,13018350,1.999879158384928,1.4740284454554178,0.006540284429398758,1055
Persistence,7,13154500,1.1043862868873744,0.8579043798586902,0.004779411589398104,1088
Persistence,7,13317660,1.2057574785255991,0.9594668943215819,-0.0019301469711696401,1088
Persistence,7,13342500,1.4479162277081474,1.1079963192562847,0.0024816179100204915,1088
Persistence,7,14091500,0.8621749174648348,0.6678308866479817,0.0009191185235977173,1088
Persistence,7,14150800,2.1108046999058088,1.5972426682710648,0.0016544128165525548,1088
Persistence,7,14151000,1.832552334350433,1.2633522755720399,0.02471590922637419,1056
Persistence,7,14152000,1.1303774623930638,0.8769797277714008,-0.0001841618869844721,1086
Persistence,7,14153500,1.1256661636714413,0.8397031533695992,0.006307977028813123,1078
Persistence,7,14154500,2.105340462742186,1.6062846670750108,0.0003696871773372516,1082
Persistence,7,14159500,1.0328120698577627,0.7268587514813505,-0.018680297309138075,1076
Persistence,7,14161500,1.3770867307746626,1.0516635840569317,-9.242135363453638e-05,1082
Persistence,7,14179000,1.348107566504945,1.0361944141161108,0.045501553161684215,967
Persistence,7,14185000,1.805208380902863,1.3828031642299523,0.05695824926463557,1006
Persistence,7,14210000,1.3175132001446794,1.0347504474759763,0.0027726432532347504,1082
Persistence,7,14211499,2.1934322985425245,1.7125698450390854,-0.006424582870312909,1074
Persistence,7,14211500,2.4162052552761493,1.8692822968560543,0.018947367348739405,1045
Persistence,7,14320934,1.7898996083686063,1.371992482950813,-0.003947368465868154,1064
Persistence,7,255534081324000,2.6478744829444643,2.020877016283877,0.012678731840150032,1049
TR-fixedKappa,1,01073319,0.654992799702887,0.4835072419999801,0.03438211789143456,970
TR-fixedKappa,1,01104415,0.9674480578027554,0.7478659606066752,-0.0735483959301701,961
TR-fixedKappa,1,01104455,0.9793560458789129,0.6620779190985663,0.02485458530345051,848
TR-fixedKappa,1,01104475,0.8420465952917389,0.6490710195805706,-0.0723390228072144,1086
TR-fixedKappa,1,01129500,0.630778180339843,0.46615172023997753,-0.021724528392586994,1094
TR-fixedKappa,1,01400500,0.72202360820197,0.5356595272382871,0.0252707497594427,979
TR-fixedKappa,1,01408029,0.8536526924869333,0.6532125890622904,-0.05794412475309252,891
TR-fixedKappa,1,01425000,0.4382723555497128,0.3105650145171293,0.019991620085132646,1072
TR-fixedKappa,1,01426500,0.7809928621130294,0.5940826786817911,0.08286373146166105,932
TR-fixedKappa,1,01427207,0.681485002240994,0.5056028813353937,0.0687469844212998,1076
TR-fixedKappa,1,01428500,0.594128770746882,0.4499048358524885,0.08851729399169922,1066
TR-fixedKappa,1,01463500,0.48320003240003634,0.37576036455326306,0.03654012013452001,1075
TR-fixedKappa,1,01480617,0.8555960912371706,0.6592364625337486,0.07094653875597065,1085
TR-fixedKappa,1,01540500,0.4700859977664975,0.36048298966980746,0.008215213679177795,930
TR-fixedKappa,1,01542500,0.6744149966060062,0.5225269601221959,0.17077096344178275,1087
TR-fixedKappa,1,01549700,0.7123915756023819,0.5340290876180381,0.015266295305774611,1081
TR-fixedKappa,1,02110701,0.7280288498704627,0.5381539312968149,0.013454051058671963,1049
TR-fixedKappa,1,02176930,0.8299946629215573,0.6178445850342428,-0.09300098945612244,1053
TR-fixedKappa,1,02266300,0.6443733819999135,0.46017441753975685,0.003182643492356145,1083
TR-fixedKappa,1,02330450,0.8096777560571449,0.5877783085506662,-0.025912267787564083,1064
TR-fixedKappa,1,02334430,0.3067001070207981,0.2209769589809439,-0.031561065286779336,1094
TR-fixedKappa,1,02334885,0.635344184399457,0.4610384705079756,-0.03344643083307381,1094
TR-fixedKappa,1,02336120,0.7985794413487121,0.5824703674070524,0.03508134942028402,1086
TR-fixedKappa,1,02336300,0.8255960713707113,0.6103740067000782,0.07832197526179321,1090
TR-fixedKappa,1,02336728,0.7093793000535897,0.5301052674500074,-0.2885537446369224,1085
TR-fixedKappa,1,02397000,0.43330403917000654,0.3338394256199107,0.013942108259481587,1088
TR-fixedKappa,1,02455980,0.7497723152905521,0.5433212667731985,0.042612515439542566,1051
TR-fixedKappa,1,02458450,0.7620832718754981,0.5579180527782353,0.031855139832885654,1091
TR-fixedKappa,1,02474560,0.545281720913924,0.41739885455776093,0.07811921591258182,1086
TR-fixedKappa,1,03007800,0.7511602382586252,0.5640204483471817,0.05400817415624745,1087
TR-fixedKappa,1,03034000,0.8240721215221286,0.6350388947508807,0.01604274613536753,1060
TR-fixedKappa,1,03036000,0.510167199523449,0.3777541673465169,0.011447961622912972,1079
TR-fixedKappa,1,03047000,0.5710709458617284,0.4294912095518288,0.03071843864174063,1090
TR-fixedKappa,1,03077500,0.28849855005335323,0.216129697393626,0.04762523239478471,1024
TR-fixedKappa,1,03105500,0.7059466388590119,0.5135883382492412,-0.05110371606098575,1086
TR-fixedKappa,1,03106000,0.7661842405314564,0.582671702544381,-0.009245039630720667,1041
TR-fixedKappa,1,03301900,0.9326831821233048,0.6897989595818163,-0.002121857182586684,1068
TR-fixedKappa,1,03353200,0.8872301485993337,0.6699478180577348,-0.0245301946900431,1073
TR-fixedKappa,1,03456991,0.7675996741344084,0.5802928574791416,0.0056296422510315625,1077
TR-fixedKappa,1,04027000,0.7170803495366574,0.5081645251928084,-0.01059797501527684,1061
TR-fixedKappa,1,04043238,0.7954383908584245,0.5669810172397847,-0.02081716096788563,1081
TR-fixedKappa,1,04043244,0.7844532670496744,0.5783158612672312,0.016291842329645187,1083
TR-fixedKappa,1,04067500,0.45827259736745546,0.3492565013124785,-0.010793238507251121,1050
TR-fixedKappa,1,04077630,0.697808629290292,0.5007837086709955,0.06121234482842103,1094
TR-fixedKappa,1,04124200,0.2893938460799083,0.22084927137518104,0.026568047947935998,1092
TR-fixedKappa,1,04125460,0.5329565670498991,0.40885468041601264,0.0006545457903456447,1089
TR-fixedKappa,1,04137005,0.35716348545397963,0.2763984516986896,0.04206610992345973,1091
TR-fixedKappa,1,04176500,0.46320985844602425,0.3493159081541832,0.03080694408180825,1087
TR-fixedKappa,1,04208000,0.6698568166992075,0.5096899045015183,0.0008204902665546512,1040
TR-fixedKappa,1,05054000,0.37492834005038816,0.26740039453904935,0.010239625301906238,1076
TR-fixedKappa,1,05057000,0.5850987817535844,0.4109091718540629,0.05369241254137098,1067
TR-fixedKappa,1,05289800,0.7287705170285285,0.5285653219252758,0.06393731247839489,887
TR-fixedKappa,1,05331833,0.8160765743849271,0.6081163614258999,0.04499634873701147,1042
TR-fixedKappa,1,05370000,0.45196980575516565,0.3345706251703414,0.05212143482034301,1091
TR-fixedKappa,1,05382255,0.6500229084090916,0.48575988841367373,0.056764980307499255,1094
TR-fixedKappa,1,05382257,1.3261498846819542,0.9479303660590528,-0.05386308533804756,1085
TR-fixedKappa,1,05406457,0.777033373469813,0.5637372090634571,0.0654303408052069,996
TR-fixedKappa,1,05458300,0.6705412011281981,0.4779363217826862,-0.005450425165933783,1060
TR-fixedKappa,1,05517000,0.6897426039562913,0.5238838372144242,-0.05689324597748067,1094
TR-fixedKappa,1,06036805,0.8223595915991978,0.6286125941029609,0.03327831014048387,1091
TR-fixedKappa,1,06036905,0.9599279540548871,0.7251599755104107,0.022914090975982817,1094
TR-fixedKappa,1,06036940,1.162756922260345,0.8598562286013649,0.3547007969447544,1092
TR-fixedKappa,1,06041000,0.43479541626664575,0.3034379807494818,0.021953909127059155,1066
TR-fixedKappa,1,06623800,0.594199860957121,0.3906707527673728,0.039735307284706346,925
TR-fixedKappa,1,06894000,0.5906424120055304,0.43465763711328825,0.029040961745959645,1072
TR-fixedKappa,1,06934500,0.3400798825654346,0.26175885953958306,0.03340907367838811,887
TR-fixedKappa,1,07106000,1.145512780849777,0.8444238509966192,0.0018426702474243991,896
TR-fixedKappa,1,07178200,0.6511701870602667,0.47096300472869296,0.06573478545516376,929
TR-fixedKappa,1,07194880,0.7769653840698363,0.5656515617665746,-0.002209815573185069,517
TR-fixedKappa,1,07332622,0.9895249851588174,0.6977833981004147,0.0586390632856001,878
TR-fixedKappa,1,08048000,0.6388167051380919,0.45619282733692845,-0.007240343430463012,850
TR-fixedKappa,1,08052700,1.1960620951657532,0.8695253728384905,-0.016514841995009615,789
TR-fixedKappa,1,08065350,0.47703957680638814,0.3556512482195015,0.01452256946417483,913
TR-fixedKappa,1,08070200,0.6603879525154644,0.4885277566455659,0.04610277884347098,1050
TR-fixedKappa,1,08123850,0.9543882557396751,0.712795524025212,0.07665072432397393,767
TR-fixedKappa,1,09136100,0.7227645212856608,0.5464778402455911,-0.020044897279135113,1089
TR-fixedKappa,1,09144250,0.5761629430382808,0.4455863375551044,-0.002985138411295976,1092
TR-fixedKappa,1,09149500,0.6855413777884775,0.5078601817339932,0.01512489092333655,1094
TR-fixedKappa,1,09163500,0.42795036378071133,0.32844432912566024,-0.0010691552841780468,1094
TR-fixedKappa,1,09180000,0.6475476039489013,0.4783926079596452,-0.009026983510763796,1089
TR-fixedKappa,1,09261000,0.5200678358241926,0.368692049243426,0.038863559255228476,1032
TR-fixedKappa,1,09302000,0.6086831140784263,0.43537514951692297,0.08461977887952446,1074
TR-fixedKappa,1,09380000,0.3117465302110094,0.22196371570940435,-0.014570125672614257,1069
TR-fixedKappa,1,10129900,0.6307031192709491,0.4463216609892791,0.004789676785912212,1076
TR-fixedKappa,1,10301500,0.8179805476701092,0.5964800539768165,0.022993239324741052,1074
TR-fixedKappa,1,10351600,0.5364773394214493,0.404828509637865,0.036566793177760945,1062
TR-fixedKappa,1,11262900,0.7031765646362874,0.5203966616860651,0.021768851996553512,659
TR-fixedKappa,1,11467000,0.38131284357021866,0.29866187297883806,-0.02009987186034378,1094
TR-fixedKappa,1,11507500,0.4303913225940753,0.32342374138193547,0.028321226998155678,1094
TR-fixedKappa,1,12056500,0.3239522536830547,0.24208563027591543,-0.002491763108684365,1069
TR-fixedKappa,1,12115000,0.3295353994827267,0.24662854971552786,-0.012734799375693466,1017
TR-fixedKappa,1,12117600,0.394947079291695,0.29766866511357115,-0.0028124679377135747,1094
TR-fixedKappa,1,12210700,0.582793215627321,0.4495533053714892,-0.014979377495066188,983
TR-fixedKappa,1,12212050,0.5099487454732485,0.37338506928259796,-0.008900059462811317,979
TR-fixedKappa,1,12213100,0.5914312737676544,0.45337376635625426,-0.023846538198841652,1041
TR-fixedKappa,1,12363000,0.4033430628178048,0.30378832809316614,0.015493038998013657,1056
TR-fixedKappa,1,12398600,0.27362867522736717,0.20339293574122577,-0.0014517409739266151,1061
TR-fixedKappa,1,13018350,0.7166824765417357,0.5052716954608624,0.07735158733503356,1067
TR-fixedKappa,1,13154500,0.2746532388090114,0.21698184518970995,-0.010311363209754065,1094
TR-fixedKappa,1,13317660,0.22266043974274277,0.1738692590479876,0.027154711569902863,1094
TR-fixedKappa,1,13342500,0.4256595705892052,0.31884862103889366,-0.01762455004442761,1094
TR-fixedKappa,1,14091500,0.3652255407528887,0.2815685205965199,0.008839873988624049,1094
TR-fixedKappa,1,14150800,0.5861320026769532,0.45712258822303364,-0.008985348179309871,1094
TR-fixedKappa,1,14151000,0.5373367006836357,0.33968086073805215,0.0028167021574534447,1073
TR-fixedKappa,1,14152000,0.3404563114043209,0.2569896701491359,0.019815838642609444,1092
TR-fixedKappa,1,14153500,0.2590561788268514,0.190239843040101,-0.0056949676510158875,1086
TR-fixedKappa,1,14154500,0.5089475763081698,0.39615034176955216,0.0004322158841500491,1089
TR-fixedKappa,1,14159500,0.34475886650156695,0.22920943572224559,-0.003145266677926769,1085
TR-fixedKappa,1,14161500,0.4165718815664686,0.31986661850585096,0.06749079050111377,1089
TR-fixedKappa,1,14179000,0.48389717382782804,0.3603439676338041,-0.05017561039948828,985
TR-fixedKappa,1,14185000,0.4891473369900312,0.3817896573136492,-0.013036955949736815,1025
TR-fixedKappa,1,14210000,0.29859428824768747,0.21847294687348254,-0.027683902707170048,1088
TR-fixedKappa,1,14211499,0.634912296270074,0.48110339750516923,-0.005980156543175826,1086
TR-fixedKappa,1,14211500,0.6296211523011146,0.47851392166282897,-0.019833580611791857,1064
TR-fixedKappa,1,14320934,0.4604612847591904,0.3549142737021132,-0.03972799355162444,1077
TR-fixedKappa,1,255534081324000,0.8001509246761968,0.6036964668316788,0.07823792307564381,1068
TR-fixedKappa,3,01073319,1.541635538304972,1.1302258550197164,-0.0018527889280305957,964
TR-fixedKappa,3,01104415,1.535876245783598,1.219735899705636,-0.26647623056487035,950
TR-fixedKappa,3,01104455,1.522606590025487,1.1117057286123364,-0.028858914098140016,843
TR-fixedKappa,3,01104475,1.512011262390847,1.2122572152731488,-0.28792228017219446,1081
TR-fixedKappa,3,01129500,1.3751379306929685,1.0021005637303249,-0.11068256831797857,1092
TR-fixedKappa,3,01400500,1.7311691306754926,1.3439307860647822,-0.07529505567712934,955
TR-fixedKappa,3,01408029,1.7720885661908552,1.406334914377505,-0.21943874948041062,877
TR-fixedKappa,3,01425000,0.764165984962594,0.5122642605517392,-0.008484565058784308,1065
TR-fixedKappa,3,01426500,1.1961355427676224,0.9205800534710771,0.11545064352758502,926
TR-fixedKappa,3,01427207,1.4911151982981705,1.14162052608539,0.03608773768505202,1070
TR-fixedKappa,3,01428500,1.523943889108513,1.1651387403537523,0.09068752880158946,1059
TR-fixedKappa,3,01463500,1.288310968417678,1.011153488283124,0.03838942585843746,1070
TR-fixedKappa,3,01480617,1.6871169345438255,1.3419739027486908,-0.019206093141326198,1080
TR-fixedKappa,3,01540500,1.1824290980320684,0.9174092123125511,-0.04613253560284494,923
TR-fixedKappa,3,01542500,1.6361355540368776,1.285369624908628,0.286052836891429,1082
TR-fixedKappa,3,01549700,1.6740041678897735,1.299750108323818,-0.06893008976620295,1075
TR-fixedKappa,3,02110701,1.7387337523866373,1.3373723618508297,-0.07029522902189032,1047
TR-fixedKappa,3,02176930,1.6329479395838256,1.242086972591986,-0.2669606304691948,1048
TR-fixedKappa,3,02266300,1.4822131525151172,1.128468405559023,-0.22368790231963037,1078
TR-fixedKappa,3,02330450,1.5049890988168222,1.1109674240668466,-0.16243371110557384,1058
TR-fixedKappa,3,02334430,0.410751558812957,0.30047883297497535,-0.12286547505375228,1092
TR-fixedKappa,3,02334885,1.6065500589131216,1.1973166876660162,-0.16743708831486684,1092
TR-fixedKappa,3,02336120,1.7647539767578881,1.3235774703585508,-0.058616598818086174,1082
TR-fixedKappa,3,02336300,1.8174922483249822,1.3728627957691804,0.044162961110664783,1086
TR-fixedKappa,3,02336728,1.5373810621550121,1.160963561711488,-0.7814723314179314,1080
TR-fixedKappa,3,02397000,1.0938182238445262,0.8475665160901193,-0.027992210897043856,1087
TR-fixedKappa,3,02455980,1.4765767168568962,1.1028637989767476,-0.043708583181930105,1039
TR-fixedKappa,3,02458450,1.5242176837172225,1.1613517420256836,-0.05554206099580319,1088
TR-fixedKappa,3,02474560,1.4903931919076734,1.1655952941467933,0.04855630891380382,1082
TR-fixedKappa,3,03007800,1.7150855634640696,1.334834736348741,0.04942249027175512,1082
TR-fixedKappa,3,03034000,1.8248403133630595,1.435676285132963,-0.0354580572779891,1058
TR-fixedKappa,3,03036000,0.9235571847026521,0.6783535951210854,-0.032813557079911654,1074
TR-fixedKappa,3,03047000,1.178191370518501,0.852058467805824,0.04836023650406036,1088
TR-fixedKappa,3,03077500,0.4678870643844636,0.34890562963906874,0.05754295885855365,1019
TR-fixedKappa,3,03105500,1.6622352864068735,1.2678696980896147,-0.1476886320659502,1082
TR-fixedKappa,3,03106000,1.8875475926101928,1.4704078378426038,-0.07413179988844937,1034
TR-fixedKappa,3,03301900,1.7775620526199245,1.370747479900143,-0.11046881224339788,1063
TR-fixedKappa,3,03353200,1.9717711201085593,1.5571073442029062,-0.15078789842462986,1070
TR-fixedKappa,3,03456991,1.5215287097730434,1.177743269306572,-0.09349411100400061,1069
TR-fixedKappa,3,04027000,1.6665243695925438,1.1538955435157705,-0.13135955746098293,1054
TR-fixedKappa,3,04043238,1.4501920073671126,1.0499706575820105,-0.16560989751664013,1076
TR-fixedKappa,3,04043244,1.3926593560634921,1.0345867363817167,-0.05339540938766495,1079
TR-fixedKappa,3,04067500,1.216049468132287,0.8723880938231952,-0.10189855450365673,1042
TR-fixedKappa,3,04077630,1.52995596949805,1.0860743414515104,0.039021093489076855,1092
TR-fixedKappa,3,04124200,0.5186718263067174,0.3890066170419028,0.03161699579943211,1090
TR-fixedKappa,3,04125460,1.2606201299926583,0.9728952863112024,-0.061196154990503876,1085
TR-fixedKappa,3,04137005,0.7677112702573725,0.5683569330694702,0.028306891514426637,1088
TR-fixedKappa,3,04176500,1.2732063415187003,0.958053403295188,-0.03333550940550669,1083
TR-fixedKappa,3,04208000,1.6248687262857038,1.2647299820803521,-0.09748031286546463,1021
TR-fixedKappa,3,05054000,0.9179805843249855,0.6529558340020822,-0.0086703310917264,1068
TR-fixedKappa,3,05057000,1.4879280451332642,1.040111923514534,-0.003423673860911176,1062
TR-fixedKappa,3,05289800,1.5201976296325068,1.1486248913196182,0.01711540790177389,861
TR-fixedKappa,3,05331833,1.4815905696625753,1.1136404567864693,-0.0062330647380715995,1034
TR-fixedKappa,3,05370000,0.8911783682294687,0.6367863960892839,0.029238783863975746,1088
TR-fixedKappa,3,05382255,1.1462569335236732,0.8756580288088693,0.050191625323651484,1092
TR-fixedKappa,3,05382257,1.783824057643901,1.3278423306461624,-0.17119457375760883,1082
TR-fixedKappa,3,05406457,1.116138282776225,0.8676776425642011,0.02917521472864939,983
TR-fixedKappa,3,05458300,1.740795884832343,1.25327432726501,-0.1513395930177399,1050
TR-fixedKappa,3,05517000,1.7317229795096043,1.3584592424305806,-0.2150443153667363,1092
TR-fixedKappa,3,06036805,1.3353691472987004,1.0527253654456754,0.01312236088492414,1088
TR-fixedKappa,3,06036905,1.6524178162727334,1.3055439355172518,-0.020531990589239664,1092
TR-fixedKappa,3,06036940,1.8026293889129896,1.3762181527024016,0.7392550629432048,1090
TR-fixedKappa,3,06041000,1.0377605316772707,0.7000883320320093,0.008622089050872004,1059
TR-fixedKappa,3,06623800,0.8276249422859069,0.5643642042618265,0.057240056163054366,920
TR-fixedKappa,3,06894000,1.5695930739470045,1.2301888829027128,-0.031567687516037675,1064
TR-fixedKappa,3,06934500,0.948279646797654,0.7427500322029962,0.011523900027559332,864
TR-fixedKappa,3,07106000,1.769286949785507,1.3572423502544746,-0.08659117036170001,866
TR-fixedKappa,3,07178200,1.5120621267124832,1.1788676049112616,0.052300355465961526,907
TR-fixedKappa,3,07194880,1.2291771121092236,0.9515064362196896,-0.10403038047210517,513
TR-fixedKappa,3,07332622,1.997701753080088,1.4989509534026157,0.03320042682004113,865
TR-fixedKappa,3,08048000,1.4753643924029807,1.0905916147346957,-0.1039992408292839,830
TR-fixedKappa,3,08052700,2.3749615412480436,1.8026995070496037,-0.17002617676473114,754
TR-fixedKappa,3,08065350,1.3541080810449864,1.0235570793427975,-0.10287491000840285,898
TR-fixedKappa,3,08070200,1.6114112809290804,1.2437669664822526,-0.06433774135151848,1037
TR-fixedKappa,3,08123850,2.0822795364448283,1.5981399668938916,-0.0012156816629263006,754
TR-fixedKappa,3,09136100,1.188034857619662,0.9333792743059348,-0.11184684148444561,1085
TR-fixedKappa,3,09144250,1.0733416394844228,0.8585421528824426,-0.05962349650099737,1090
TR-fixedKappa,3,09149500,1.1315666362886836,0.879695576336576,-0.0047788342986351436,1092
TR-fixedKappa,3,09163500,1.009852441527842,0.7863613538962579,-0.06986204270860213,1092
TR-fixedKappa,3,09180000,1.2715496285602206,0.9856511033622077,-0.08921151619720141,1086
TR-fixedKappa,3,09261000,1.1870667589163846,0.8849836804244016,0.029965678388152707,1023
TR-fixedKappa,3,09302000,1.1867285005216723,0.8817600925072804,0.1067778694767798,1068
TR-fixedKappa,3,09380000,0.5521446663673841,0.40067096338039493,-0.08779024907840352,1066
TR-fixedKappa,3,10129900,1.1318311843772697,0.8137492136794979,-0.032850840924278146,1071
TR-fixedKappa,3,10301500,1.5656961979636694,1.2073421880267352,-0.03098470846830565,1066
TR-fixedKappa,3,10351600,1.3094885897989252,1.0308140392085898,0.053351847028550975,1052
TR-fixedKappa,3,11262900,1.4100243650950055,1.0949192561986256,0.008979260263267477,652
TR-fixedKappa,3,11467000,0.9077697183271428,0.7185697814047118,-0.05488118758568399,1092
TR-fixedKappa,3,11507500,1.232182738214633,0.9469468771183228,-0.01524140993371988,1092
TR-fixedKappa,3,12056500,0.5984722753926591,0.4664458205890208,-0.028277374903361,1065
TR-fixedKappa,3,12115000,0.586689720551304,0.452505339884829,-0.03581462967123506,1007
TR-fixedKappa,3,12117600,0.6775095906396165,0.5317386491831405,-0.06356963499998436,1092
TR-fixedKappa,3,12210700,1.0344052272108866,0.8138307885552883,-0.04607684261858034,967
TR-fixedKappa,3,12212050,1.033997007694098,0.7658506826278823,-0.01660268771425358,962
TR-fixedKappa,3,12213100,1.166971522090823,0.9235508614781432,-0.09083982269814055,1023
TR-fixedKappa,3,12363000,0.7962279743056081,0.6106761194561153,-0.03764280954846372,1057
TR-fixedKappa,3,12398600,0.5832287751881329,0.4332375504225493,0.0034311369664612405,1050
TR-fixedKappa,3,13018350,1.3297199007253673,0.9804893401907872,0.09665099102355408,1063
TR-fixedKappa,3,13154500,0.5636178596366012,0.4374237401144846,-0.018485587333148187,1092
TR-fixedKappa,3,13317660,0.5359032504309555,0.4204781800399333,0.016836053023844832,1092
TR-fixedKappa,3,13342500,0.8826521278313644,0.6696538447678745,-0.11465950348438361,1092
TR-fixedKappa,3,14091500,0.6141136150764331,0.47329143565216353,0.012506946757599549,1092
TR-fixedKappa,3,14150800,1.2657778343965729,0.9810400522672212,-0.05740707060356279,1092
TR-fixedKappa,3,14151000,1.1612637854560388,0.7685796166272988,-0.01802794507571626,1064
TR-fixedKappa,3,14152000,0.6615182047709705,0.5153700197727308,-0.005130481282505425,1090
TR-fixedKappa,3,14153500,0.530033339589775,0.3880444797702726,-0.02654868657399461,1082
TR-fixedKappa,3,14154500,1.2217248014595021,0.9381992666541322,-0.04461537884963372,1086
TR-fixedKappa,3,14159500,0.6011084660830167,0.41642514480484855,-0.020821852551566225,1080
TR-fixedKappa,3,14161500,0.8352506992995167,0.6305296422587793,0.07375202167978163,1086
TR-fixedKappa,3,14179000,0.9014227551284648,0.69170987144554,-0.17434441662175665,979
TR-fixedKappa,3,14185000,1.0867269409915956,0.8338559639711511,-0.06162012995811717,1018
TR-fixedKappa,3,14210000,0.6247067462390261,0.4585337328427843,-0.070650135790226,1086
TR-fixedKappa,3,14211499,1.372182804195799,1.045368996975933,-0.08488230117753343,1082
TR-fixedKappa,3,14211500,1.467111600554106,1.1139934859957015,-0.08160124456314813,1050
TR-fixedKappa,3,14320934,1.0696596671242145,0.8186996747131775,-0.15183312075923916,1071
TR-fixedKappa,3,255534081324000,1.7041529932208268,1.3077680074459435,-0.06826615554189996,1059
TR-fixedKappa,7,01073319,1.846137642783868,1.3729041798419048,-0.13314979436106406,954
TR-fixedKappa,7,01104415,1.658616561440944,1.2852320779690218,-0.48341101539401576,939
TR-fixedKappa,7,01104455,1.7338306452769394,1.246836259750549,-0.10474659931160017,835
TR-fixedKappa,7,01104475,1.7269607541124485,1.3421092022972034,-0.5399831337778098,1076
TR-fixedKappa,7,01129500,1.6274013364634072,1.144895570364486,-0.2539843927772702,1088
TR-fixedKappa,7,01400500,2.1326044249085236,1.6500319296274994,-0.2397144334453369,952
TR-fixedKappa,7,01408029,1.987467164715437,1.5522919675596407,-0.4716983429043093,856
TR-fixedKappa,7,01425000,0.9869097139290951,0.665543922985142,-0.05558604803500752,1056
TR-fixedKappa,7,01426500,1.384995979239718,1.071322744642945,0.1384789112246141,914
TR-fixedKappa,7,01427207,1.8626032012781157,1.4369929863194306,-0.024055252782825266,1063
TR-fixedKappa,7,01428500,2.0635529474991814,1.5953789418962636,0.022430683258899718,1054
TR-fixedKappa,7,01463500,1.8055699991641272,1.424541680577953,-0.0586835659619442,1062
TR-fixedKappa,7,01480617,1.9449568405584197,1.5295579300161632,-0.29025557190733775,1076
TR-fixedKappa,7,01540500,1.755172215244808,1.3791167723213278,-0.14762636730130502,911
TR-fixedKappa,7,01542500,2.070399490870445,1.6204371513539653,0.392110909751041,1078
TR-fixedKappa,7,01549700,2.140574133431756,1.6560646718472574,-0.23705178707112531,1068
TR-fixedKappa,7,02110701,2.151534340052162,1.6621031544132656,-0.2264141081844024,1037
TR-fixedKappa,7,02176930,1.959594757185526,1.5029840481854402,-0.47623777227906083,1040
TR-fixedKappa,7,02266300,1.7885502633706793,1.367695147065974,-0.4358645426693248,1072
TR-fixedKappa,7,02330450,1.7682791917094187,1.3059331755524588,-0.3007057729789189,1050
TR-fixedKappa,7,02334430,0.4244837881887892,0.32533119960742835,-0.22708721870885173,1088
TR-fixedKappa,7,02334885,2.016060471817455,1.4991137336720437,-0.3733016373041798,1088
TR-fixedKappa,7,02336120,2.1130861930335767,1.5586412033438681,-0.1852826896309853,1080
TR-fixedKappa,7,02336300,2.1772269147397103,1.6344374918232565,-0.04986240676502645,1082
TR-fixedKappa,7,02336728,2.209363596578933,1.6798734921948175,-1.318359983543481,1076
TR-fixedKappa,7,02397000,1.5287157247179837,1.1918426238675215,-0.10737019043532849,1082
TR-fixedKappa,7,02455980,1.741807415724202,1.2758371977810725,-0.12788490021078186,1029
TR-fixedKappa,7,02458450,1.8418500751327083,1.3712612809290305,-0.16207699027888442,1084
TR-fixedKappa,7,02474560,2.2142752398065815,1.7094021329666649,-0.05575431600851278,1074
TR-fixedKappa,7,03007800,2.093105845993371,1.632344475613755,-0.02525877157072421,1078
TR-fixedKappa,7,03034000,2.1595443788328224,1.7015977788652934,-0.1554577886648264,1054
TR-fixedKappa,7,03036000,1.395680727581437,1.0171948019575292,-0.12915630181676876,1070
TR-fixedKappa,7,03047000,1.809871859036074,1.3323378490907254,0.015011618373580745,1085
TR-fixedKappa,7,03077500,0.6218694042896004,0.4730995787016236,0.12105695896809643,1010
TR-fixedKappa,7,03105500,2.10047528167829,1.5912532139576432,-0.3103444788252489,1078
TR-fixedKappa,7,03106000,2.3320972952072987,1.8194640041460972,-0.1925256921267929,1023
TR-fixedKappa,7,03301900,2.097989080835145,1.6184138664419616,-0.2563187259915881,1055
TR-fixedKappa,7,03353200,2.331034796410527,1.8544329926273722,-0.29492617493414963,1066
TR-fixedKappa,7,03456991,1.8741230629900547,1.4719115137266663,-0.16329632177667797,1060
TR-fixedKappa,7,04027000,2.0185727573707246,1.385177399782391,-0.26588683076124586,1047
TR-fixedKappa,7,04043238,1.71219612515836,1.2188456615953107,-0.3010494328096133,1071
TR-fixedKappa,7,04043244,1.628168266104262,1.2039937439335495,-0.13779201328086588,1071
TR-fixedKappa,7,04067500,1.743910527807168,1.2304493056268682,-0.17835636107814554,1028
TR-fixedKappa,7,04077630,1.8828328196288082,1.3509455399998629,0.013759583273135548,1088
TR-fixedKappa,7,04124200,0.8397624794164784,0.6210446178199617,0.005615309583328509,1086
TR-fixedKappa,7,04125460,1.5458784056865187,1.1942061432892526,-0.14842899448065844,1080
TR-fixedKappa,7,04137005,1.306698866469501,0.9595401518912883,-0.010700685227104214,1084
TR-fixedKappa,7,04176500,1.9333841474065754,1.47892529068854,-0.1499162978267636,1076
TR-fixedKappa,7,04208000,2.010639560034253,1.5571458422238864,-0.22922306706507997,1008
TR-fixedKappa,7,05054000,1.5064116961599692,1.0732044432735657,-0.0695423061993776,1058
TR-fixedKappa,7,05057000,1.9829281236212677,1.3875453577614159,-0.06678452778522614,1052
TR-fixedKappa,7,05289800,1.9588305278204348,1.480180891116078,-0.05653660075801711,832
TR-fixedKappa,7,05331833,1.745786809411817,1.3200303122722008,-0.07982260673771628,1022
TR-fixedKappa,7,05370000,1.227562499848585,0.8837708726030434,0.011932614577652326,1084
TR-fixedKappa,7,05382255,1.4166067068692982,1.1078318493810537,0.045985545441234406,1088
TR-fixedKappa,7,05382257,1.8758204040322723,1.4019303241996905,-0.25608244563741456,1078
TR-fixedKappa,7,05406457,1.2830087005835613,1.0035490761333585,-0.02120588663063873,971
TR-fixedKappa,7,05458300,2.254942444526246,1.6505576006334226,-0.37728030178893307,1038
TR-fixedKappa,7,05517000,2.2109521407872417,1.7327049684628626,-0.40134720098062915,1088
TR-fixedKappa,7,06036805,1.4825794551890266,1.1929941149050458,0.004007980199977454,1084
TR-fixedKappa,7,06036905,1.8514769475157102,1.4964921477086406,-0.0830755928859991,1088
TR-fixedKappa,7,06036940,2.1159349120781132,1.6241784357453797,1.0063739804712228,1086
TR-fixedKappa,7,06041000,1.5565653031395195,1.0989628949428372,-0.04295552679704443,1056
TR-fixedKappa,7,06623800,0.9382463053447316,0.6350606220496335,0.07815034541200842,912
TR-fixedKappa,7,06894000,2.146628004713191,1.702187164560623,-0.14158609544994025,1057
TR-fixedKappa,7,06934500,1.5721249600068516,1.2403561457051406,-0.11564015336866888,840
TR-fixedKappa,7,07106000,1.8510316514985476,1.4542736589431906,-0.233026147699116,844
TR-fixedKappa,7,07178200,2.0563174478478925,1.5977363132415932,0.04161749333310099,893
TR-fixedKappa,7,07194880,1.4188018091897328,1.1032658131287831,-0.14996589943914132,505
TR-fixedKappa,7,07332622,2.4189252254313893,1.8455384014367633,0.014731654414098813,848
TR-fixedKappa,7,08048000,1.9776263492107127,1.4854039852252146,-0.284694443417431,799
TR-fixedKappa,7,08052700,2.77978368742526,2.0859594030143773,-0.3612081184416361,736
TR-fixedKappa,7,08065350,2.1360701612664674,1.5867866299517912,-0.2010265267959176,874
TR-fixedKappa,7,08070200,2.2239947176996755,1.6676299039437683,-0.16111895209278082,1027
TR-fixedKappa,7,08123850,2.489557779473873,1.8773397087564274,0.02645063023988882,735
TR-fixedKappa,7,09136100,1.4138192292565106,1.128518260050979,-0.16127496595046037,1080
TR-fixedKappa,7,09144250,1.2986985638570574,1.0555214941926971,-0.08201267279231746,1086
TR-fixedKappa,7,09149500,1.2944317294332714,1.0270598081817084,-0.01916489672901877,1088
TR-fixedKappa,7,09163500,1.3622342520991748,1.0877879458941822,-0.11716447099529702,1088
TR-fixedKappa,7,09180000,1.5821724174359955,1.2604385842725827,-0.15051341993655049,1082
TR-fixedKappa,7,09261000,1.5715911970402126,1.1971045217521925,0.03419674915804147,1011
TR-fixedKappa,7,09302000,1.5072526391821717,1.1780678482246496,0.1258854714389188,1060
TR-fixedKappa,7,09380000,0.8148921142439578,0.6316446863248005,-0.30414304123211894,1063
TR-fixedKappa,7,10129900,1.3183840735160386,0.9906800131989957,-0.04286588791272522,1067
TR-fixedKappa,7,10301500,1.9032029041805212,1.5217517613071314,-0.06990249623105209,1060
TR-fixedKappa,7,10351600,1.6787298817571474,1.3644574114993544,0.12735760211944583,1037
TR-fixedKappa,7,11262900,1.580511449697237,1.2622560670179306,-0.0620490642209446,643
TR-fixedKappa,7,11467000,1.2500572268569075,1.0093520142576276,-0.10216672148774653,1088
TR-fixedKappa,7,11507500,1.8052989567909123,1.389566180277068,-0.09237019284628332,1088
TR-fixedKappa,7,12056500,0.7795863864498982,0.6134430797797052,-0.028746982780175054,1057
TR-fixedKappa,7,12115000,0.707102250495469,0.5316792694519074,-0.06931913305604014,991
TR-fixedKappa,7,12117600,0.8451862454995793,0.666596132560688,-0.15792996247901636,1088
TR-fixedKappa,7,12210700,1.2265125038911089,0.9629112997071522,-0.11723309866490197,941
TR-fixedKappa,7,12212050,1.3379916418287072,0.9990575475860506,-0.07862994598427307,938
TR-fixedKappa,7,12213100,1.418521603679441,1.1366765478918255,-0.20818721383868877,1013
TR-fixedKappa,7,12363000,0.9978335358871459,0.7653939011432372,-0.061533412393961574,1052
TR-fixedKappa,7,12398600,0.9743802599383107,0.7356204680812449,-0.03955735431665883,1042
TR-fixedKappa,7,13018350,1.4615602276370474,1.140432949317222,0.043115403792375086,1055
TR-fixedKappa,7,13154500,0.8440560833144576,0.6600385358228403,-0.09008067977779052,1088
TR-fixedKappa,7,13317660,0.7804475951856733,0.6251783335471854,0.038023423140539844,1088
TR-fixedKappa,7,13342500,1.1642295706391237,0.8653520354343689,-0.18789016864098168,1088
TR-fixedKappa,7,14091500,0.6531371591144861,0.5051008431788754,-0.024699845165014264,1088
TR-fixedKappa,7,14150800,1.6092331345264208,1.2343254019232357,-0.15299444654408625,1088
TR-fixedKappa,7,14151000,1.6704572094422052,1.2003948034662189,-0.10015684610063377,1056
TR-fixedKappa,7,14152000,0.9336204918764394,0.7341724414193169,-0.06958576706452486,1086
TR-fixedKappa,7,14153500,0.8879289619020173,0.6594894541437859,-0.059779092376440086,1078
TR-fixedKappa,7,14154500,1.6416830708596681,1.257260998494083,-0.12740371542364745,1082
TR-fixedKappa,7,14159500,0.8625097609347419,0.6308041397080545,-0.0627974683024183,1076
TR-fixedKappa,7,14161500,1.0714081118325895,0.8110995957018488,0.13462119258926453,1082
TR-fixedKappa,7,14179000,1.0879238940320477,0.841252669910857,-0.31041388877791726,967
TR-fixedKappa,7,14185000,1.3791195316038665,1.0561342881166675,-0.12433968813234486,1006
TR-fixedKappa,7,14210000,0.9876818627540607,0.7615148574279108,-0.1768886136920527,1082
TR-fixedKappa,7,14211499,1.6709292892997696,1.2694218888323845,-0.21111772591785788,1074
TR-fixedKappa,7,14211500,1.8255659156109352,1.379036118881554,-0.185695781091754,1045
TR-fixedKappa,7,14320934,1.4386383409451013,1.1061797641721882,-0.2893295819149878,1064
TR-fixedKappa,7,255534081324000,1.9056681311710117,1.4807931132721153,-0.26791849290904146,1049
TR-noDynamicPrior,1,01073319,0.652072727118272,0.47865020700112304,0.049421520423703354,970
TR-noDynamicPrior,1,01104415,0.9492335081810379,0.7337023261868619,-0.09283289589941442,961
TR-noDynamicPrior,1,01104455,0.9808780042113441,0.6599712736764043,0.02342480707843345,848
TR-noDynamicPrior,1,01104475,0.846485643439015,0.6552088808947505,-0.09593683451578765,1086
TR-noDynamicPrior,1,01129500,0.6300597105053439,0.463395901029726,-0.013899186516705868,1094
TR-noDynamicPrior,1,01400500,0.7228514322291526,0.5357376807389269,0.027433030362087815,979
TR-noDynamicPrior,1,01408029,0.8563126849657395,0.6559941765535561,-0.0618395806328884,891
TR-noDynamicPrior,1,01425000,0.44774955977650666,0.32059213668107994,0.034998235395595205,1072
TR-noDynamicPrior,1,01426500,0.7880202998091179,0.5996031065675322,0.10462052320397973,932
TR-noDynamicPrior,1,01427207,0.6828149189013064,0.5113629498391119,0.07843863183295365,1076
TR-noDynamicPrior,1,01428500,0.5928283894386231,0.4464836822011933,0.09305113892387214,1066
TR-noDynamicPrior,1,01463500,0.482645797850945,0.37509022695796435,0.0445595421874246,1075
TR-noDynamicPrior,1,01480617,0.8667926824719473,0.6675114252380512,0.09840969232919583,1085
TR-noDynamicPrior,1,01540500,0.4554990733401408,0.3490746317323177,0.02722215853871837,930
TR-noDynamicPrior,1,01542500,0.6696744757641717,0.5154903136872323,0.16670918714978217,1087
TR-noDynamicPrior,1,01549700,0.7068821309169634,0.528391136388509,0.02996366696594202,1081
TR-noDynamicPrior,1,02110701,0.7272532121837164,0.5394662107025815,0.024264720283995588,1049
TR-noDynamicPrior,1,02176930,0.8235997211568409,0.6155830982969923,-0.07025039314884064,1053
TR-noDynamicPrior,1,02266300,0.6524174278885704,0.4707298789548301,-0.04898520352547631,1083
TR-noDynamicPrior,1,02330450,0.8054047827517204,0.5847842680444395,-0.0214330464713555,1064
TR-noDynamicPrior,1,02334430,0.33069821677923933,0.23816096290156002,-0.08997354734096491,1094
TR-noDynamicPrior,1,02334885,0.6351480025103922,0.45878845928356027,-0.024070418927089793,1094
TR-noDynamicPrior,1,02336120,0.8001130862489835,0.5815068060521922,0.04468268926631024,1086
TR-noDynamicPrior,1,02336300,0.8233446305034829,0.6072948631015391,0.0857162901020925,1090
TR-noDynamicPrior,1,02336728,0.7127430247169134,0.5361626101199384,-0.28140097596128966,1085
TR-noDynamicPrior,1,02397000,0.42772958180869236,0.32766266780741077,0.03168079853057861,1088
TR-noDynamicPrior,1,02455980,0.7557224153514795,0.5479384599244674,0.05946733672544003,1051
TR-noDynamicPrior,1,02458450,0.7610361654882848,0.5564548651523048,0.04355838786124308,1091
TR-noDynamicPrior,1,02474560,0.5379071953026797,0.41045384868073864,0.09569284687604253,1086
TR-noDynamicPrior,1,03007800,0.7559704648846072,0.5685632190714215,0.064514586626935,1087
TR-noDynamicPrior,1,03034000,0.8270314254992345,0.6385687926777128,0.007766704351272245,1060
TR-noDynamicPrior,1,03036000,0.5235946459341251,0.3963108843235615,0.029399615922896177,1079
TR-noDynamicPrior,1,03047000,0.5525910666787563,0.41453484582791633,0.05081756507037981,1090
TR-noDynamicPrior,1,03077500,0.30748487613056885,0.22947194022126496,0.057204602705314744,1024
TR-noDynamicPrior,1,03105500,0.7056529571777787,0.5133015173156342,-0.03806422161998338,1086
TR-noDynamicPrior,1,03106000,0.7611274700999585,0.5778082706749897,0.0034735139570307313,1041
TR-noDynamicPrior,1,03301900,0.9331459382716006,0.6916939260863633,0.0048517179009173236,1068
TR-noDynamicPrior,1,03353200,0.8805407740323394,0.6633076897052439,-0.021697548616465744,1073
TR-noDynamicPrior,1,03456991,0.7595872690259632,0.5760861467186122,0.007272354407562823,1077
TR-noDynamicPrior,1,04027000,0.7129142294695562,0.5007943302059403,-0.020007775193229525,1061
TR-noDynamicPrior,1,04043238,0.795253348201296,0.5639629837487387,-0.02165878126664807,1081
TR-noDynamicPrior,1,04043244,0.7857102175438947,0.579147910950009,0.02238502463021439,1083
TR-noDynamicPrior,1,04067500,0.45684415201951206,0.34610537584427564,-0.00884524458309725,1050
TR-noDynamicPrior,1,04077630,0.6969002371049327,0.5022869775445461,0.06208950644367505,1094
TR-noDynamicPrior,1,04124200,0.31813803322688355,0.24272154553796782,0.05043929973037252,1092
TR-noDynamicPrior,1,04125460,0.5327915056601941,0.4082612882222026,0.028438159675637543,1089
TR-noDynamicPrior,1,04137005,0.3597498807185199,0.2765768940709907,0.05951006153272338,1091
TR-noDynamicPrior,1,04176500,0.4574673177272289,0.34577675907857197,0.04012266660110018,1087
TR-noDynamicPrior,1,04208000,0.6623243540143604,0.5033396510020473,-0.0053187934896694,1040
TR-noDynamicPrior,1,05054000,0.36788118529677555,0.2625769836177226,0.029748501160898735,1076
TR-noDynamicPrior,1,05057000,0.5795166650856938,0.40864814281229705,0.03979182543203362,1067
TR-noDynamicPrior,1,05289800,0.7345865438426085,0.5314506570908337,0.044970371003610225,887
TR-noDynamicPrior,1,05331833,0.816493305106362,0.6059257743125799,0.0633854282208345,1042
TR-noDynamicPrior,1,05370000,0.44751255531910594,0.32829460260739135,0.03923903844642813,1091
TR-noDynamicPrior,1,05382255,0.6505748620276258,0.4870814983094523,0.05041435324813372,1094
TR-noDynamicPrior,1,05382257,1.3130992530094758,0.9466658765599474,-0.09737595652654975,1085
TR-noDynamicPrior,1,05406457,0.7805303483009742,0.5711694749962374,0.06847089246573695,996
TR-noDynamicPrior,1,05458300,0.672025137376285,0.47959093379331225,-0.0031004011362158646,1060
TR-noDynamicPrior,1,05517000,0.6795911958618822,0.5185461138962499,-0.04487712813415302,1094
TR-noDynamicPrior,1,06036805,0.8212804660606374,0.627921768533976,0.056613634601850024,1091
TR-noDynamicPrior,1,06036905,0.9677136893484306,0.7291597350641841,0.03999527803940569,1094
TR-noDynamicPrior,1,06036940,1.2150326046624684,0.898519353552179,0.4899852829538423,1092
TR-noDynamicPrior,1,06041000,0.4322778973531981,0.3007882443883965,0.03963833494744428,1066
TR-noDynamicPrior,1,06623800,0.5898411344376668,0.3947498366301124,0.06894337140547262,925
TR-noDynamicPrior,1,06894000,0.5869336114337487,0.4337396181814039,0.031476829837618465,1072
TR-noDynamicPrior,1,06934500,0.3432953578740372,0.26120004992104706,0.07478111800406936,887
TR-noDynamicPrior,1,07106000,1.1447647674675472,0.845174837709471,0.021960170126320514,896
TR-noDynamicPrior,1,07178200,0.6470347890225179,0.4650367037600671,0.07714258937969146,929
TR-noDynamicPrior,1,07194880,0.765339716479718,0.5601166343320039,0.011818726796015531,517
TR-noDynamicPrior,1,07332622,0.9903819291502534,0.6989896482667104,0.06472696839982399,878
TR-noDynamicPrior,1,08048000,0.6337209019257,0.44583829520730406,0.006508124631993887,850
TR-noDynamicPrior,1,08052700,1.1861091161831019,0.8582308329481285,0.001020055329391699,789
TR-noDynamicPrior,1,08065350,0.46677182369706177,0.3459371131195034,0.04230946470847659,913
TR-noDynamicPrior,1,08070200,0.6431366810564626,0.47249826467604866,0.05294198935372488,1050
TR-noDynamicPrior,1,08123850,0.9495985137160637,0.7099752061214721,0.07893688638331525,767
TR-noDynamicPrior,1,09136100,0.731795939479395,0.5556712474574782,-0.021860937276791826,1089
TR-noDynamicPrior,1,09144250,0.5828191386569113,0.4512734559484016,0.011883937941366062,1092
TR-noDynamicPrior,1,09149500,0.6917276565937,0.5134121143185897,0.028642956751792025,1094
TR-noDynamicPrior,1,09163500,0.42732517694671535,0.3276367097110632,0.0018913932422165987,1094
TR-noDynamicPrior,1,09180000,0.6442542916392119,0.47655619184860293,-0.003591743598053278,1089
TR-noDynamicPrior,1,09261000,0.5232020943266099,0.3731466199182942,0.0466260583625471,1032
TR-noDynamicPrior,1,09302000,0.6124421889894851,0.4369717776218214,0.08989330191651683,1074
TR-noDynamicPrior,1,09380000,0.3059971749596004,0.21927878064904072,-0.04054930332779775,1069
TR-noDynamicPrior,1,10129900,0.6295660514990267,0.44767414087699703,0.010415751650430911,1076
TR-noDynamicPrior,1,10301500,0.8204376358572899,0.5972281118234,0.05256477291912564,1074
TR-noDynamicPrior,1,10351600,0.5408782412767855,0.40965708860120753,0.06215188974714547,1062
TR-noDynamicPrior,1,11262900,0.7117315058603607,0.5234568498926929,0.05866379658260546,659
TR-noDynamicPrior,1,11467000,0.3658147068965382,0.2874771721402295,0.0042350244260575326,1094
TR-noDynamicPrior,1,11507500,0.42712752652496,0.32002346211911553,0.04467359790254991,1094
TR-noDynamicPrior,1,12056500,0.32720145981071685,0.24355720974107675,0.011828354611588581,1069
TR-noDynamicPrior,1,12115000,0.3349129346931745,0.2512697808627651,0.008772934631846542,1017
TR-noDynamicPrior,1,12117600,0.3892671025190081,0.29529453008222845,0.02291827249788499,1094
TR-noDynamicPrior,1,12210700,0.5816638385566978,0.4472158826682963,0.014841899727513807,983
TR-noDynamicPrior,1,12212050,0.5121961842060865,0.37448847524601053,0.03025099619294577,979
TR-noDynamicPrior,1,12213100,0.5930125566747969,0.453558985353604,-0.005612567205994778,1041
TR-noDynamicPrior,1,12363000,0.404596421030683,0.3039737222687991,0.021552827028614108,1056
TR-noDynamicPrior,1,12398600,0.27575921384963936,0.2012121242240184,0.024527190883207657,1061
TR-noDynamicPrior,1,13018350,0.7196645219199077,0.5151249700149516,0.09920389118312835,1067
TR-noDynamicPrior,1,13154500,0.26231732664975127,0.20512352809173753,0.02427945790822589,1094
TR-noDynamicPrior,1,13317660,0.22917291577640855,0.1795164284802006,0.048025257277968185,1094
TR-noDynamicPrior,1,13342500,0.42516317960829175,0.31824584677951645,0.0034848357739788362,1094
TR-noDynamicPrior,1,14091500,0.37007441131958774,0.28767148140797455,0.03268526873161415,1094
TR-noDynamicPrior,1,14150800,0.5856171873864482,0.4579719220916358,0.01576043674671235,1094
TR-noDynamicPrior,1,14151000,0.5249993611735214,0.3225137333278887,0.02424386198678423,1073
TR-noDynamicPrior,1,14152000,0.34195608221177737,0.2591293712238689,0.03179272819351367,1092
TR-noDynamicPrior,1,14153500,0.2566423424606319,0.18879854648372305,0.009091150519158552,1086
TR-noDynamicPrior,1,14154500,0.5031688306488453,0.3915110633392965,0.015524590332864954,1089
TR-noDynamicPrior,1,14159500,0.35210008994348385,0.23928403045724614,0.012006142172395925,1085
TR-noDynamicPrior,1,14161500,0.41808753595603493,0.3214737207326898,0.07205844687364646,1089
TR-noDynamicPrior,1,14179000,0.48049212558491816,0.3596442733440302,-0.053233151690003866,985
TR-noDynamicPrior,1,14185000,0.4851852909894027,0.3804006038526209,0.01152211531197152,1025
TR-noDynamicPrior,1,14210000,0.2975199666560432,0.2173254496472723,0.00445584378698291,1088
TR-noDynamicPrior,1,14211499,0.6349345738291261,0.48055624770031447,0.02351294629975573,1086
TR-noDynamicPrior,1,14211500,0.6270060350116184,0.4769343382657919,0.022413862222119406,1064
TR-noDynamicPrior,1,14320934,0.46385139929201685,0.3580845284705485,-0.02860435283947786,1077
TR-noDynamicPrior,1,255534081324000,0.795173256363762,0.5989216099071145,0.1044776307509633,1068
TR-noDynamicPrior,3,01073319,1.5432019464297468,1.130070682543357,0.027432259334699553,964
TR-noDynamicPrior,3,01104415,1.5314920179185876,1.2137166855774428,-0.3238184530295824,950
TR-noDynamicPrior,3,01104455,1.5072474923789745,1.1004925214240275,-0.052153990079216825,843
TR-noDynamicPrior,3,01104475,1.524516207333971,1.2238568880511698,-0.3185865978528569,1081
TR-noDynamicPrior,3,01129500,1.3681060559160694,0.99728819846266,-0.1131259408696715,1092
TR-noDynamicPrior,3,01400500,1.7288554551911512,1.3453471402628885,-0.06696816492767232,955
TR-noDynamicPrior,3,01408029,1.7753059400055107,1.4072120603942817,-0.2394805192165799,877
TR-noDynamicPrior,3,01425000,0.7612635628357434,0.5115792374319874,0.0019932359149198403,1065
TR-noDynamicPrior,3,01426500,1.216245352301185,0.9335215459374578,0.15421794359421367,926
TR-noDynamicPrior,3,01427207,1.4955061393649636,1.1444437021873544,0.043025433963565035,1070
TR-noDynamicPrior,3,01428500,1.5298422206105662,1.1655586913440859,0.08681169491247173,1059
TR-noDynamicPrior,3,01463500,1.287039754098687,1.0150648926532715,0.057768226378710465,1070
TR-noDynamicPrior,3,01480617,1.687748965953712,1.3417693551822945,-0.009138900063655999,1080
TR-noDynamicPrior,3,01540500,1.1697807479037818,0.9059220645709907,-0.021446254676690236,923
TR-noDynamicPrior,3,01542500,1.6325233069030094,1.279137613428085,0.2779222113319609,1082
TR-noDynamicPrior,3,01549700,1.6735970374471523,1.2978596657883636,-0.04114054432528657,1075
TR-noDynamicPrior,3,02110701,1.7374310523772794,1.336541628632641,-0.03209570353671042,1047
TR-noDynamicPrior,3,02176930,1.6209469562182137,1.2338076432811393,-0.23354957680438312,1048
TR-noDynamicPrior,3,02266300,1.49602996866092,1.1468846694436718,-0.29556325583378323,1078
TR-noDynamicPrior,3,02330450,1.493459518683562,1.1054122718498252,-0.131899960133439,1058
TR-noDynamicPrior,3,02334430,0.4712068912692027,0.3519134029800639,-0.2574479596518771,1092
TR-noDynamicPrior,3,02334885,1.6016553137673168,1.1913970276549621,-0.12350767689310149,1092
TR-noDynamicPrior,3,02336120,1.7673527314281567,1.327241823115763,-0.008072524932307841,1082
TR-noDynamicPrior,3,02336300,1.824487599418206,1.3812088413791763,0.07761362865704419,1086
TR-noDynamicPrior,3,02336728,1.5542566255973058,1.176383206314511,-0.7635588966475593,1080
TR-noDynamicPrior,3,02397000,1.0827133596962026,0.8394846776700831,0.02528526162267721,1087
TR-noDynamicPrior,3,02455980,1.4787417919246282,1.1104099949239195,-0.015500628386011964,1039
TR-noDynamicPrior,3,02458450,1.5220284499966998,1.1616043416892783,-0.025497332565924694,1088
TR-noDynamicPrior,3,02474560,1.4637484758874857,1.1434805042862672,0.0790455768377195,1082
TR-noDynamicPrior,3,03007800,1.715574363261078,1.3356001226396716,0.03946530920403442,1082
TR-noDynamicPrior,3,03034000,1.8199858066064325,1.4294386239732932,-0.06814006820659105,1058
TR-noDynamicPrior,3,03036000,0.9156362872730927,0.6736817244204452,0.030730771204696035,1074
TR-noDynamicPrior,3,03047000,1.1702383510047847,0.841973134048064,0.06486857155995336,1088
TR-noDynamicPrior,3,03077500,0.4753011694057623,0.3563105354131262,0.05949112507967065,1019
TR-noDynamicPrior,3,03105500,1.6549644657872669,1.2616494224356856,-0.120372182111533,1082
TR-noDynamicPrior,3,03106000,1.8869572712675957,1.4684524824111445,-0.06184906604586302,1034
TR-noDynamicPrior,3,03301900,1.7813260723127835,1.3729286243022891,-0.08544173390374134,1063
TR-noDynamicPrior,3,03353200,1.9624112998591345,1.5520154768952699,-0.14875824829685358,1070
TR-noDynamicPrior,3,03456991,1.5152841090663713,1.174125302139011,-0.08837722233236114,1069
TR-noDynamicPrior,3,04027000,1.658669653320459,1.136402545966282,-0.14031703796518688,1054
TR-noDynamicPrior,3,04043238,1.453172241475195,1.0506406605790704,-0.1546128769256313,1076
TR-noDynamicPrior,3,04043244,1.3933391646152644,1.0358301878182614,-0.03833555896681037,1079
TR-noDynamicPrior,3,04067500,1.210417146024652,0.8660500012603168,-0.10235933834591243,1042
TR-noDynamicPrior,3,04077630,1.5212602006172293,1.0788518374338882,0.06274292144426331,1092
TR-noDynamicPrior,3,04124200,0.5264776639534445,0.39222027580672447,0.07499237048516579,1090
TR-noDynamicPrior,3,04125460,1.253513967037426,0.9703316329838493,-0.011552842605498527,1085
TR-noDynamicPrior,3,04137005,0.7606376587426608,0.5665437727454392,0.04999762720373623,1088
TR-noDynamicPrior,3,04176500,1.2634651999054807,0.9490507033571861,-0.028155286801378725,1083
TR-noDynamicPrior,3,04208000,1.625220749527193,1.265945501466456,-0.09224638563528816,1021
TR-noDynamicPrior,3,05054000,0.902959858802679,0.6383691761295193,0.035623770229359676,1068
TR-noDynamicPrior,3,05057000,1.4775939098178057,1.0310958327513309,-0.00035474870806444296,1062
TR-noDynamicPrior,3,05289800,1.531116769599456,1.148800314802235,-0.01121949321091716,861
TR-noDynamicPrior,3,05331833,1.4815625265288936,1.1145972317117094,0.026770407174726497,1034
TR-noDynamicPrior,3,05370000,0.8883004994648995,0.6324186318773118,0.031319127182530986,1088
TR-noDynamicPrior,3,05382255,1.142018984530103,0.878932325911773,0.0674346677699696,1092
TR-noDynamicPrior,3,05382257,1.770226195539079,1.3239804035854867,-0.24493777405973288,1082
TR-noDynamicPrior,3,05406457,1.143351074820023,0.8871900463880383,0.043475035272561406,983
TR-noDynamicPrior,3,05458300,1.7371284121814528,1.2507072187051886,-0.15265894593085566,1050
TR-noDynamicPrior,3,05517000,1.717603079141667,1.3505039517764317,-0.19050893023091578,1092
TR-noDynamicPrior,3,06036805,1.324121844293907,1.042251567810993,0.011531627709593803,1088
TR-noDynamicPrior,3,06036905,1.6472778610682526,1.298819355388264,-0.024650354175777208,1092
TR-noDynamicPrior,3,06036940,1.9201060405002341,1.4668104756206548,0.947140040966349,1090
TR-noDynamicPrior,3,06041000,1.0409640309850121,0.7018562980031381,0.03671427765356357,1059
TR-noDynamicPrior,3,06623800,0.8143330477268397,0.5587358448978604,0.056995244846583124,920
TR-noDynamicPrior,3,06894000,1.5697392245241728,1.2306542971836667,-0.030671563203957728,1064
TR-noDynamicPrior,3,06934500,0.9563091851469749,0.74244447059205,0.10284528192650108,864
TR-noDynamicPrior,3,07106000,1.7679396394009883,1.346389973588615,-0.039626772837674636,866
TR-noDynamicPrior,3,07178200,1.5109790983073668,1.174337687841981,0.07714883961777438,907
TR-noDynamicPrior,3,07194880,1.2234004862097991,0.9395111110010573,-0.09358117473520501,513
TR-noDynamicPrior,3,07332622,2.004853688562254,1.5026199547558852,0.04730152279138564,865
TR-noDynamicPrior,3,08048000,1.4729296760549933,1.0914752316762166,-0.06271159206528258,830
TR-noDynamicPrior,3,08052700,2.3785228213698306,1.8023561043590703,-0.15379403835108174,754
TR-noDynamicPrior,3,08065350,1.3308118862380864,1.0068241209123607,-0.02976768547814252,898
TR-noDynamicPrior,3,08070200,1.596183355895692,1.227898751298395,-0.02667788870654207,1037
TR-noDynamicPrior,3,08123850,2.0858492360579963,1.6028393185107084,0.004558367564760374,754
TR-noDynamicPrior,3,09136100,1.1948844213952903,0.9348926331137183,-0.11694862707556668,1085
TR-noDynamicPrior,3,09144250,1.0864382145811813,0.8680919613600324,-0.05252375608600607,1090
TR-noDynamicPrior,3,09149500,1.1451233174986848,0.8897215558386548,0.005681604791036926,1092
TR-noDynamicPrior,3,09163500,1.0179451727518534,0.7928768618847669,-0.04556976138296851,1092
TR-noDynamicPrior,3,09180000,1.2739461179381546,0.9848501733519672,-0.07045861292753922,1086
TR-noDynamicPrior,3,09261000,1.199120162465265,0.894887763528583,0.02215418355527607,1023
TR-noDynamicPrior,3,09302000,1.1977746331574783,0.88813371505747,0.12228919395571748,1068
TR-noDynamicPrior,3,09380000,0.5265239580447652,0.38021924661203355,-0.11009313411605294,1066
TR-noDynamicPrior,3,10129900,1.1343894055273922,0.826700284523345,-0.005894881247583681,1071
TR-noDynamicPrior,3,10301500,1.569554084756723,1.2029841585353882,0.017747624881048373,1066
TR-noDynamicPrior,3,10351600,1.3101384972100094,1.0220526035294333,0.08956825692390757,1052
TR-noDynamicPrior,3,11262900,1.424196656787697,1.1004421640758864,0.05840589868510423,652
TR-noDynamicPrior,3,11467000,0.8916671599643665,0.7059964160779456,0.011455759810004048,1092
TR-noDynamicPrior,3,11507500,1.232758747247981,0.9453689835583553,-0.010375748839461333,1092
TR-noDynamicPrior,3,12056500,0.6046332941555099,0.47238087546657503,-0.018009476639295398,1065
TR-noDynamicPrior,3,12115000,0.5767805912899158,0.44054182615157034,-0.008344333103183724,1007
TR-noDynamicPrior,3,12117600,0.667871536160979,0.520137898563902,-0.019360881672674038,1092
TR-noDynamicPrior,3,12210700,1.0346440165614543,0.8112784306937685,-0.020266601079622224,967
TR-noDynamicPrior,3,12212050,1.034076798172437,0.7652130749641981,0.05498264501347612,962
TR-noDynamicPrior,3,12213100,1.1623775354754502,0.9182192536203858,-0.07093481363351742,1023
TR-noDynamicPrior,3,12363000,0.7971896002355432,0.6071622899318486,-0.04645954712788336,1057
TR-noDynamicPrior,3,12398600,0.5867558396120237,0.43126684179902075,0.04562004934180349,1050
TR-noDynamicPrior,3,13018350,1.3349492776173648,0.9936822984990534,0.12081582643335242,1063
TR-noDynamicPrior,3,13154500,0.5526984736395221,0.42295250054244155,0.035570938508589174,1092
TR-noDynamicPrior,3,13317660,0.5323912337078333,0.4142686425329565,0.053359849963869374,1092
TR-noDynamicPrior,3,13342500,0.8724689153930026,0.6589364943814365,-0.07170510659942697,1092
TR-noDynamicPrior,3,14091500,0.6203395659604046,0.47623774476977054,0.016747901596865806,1092
TR-noDynamicPrior,3,14150800,1.2714850855413287,0.9848395076863495,-0.04948618682749543,1092
TR-noDynamicPrior,3,14151000,1.1440824400000111,0.7336930951677767,0.0405596862161966,1064
TR-noDynamicPrior,3,14152000,0.6644231531219383,0.5170001979267925,0.028059898428960676,1090
TR-noDynamicPrior,3,14153500,0.5228726528210162,0.38080865473050945,0.015368251527303273,1082
TR-noDynamicPrior,3,14154500,1.2259542130440477,0.9415995826817787,-0.04046221879305757,1086
TR-noDynamicPrior,3,14159500,0.6046055533563099,0.41826022148132325,-0.0017118194368150347,1080
TR-noDynamicPrior,3,14161500,0.841092232323756,0.6357431834354366,0.1090755965169622,1086
TR-noDynamicPrior,3,14179000,0.8972347340814636,0.6898807065479602,-0.1658137680804766,979
TR-noDynamicPrior,3,14185000,1.086716010857376,0.8346688629836138,-0.043479258934500685,1018
TR-noDynamicPrior,3,14210000,0.618949459618188,0.45488352907296703,-0.008005648115941401,1086
TR-noDynamicPrior,3,14211499,1.3646228703001777,1.0398215864287508,-0.024376310733131488,1082
TR-noDynamicPrior,3,14211500,1.4614728502330543,1.1129182335989816,-0.033659395036243225,1050
TR-noDynamicPrior,3,14320934,1.0640519703985423,0.8210056005739699,-0.11959315726514401,1071
TR-noDynamicPrior,3,255534081324000,1.7029549531723362,1.3015451910362927,-0.026360763211200778,1059
TR-noDynamicPrior,7,01073319,1.8440018315336695,1.3676408782777076,-0.08618230015953193,954
TR-noDynamicPrior,7,01104415,1.6996136942876792,1.3183808096364156,-0.5679951569079338,939
TR-noDynamicPrior,7,01104455,1.7137067981475471,1.249130100661409,-0.181414403858299,835
TR-noDynamicPrior,7,01104475,1.7801772125572888,1.3910092018129214,-0.5959911528794739,1076
TR-noDynamicPrior,7,01129500,1.6284259744212595,1.143894455171197,-0.29569702040291085,1088
TR-noDynamicPrior,7,01400500,2.1303542470052625,1.6457501065784268,-0.2147691572961562,952
TR-noDynamicPrior,7,01408029,1.995025732814533,1.5615442659949588,-0.5131406558311987,856
TR-noDynamicPrior,7,01425000,0.9883242773522266,0.6502631050844987,-0.09034655529892806,1056
TR-noDynamicPrior,7,01426500,1.4242802701954325,1.103916992962817,0.12797791930628816,914
TR-noDynamicPrior,7,01427207,1.8636017555948512,1.441943111037266,-0.02212693756858026,1063
TR-noDynamicPrior,7,01428500,2.0858566349043794,1.6050853757127637,0.022479413073700816,1054
TR-noDynamicPrior,7,01463500,1.832969676205658,1.447323417488184,-0.0062689518370085085,1062
TR-noDynamicPrior,7,01480617,1.954055958906259,1.5282406540940685,-0.2819121860327773,1076
TR-noDynamicPrior,7,01540500,1.7819513272260816,1.3981232297031205,-0.13357690622954416,911
TR-noDynamicPrior,7,01542500,2.0702541270245605,1.6102051304421754,0.351848887313496,1078
TR-noDynamicPrior,7,01549700,2.147390439390165,1.659879634894905,-0.18013066680969375,1068
TR-noDynamicPrior,7,02110701,2.15269132389275,1.6606823080645923,-0.16127694248578364,1037
TR-noDynamicPrior,7,02176930,1.957709808456501,1.5025250909534786,-0.44343133232914494,1040
TR-noDynamicPrior,7,02266300,1.8348328324836678,1.4166145280225952,-0.5643907908183425,1072
TR-noDynamicPrior,7,02330450,1.782266282618067,1.3155371705577488,-0.2616945432367779,1050
TR-noDynamicPrior,7,02334430,0.6425701588533911,0.5397405519204981,-0.5011260148356942,1088
TR-noDynamicPrior,7,02334885,2.006148700639682,1.4915327423197382,-0.28629084435455937,1088
TR-noDynamicPrior,7,02336120,2.11934477004242,1.566710365800946,-0.1190649726545369,1080
TR-noDynamicPrior,7,02336300,2.1914261274543927,1.6497990390289294,0.012668636832351799,1082
TR-noDynamicPrior,7,02336728,2.2594981068484143,1.7261387676111386,-1.296469467545974,1076
TR-noDynamicPrior,7,02397000,1.5388392850008372,1.2050002187986253,-0.03343871305257689,1082
TR-noDynamicPrior,7,02455980,1.7478255899828266,1.2890095070337533,-0.10564519383585252,1029
TR-noDynamicPrior,7,02458450,1.852799010236675,1.387382348701083,-0.12059163193861058,1084
TR-noDynamicPrior,7,02474560,2.204076841386038,1.693575901825335,0.01295763132070474,1074
TR-noDynamicPrior,7,03007800,2.095763534188591,1.6332628424308764,-0.04428836027460937,1078
TR-noDynamicPrior,7,03034000,2.156121579023904,1.697801144798578,-0.21899766001207102,1054
TR-noDynamicPrior,7,03036000,1.392302911491415,1.0030626442025754,-0.031525398038815114,1070
TR-noDynamicPrior,7,03047000,1.819772542937023,1.34353627665801,0.027403692292727648,1085
TR-noDynamicPrior,7,03077500,0.6289731120297558,0.469095832853034,0.04986148055237118,1010
TR-noDynamicPrior,7,03105500,2.0829526341837084,1.5770646013388607,-0.27865802976881643,1078
TR-noDynamicPrior,7,03106000,2.3416765831497073,1.8248207912577328,-0.1527657533044456,1023
TR-noDynamicPrior,7,03301900,2.10791398928194,1.6286817775122928,-0.22700332168719212,1055
TR-noDynamicPrior,7,03353200,2.32915189490229,1.8544350954635842,-0.31355206376084915,1066
TR-noDynamicPrior,7,03456991,1.872357614074566,1.475287186840795,-0.18407310318272066,1060
TR-noDynamicPrior,7,04027000,2.0236682674639166,1.369292725512532,-0.3212243314051454,1047
TR-noDynamicPrior,7,04043238,1.7043820149119342,1.2119758560335268,-0.31185083984354744,1071
TR-noDynamicPrior,7,04043244,1.6194400613449942,1.1991907918013558,-0.13137573797106186,1071
TR-noDynamicPrior,7,04067500,1.7576750864060053,1.2304741099071852,-0.17711668600833788,1028
TR-noDynamicPrior,7,04077630,1.8651891178897988,1.3310643983396244,0.037691328325223254,1088
TR-noDynamicPrior,7,04124200,0.8762789706704307,0.6464126803433697,0.04763219228655811,1086
TR-noDynamicPrior,7,04125460,1.5353803809000934,1.1902514219090896,-0.11211351272960501,1080
TR-noDynamicPrior,7,04137005,1.336052221235169,0.9857642766569374,-6.265909689375703e-05,1084
TR-noDynamicPrior,7,04176500,1.960397231512659,1.502976740400054,-0.15627009237728673,1076
TR-noDynamicPrior,7,04208000,2.0197722753075706,1.5599096887345825,-0.2467667979557836,1008
TR-noDynamicPrior,7,05054000,1.5180288424422197,1.0778226691196076,-0.02965891326342788,1058
TR-noDynamicPrior,7,05057000,1.990470778283104,1.3887381342292795,-0.08017146520869013,1052
TR-noDynamicPrior,7,05289800,1.983154166577282,1.4899251726026146,-0.13024974850167595,832
TR-noDynamicPrior,7,05331833,1.7441030885882158,1.3189050721576885,-0.045940417376458036,1022
TR-noDynamicPrior,7,05370000,1.2304402786351336,0.8809289764874095,-0.019034342924167322,1084
TR-noDynamicPrior,7,05382255,1.4061895781668778,1.1056554427521084,0.0506440993220381,1088
TR-noDynamicPrior,7,05382257,1.8840585212237668,1.4222369541484925,-0.3785730826611421,1078
TR-noDynamicPrior,7,05406457,1.3189539855502457,1.025279179365824,-0.004280564419150247,971
TR-noDynamicPrior,7,05458300,2.2615028849455716,1.655440885459857,-0.39611469936989574,1038
TR-noDynamicPrior,7,05517000,2.2117068029488762,1.7291493484257336,-0.3864299713305253,1088
TR-noDynamicPrior,7,06036805,1.4856470025167359,1.1972166035942926,-0.046598790311065515,1084
TR-noDynamicPrior,7,06036905,1.8439489796479214,1.4877327150281738,-0.11481085235581677,1088
TR-noDynamicPrior,7,06036940,2.2444460750676676,1.7317508270727335,1.2046094112852879,1086
TR-noDynamicPrior,7,06041000,1.5710760023809864,1.1024697904418588,-0.021238207853766088,1056
TR-noDynamicPrior,7,06623800,0.9230464023626516,0.6205100277319026,0.01809668975109704,912
TR-noDynamicPrior,7,06894000,2.1628028545234543,1.713293234979982,-0.13220582230821912,1057
TR-noDynamicPrior,7,06934500,1.6302689248985316,1.2780609208824378,0.043984684424386175,840
TR-noDynamicPrior,7,07106000,1.852762690114404,1.4423572514100238,-0.16842526877343095,844
TR-noDynamicPrior,7,07178200,2.0669759535545067,1.6077358850172625,0.04498334116524572,893
TR-noDynamicPrior,7,07194880,1.4197272073788973,1.1205396907164318,-0.18110385007197313,505
TR-noDynamicPrior,7,07332622,2.4296339724471068,1.8606305440097064,0.0010125048335571133,848
TR-noDynamicPrior,7,08048000,1.983176273416533,1.4809123289898432,-0.22337314035179312,799
TR-noDynamicPrior,7,08052700,2.7825152430500646,2.0892898384562657,-0.32576247260136443,736
TR-noDynamicPrior,7,08065350,2.1525182186673906,1.6067466955708694,-0.11532309710024692,874
TR-noDynamicPrior,7,08070200,2.2221776881985007,1.6679962684720493,-0.12113488010677646,1027
TR-noDynamicPrior,7,08123850,2.4906054291657638,1.8863071885400886,-0.01124753264342847,735
TR-noDynamicPrior,7,09136100,1.4366271021236323,1.146251133814178,-0.21772278617791554,1080
TR-noDynamicPrior,7,09144250,1.3094105430504248,1.0641934759585567,-0.10375447177892448,1086
TR-noDynamicPrior,7,09149500,1.3092966590754873,1.0385401923045077,-0.03464386655456003,1088
TR-noDynamicPrior,7,09163500,1.369996494334831,1.0966932824621087,-0.0885133894311045,1088
TR-noDynamicPrior,7,09180000,1.5692910633083144,1.2480399972685163,-0.14029199095811287,1082
TR-noDynamicPrior,7,09261000,1.58845144357007,1.2057490345875022,0.0024073425978403495,1011
TR-noDynamicPrior,7,09302000,1.5135307795908508,1.1795285599314131,0.1506137046884781,1060
TR-noDynamicPrior,7,09380000,0.8026626250390642,0.6190680775682766,-0.3793491081819148,1063
TR-noDynamicPrior,7,10129900,1.3248889963939112,1.0128930226820256,-0.038349663842584626,1067
TR-noDynamicPrior,7,10301500,1.9020319297689299,1.5189628485632392,-0.004233042895793888,1060
TR-noDynamicPrior,7,10351600,1.666545655094429,1.3508657970676772,0.14802865129082737,1037
TR-noDynamicPrior,7,11262900,1.586893443665833,1.258316320357019,0.015014868242373492,643
TR-noDynamicPrior,7,11467000,1.2303934300369568,0.9883417600217989,-0.006260921236346747,1088
TR-noDynamicPrior,7,11507500,1.8155627714547786,1.3890020212952925,-0.10105070830870638,1088
TR-noDynamicPrior,7,12056500,0.7906831581380489,0.6266902583211577,-0.09077385924509816,1057
TR-noDynamicPrior,7,12115000,0.6982779926963794,0.5271670432432388,-0.07838883659793919,991
TR-noDynamicPrior,7,12117600,0.8341477000713933,0.6559308144537841,-0.12576072150293516,1088
TR-noDynamicPrior,7,12210700,1.2253468164487185,0.9625897651682752,-0.09418680686563032,941
TR-noDynamicPrior,7,12212050,1.330402260001646,0.9879534481557956,0.015488950136119587,938
TR-noDynamicPrior,7,12213100,1.4184622010736763,1.1356921803018656,-0.19410596667749389,1013
TR-noDynamicPrior,7,12363000,1.0005277426951722,0.7640791924167496,-0.13882306509371492,1052
TR-noDynamicPrior,7,12398600,0.9799969282974386,0.7398513021694779,0.02205898342671989,1042
TR-noDynamicPrior,7,13018350,1.461655591313967,1.1432453497536306,0.0519472297318103,1055
TR-noDynamicPrior,7,13154500,0.8300426268623853,0.6409766301512718,0.003076022074503095,1088
TR-noDynamicPrior,7,13317660,0.7787661448041829,0.6206407887970701,0.021733865843099723,1088
TR-noDynamicPrior,7,13342500,1.1683346277016156,0.8667403319631429,-0.17980175426996806,1088
TR-noDynamicPrior,7,14091500,0.6731984232128385,0.5212780944126495,-0.026596468292615024,1088
TR-noDynamicPrior,7,14150800,1.615774562586723,1.2373083920163268,-0.1660185571102535,1088
TR-noDynamicPrior,7,14151000,1.6413059744035505,1.1477918948639523,-0.0157032256325086,1056
TR-noDynamicPrior,7,14152000,0.9312429551645105,0.7306390568257256,-0.04734425404234269,1086
TR-noDynamicPrior,7,14153500,0.8682624308895223,0.633507735344386,-0.010086549456354005,1078
TR-noDynamicPrior,7,14154500,1.6383549365480823,1.2490199790423988,-0.1663223608804939,1082
TR-noDynamicPrior,7,14159500,0.8574834382739587,0.6321143369692409,-0.08034172895672594,1076
TR-noDynamicPrior,7,14161500,1.0694407520436149,0.8037069917606557,0.12590657640076386,1082
TR-noDynamicPrior,7,14179000,1.1064660874026648,0.855081169151594,-0.3523451366370318,967
TR-noDynamicPrior,7,14185000,1.381264556033038,1.0542779641881377,-0.12450619748762069,1006
TR-noDynamicPrior,7,14210000,0.9807887179738555,0.7523400872560172,-0.08917971829610037,1082
TR-noDynamicPrior,7,14211499,1.6569874054373754,1.2544242696971866,-0.1263235223887131,1074
TR-noDynamicPrior,7,14211500,1.8249172671401213,1.3752319214332618,-0.12447273995887723,1045
TR-noDynamicPrior,7,14320934,1.4396259732071839,1.107950229797148,-0.27647250393279516,1064
TR-noDynamicPrior,7,255534081324000,1.9079907707260086,1.4769319279746174,-0.20355955674832385,1049
TR-noMoE,1,01073319,0.6655233316033901,0.49804405333455076,0.006137569358514717,970
TR-noMoE,1,01104415,0.969476667981458,0.7521737273166132,-0.08971779598901973,961
TR-noMoE,1,01104455,0.9847254499216872,0.6703217694219552,0.00964142623937356,848
TR-noMoE,1,01104475,0.8520535751280252,0.6582920181268267,-0.1018279774742232,1086
TR-noMoE,1,01129500,0.6397622639385984,0.47419332442243317,-0.03314545619483678,1094
TR-noMoE,1,01400500,0.730295866238739,0.5425943037417009,0.002338168884991868,979
TR-noMoE,1,01408029,0.8591102650131174,0.6552452058068295,-0.08315942754716049,891
TR-noMoE,1,01425000,0.4506290247433043,0.3228824883699417,0.020544368918262307,1072
TR-noMoE,1,01426500,0.7943871821424751,0.6023237622826652,0.08562294498661555,932
TR-noMoE,1,01427207,0.6846086574941309,0.5105365046552732,0.054901509851366145,1076
TR-noMoE,1,01428500,0.5942835850187158,0.454370220380837,0.07696246660644744,1066
TR-noMoE,1,01463500,0.4889901221632921,0.38301591347677766,0.01777862993645113,1075
TR-noMoE,1,01480617,0.8556798627673994,0.6572688091185785,0.09894031112644527,1085
TR-noMoE,1,01540500,0.4686813661640228,0.36208121272344745,-0.005092371098136412,930
TR-noMoE,1,01542500,0.6809276938358046,0.5283671861793761,0.1650056918197086,1087
TR-noMoE,1,01549700,0.7180538583691017,0.5414415876137284,-0.005316797356490843,1081
TR-noMoE,1,02110701,0.7331405877060945,0.5443489641093208,-0.0010271935149302818,1049
TR-noMoE,1,02176930,0.8352008635018116,0.6249454963920463,-0.11004975232643281,1053
TR-noMoE,1,02266300,0.6530450474941598,0.47621299500610687,-0.06666405255994864,1083
TR-noMoE,1,02330450,0.8134150821640708,0.5914766732239185,-0.04768725900273578,1064
TR-noMoE,1,02334430,0.31665577673467454,0.22436984330688142,-0.05693940148710989,1094
TR-noMoE,1,02334885,0.6421427402490378,0.46630212391098413,-0.05468797790502939,1094
TR-noMoE,1,02336120,0.8030659788093873,0.5816831681060967,-0.004235326113182756,1086
TR-noMoE,1,02336300,0.8254046048381829,0.6072169242211438,0.046452450227299956,1090
TR-noMoE,1,02336728,0.7309219710176595,0.5526153264726911,-0.33120121292254895,1085
TR-noMoE,1,02397000,0.4403406002351757,0.3383398639805177,-0.007239343664225439,1088
TR-noMoE,1,02455980,0.7551322580964109,0.5464702797661953,0.013967562402349566,1051
TR-noMoE,1,02458450,0.7645551909942672,0.5608062599909402,-0.008731100168062056,1091
TR-noMoE,1,02474560,0.5571701593136295,0.4317904141726414,0.05625142309108059,1086
TR-noMoE,1,03007800,0.7666586535661665,0.5770076774597072,0.059095621163328796,1087
TR-noMoE,1,03034000,0.8309919566122829,0.6419079174755036,0.004272149087826032,1060
TR-noMoE,1,03036000,0.5525012474471261,0.4161884538546219,0.009025964410880613,1079
TR-noMoE,1,03047000,0.5981523391831759,0.450295880015837,0.028947306040230155,1090
TR-noMoE,1,03077500,0.31204578381863146,0.23321339532267304,0.05821264500264076,1024
TR-noMoE,1,03105500,0.7225432199510582,0.527434916240652,-0.0668139274669451,1086
TR-noMoE,1,03106000,0.7737329428367964,0.5907351042499174,-0.027563263611164807,1041
TR-noMoE,1,03301900,0.9422972085814543,0.6993067792571438,-0.030680924023358504,1068
TR-noMoE,1,03353200,0.8924927406051663,0.6778822295194126,-0.034838796224365254,1073
TR-noMoE,1,03456991,0.7621516657146395,0.5776924241773487,-0.011204389697883335,1077
TR-noMoE,1,04027000,0.7228783370926262,0.5085898222539548,-0.01954959183325683,1061
TR-noMoE,1,04043238,0.7987896733171435,0.5711488902822109,-0.028942184284101957,1081
TR-noMoE,1,04043244,0.7873448438137404,0.5825699235903425,0.0016952824635243912,1083
TR-noMoE,1,04067500,0.46064711551436277,0.34179316928956127,-0.019960475835683125,1050
TR-noMoE,1,04077630,0.7071177393284706,0.5051501320498796,0.04931274597444513,1094
TR-noMoE,1,04124200,0.33553764299814237,0.25598365626274017,0.0425981036145172,1092
TR-noMoE,1,04125460,0.5340591698191308,0.4100002868225861,-0.011888146241724878,1089
TR-noMoE,1,04137005,0.37157467183362053,0.28627723247823533,0.04708218224326152,1091
TR-noMoE,1,04176500,0.46215970014211954,0.3497494460146946,0.017263898171104058,1087
TR-noMoE,1,04208000,0.6680076769152334,0.5082859905880805,-0.01863049644260454,1040
TR-noMoE,1,05054000,0.374456309717236,0.26395471272812676,0.01792443258805571,1076
TR-noMoE,1,05057000,0.5903395419058661,0.41805788529740046,0.025293386916716367,1067
TR-noMoE,1,05289800,0.7314312373401298,0.5304017301873549,0.05118889148749217,887
TR-noMoE,1,05331833,0.8235748321843255,0.6149105462240281,0.021114460267341068,1042
TR-noMoE,1,05370000,0.4640114456675993,0.33929782631089117,0.02449437408792546,1091
TR-noMoE,1,05382255,0.6563459997631981,0.4918530342388741,0.015356169391757175,1094
TR-noMoE,1,05382257,1.3313190378600794,0.9487616445611698,-0.07881559035745087,1085
TR-noMoE,1,05406457,0.7877517111177841,0.5763569621197191,0.029376569521953787,996
TR-noMoE,1,05458300,0.6811676135905625,0.49050708213636546,-0.029583336986900053,1060
TR-noMoE,1,05517000,0.6968025232753213,0.5331296144434722,-0.06406781622455536,1094
TR-noMoE,1,06036805,0.8247314467376463,0.6309487575134153,0.025370341621332494,1091
TR-noMoE,1,06036905,0.9675842511935626,0.7308605849633923,0.009214930211822143,1094
TR-noMoE,1,06036940,1.1541744152170947,0.8581889000567762,0.3414470366942577,1092
TR-noMoE,1,06041000,0.43265248030101494,0.30098748392727764,0.02661152213644132,1066
TR-noMoE,1,06623800,0.6005807680588905,0.3963586260605905,0.06822376981276915,925
TR-noMoE,1,06894000,0.6063471659791552,0.4522316528567627,-0.0025490275681463647,1072
TR-noMoE,1,06934500,0.3592861446680939,0.27799111861890974,0.03139335859688723,887
TR-noMoE,1,07106000,1.1537195105244928,0.8594053994847596,-0.032419201813172545,896
TR-noMoE,1,07178200,0.6524759693338373,0.4749875842177573,0.04500703796247103,929
TR-noMoE,1,07194880,0.7771930372064829,0.5696827471602125,-0.015951117694493182,517
TR-noMoE,1,07332622,0.9963944932417548,0.7091782310846048,0.03435803334269003,878
TR-noMoE,1,08048000,0.6432843101613046,0.4614487628936768,-0.023856494566973585,850
TR-noMoE,1,08052700,1.206179210421283,0.8817934093895371,-0.04790298918354196,789
TR-noMoE,1,08065350,0.48065540573495563,0.36049186162332325,-0.003976644795930707,913
TR-noMoE,1,08070200,0.6711426381601638,0.4988249899546305,0.016632368996029816,1050
TR-noMoE,1,08123850,0.9645110417328033,0.7254418337049819,0.0426112008374549,767
TR-noMoE,1,09136100,0.7372667865125904,0.5580099153494047,-0.023949717447722705,1089
TR-noMoE,1,09144250,0.5875063094123417,0.4554857583361722,0.005788534355005289,1092
TR-noMoE,1,09149500,0.6981328327770938,0.517556546439146,0.009720902535826014,1094
TR-noMoE,1,09163500,0.4346293016780285,0.33468416508881393,-0.010800674793921713,1094
TR-noMoE,1,09180000,0.6565198954059711,0.4864098920003675,-0.011089408826818439,1089
TR-noMoE,1,09261000,0.531709323316373,0.38182697332168153,0.043333674246055436,1032
TR-noMoE,1,09302000,0.6175617675447179,0.44150487751022743,0.08244611574531992,1074
TR-noMoE,1,09380000,0.31162264406843126,0.22341613394841622,-0.037591533464622684,1069
TR-noMoE,1,10129900,0.6326937916295036,0.44708861367409997,-0.009689304310149865,1076
TR-noMoE,1,10301500,0.8294785978732389,0.6080902650397362,0.006385430590955431,1074
TR-noMoE,1,10351600,0.5397778570989857,0.41042424579573666,0.029063758585188115,1062
TR-noMoE,1,11262900,0.7079041605544892,0.5245547458145073,0.015581270197635362,659
TR-noMoE,1,11467000,0.38908699399977464,0.30498553089511454,-0.03547326354701515,1094
TR-noMoE,1,11507500,0.44141254304244704,0.3349985944532825,0.01861221993263724,1094
TR-noMoE,1,12056500,0.33247581773973195,0.2491045350778649,-0.008053156836664037,1069
TR-noMoE,1,12115000,0.35553758110482325,0.269781965421716,-0.001101891316964328,1017
TR-noMoE,1,12117600,0.3911458361065312,0.29797011912413884,-0.0065546181345770595,1094
TR-noMoE,1,12210700,0.5873259411969491,0.4542542567239773,-0.03131494191934715,983
TR-noMoE,1,12212050,0.514615420382045,0.3804106834046809,-0.018650511342487946,979
TR-noMoE,1,12213100,0.5958679683755527,0.45874549681669696,-0.04223531154373536,1041
TR-noMoE,1,12363000,0.40985227061382135,0.3102238218017826,0.020080657213023222,1056
TR-noMoE,1,12398600,0.3041518510303066,0.22691351598959053,-0.00047998846237332646,1061
TR-noMoE,1,13018350,0.7198271833479258,0.511375853937074,0.07854440456610647,1067
TR-noMoE,1,13154500,0.27050615081420165,0.2144100638150733,0.007409460932506706,1094
TR-noMoE,1,13317660,0.23810849504369605,0.1855808949775626,0.05200991329806812,1094
TR-noMoE,1,13342500,0.4327152739303605,0.32421907313998916,-0.025496056452529742,1094
TR-noMoE,1,14091500,0.3812034170964891,0.29702382179239334,0.03544255231372617,1094
TR-noMoE,1,14150800,0.5969807714194093,0.4670987517131966,-0.015972276405181052,1094
TR-noMoE,1,14151000,0.5475808585954285,0.3549105961524984,-0.012997898962157764,1073
TR-noMoE,1,14152000,0.34674960486962353,0.2626123061546913,0.024183066336663207,1092
TR-noMoE,1,14153500,0.2825472223286386,0.2079192008761411,-0.016548301018843085,1086
TR-noMoE,1,14154500,0.5135283343629762,0.39748147328694655,-0.0043242528528330895,1089
TR-noMoE,1,14159500,0.3680300987373464,0.2527521541261453,0.011762065623762422,1085
TR-noMoE,1,14161500,0.4210514996143881,0.3233572609606306,0.06103841446210093,1089
TR-noMoE,1,14179000,0.4982468440859172,0.37582404867646657,-0.08422052719871408,985
TR-noMoE,1,14185000,0.49688560488252975,0.38757174029001373,-0.021735567581362848,1025
TR-noMoE,1,14210000,0.3372318786783578,0.25017699853462333,-0.04184978244935763,1088
TR-noMoE,1,14211499,0.647729923726874,0.49144902867342233,-0.03274671103578906,1086
TR-noMoE,1,14211500,0.6424673092987809,0.4921057845752939,-0.043976909471185585,1064
TR-noMoE,1,14320934,0.4802984186616157,0.36949204340397257,-0.0698154539340275,1077
TR-noMoE,1,255534081324000,0.8147676918728338,0.6204184567883667,0.057821383458398254,1068
TR-noMoE,3,01073319,1.5455100204096728,1.139485441444005,-0.02491648455248969,964
TR-noMoE,3,01104415,1.5447822009410879,1.229923070524868,-0.25510777657282985,950
TR-noMoE,3,01104455,1.5191778643794422,1.1116201952258886,-0.0041340568311697985,843
TR-noMoE,3,01104475,1.5279638259522907,1.2287878332041018,-0.2890820896702712,1081
TR-noMoE,3,01129500,1.379603282031743,1.0104705219589867,-0.11887818515652981,1092
TR-noMoE,3,01400500,1.7371680858802816,1.346590708784408,-0.08210172658503367,955
TR-noMoE,3,01408029,1.7960228769739537,1.4261442119168584,-0.21872632082471008,877
TR-noMoE,3,01425000,0.780000497973931,0.5324639082178823,0.008944886749339227,1065
TR-noMoE,3,01426500,1.2198351691504181,0.9362001874148203,0.1368252630753857,926
TR-noMoE,3,01427207,1.4903152172941214,1.143182231812416,0.030901332317250882,1070
TR-noMoE,3,01428500,1.5225079401938568,1.1663208536612004,0.06588520739452669,1059
TR-noMoE,3,01463500,1.2911002469798845,1.0163868127011249,0.025958595190928344,1070
TR-noMoE,3,01480617,1.6723478594016514,1.3304707714142625,-0.01552335346186601,1080
TR-noMoE,3,01540500,1.1727654086785584,0.9119473465683013,-0.048674378698269974,923
TR-noMoE,3,01542500,1.6230676052581194,1.2737607667570359,0.2769865309981399,1082
TR-noMoE,3,01549700,1.6897335509832,1.3100506318561562,-0.0934046270095332,1075
TR-noMoE,3,02110701,1.7409331509093948,1.33811145152153,-0.055236317252930635,1047
TR-noMoE,3,02176930,1.628374217752818,1.2423285680986542,-0.24910935226060052,1048
TR-noMoE,3,02266300,1.4681349641713903,1.1235020048321953,-0.2208273634618642,1078
TR-noMoE,3,02330450,1.499588624291097,1.1121437182836587,-0.15428711515067883,1058
TR-noMoE,3,02334430,0.4006472329125837,0.29008620545104313,-0.09581963710295852,1092
TR-noMoE,3,02334885,1.605524668559343,1.1982519813509651,-0.15307782726846772,1092
TR-noMoE,3,02336120,1.7675202983712495,1.3274018791048012,-0.055381525631532626,1082
TR-noMoE,3,02336300,1.822686640592914,1.3794633150320248,0.056701232473714135,1086
TR-noMoE,3,02336728,1.5731986547353107,1.2000156268367062,-0.7904955810970731,1080
TR-noMoE,3,02397000,1.0834795224891953,0.8417396140953984,-0.024432116598850463,1087
TR-noMoE,3,02455980,1.479913863670503,1.1084994407888784,-0.016639192432480628,1039
TR-noMoE,3,02458450,1.5310457012370096,1.1709489309612442,-0.036197802687392484,1088
TR-noMoE,3,02474560,1.4881133812560527,1.1672835933082426,0.05204372930438597,1082
TR-noMoE,3,03007800,1.7317622811732656,1.3443041668034221,0.05054748128865489,1082
TR-noMoE,3,03034000,1.8334615544509958,1.4410825260884932,-0.03885558838683176,1058
TR-noMoE,3,03036000,0.9323573723009745,0.6818359697497757,-0.006132896152954544,1074
TR-noMoE,3,03047000,1.1823866797104547,0.8551422952181277,0.03982960702303579,1088
TR-noMoE,3,03077500,0.493626181184874,0.37067698632185075,0.11977169516042124,1019
TR-noMoE,3,03105500,1.6722354261499344,1.273818179772213,-0.16405161980009345,1082
TR-noMoE,3,03106000,1.8927909957678684,1.4746520332040938,-0.10189113618528586,1034
TR-noMoE,3,03301900,1.7825491658349555,1.3763343007017281,-0.09869337271993602,1063
TR-noMoE,3,03353200,1.9782591095829973,1.5653972658041482,-0.13913810326117226,1070
TR-noMoE,3,03456991,1.5189601470594172,1.1776250292364967,-0.060537367652129415,1069
TR-noMoE,3,04027000,1.6620949500617401,1.1458442190644353,-0.11969797376444317,1054
TR-noMoE,3,04043238,1.4551625819181966,1.0537212919492316,-0.1526532501446215,1076
TR-noMoE,3,04043244,1.396723090237198,1.0392964352892435,-0.06157242221977005,1079
TR-noMoE,3,04067500,1.1985597151932725,0.8535568630093112,-0.07303972686086774,1042
TR-noMoE,3,04077630,1.5331947770329557,1.0860132851774356,0.053142468559968487,1092
TR-noMoE,3,04124200,0.5218473595716764,0.39530496223804046,0.04537519501436742,1090
TR-noMoE,3,04125460,1.2626814102125101,0.9755517678903544,-0.06383943974971772,1085
TR-noMoE,3,04137005,0.7606120850720534,0.5572767244282124,0.03383651924018257,1088
TR-noMoE,3,04176500,1.2689882464353,0.9519891726713035,-0.04995711917351734,1083
TR-noMoE,3,04208000,1.6318496689577813,1.2703050443871597,-0.10522962277362911,1021
TR-noMoE,3,05054000,0.9080600225216967,0.6385870886871536,0.03085068726959228,1068
TR-noMoE,3,05057000,1.4893562847523767,1.041487031472801,0.004463970296351461,1062
TR-noMoE,3,05289800,1.5202507231664342,1.141206041972924,0.07458718603241075,861
TR-noMoE,3,05331833,1.483059201568946,1.1163587595165005,-0.0023901689689556217,1034
TR-noMoE,3,05370000,0.9005047232981441,0.6441402909017223,0.02839385677019463,1088
TR-noMoE,3,05382255,1.148481040565292,0.8771218529209875,0.037365533251847514,1092
TR-noMoE,3,05382257,1.7837145580964795,1.3276757229057567,-0.1704737181804537,1082
TR-noMoE,3,05406457,1.1485709836276448,0.8969971647582728,0.027302603416015973,983
TR-noMoE,3,05458300,1.7517827702074278,1.2613069851121732,-0.16691035070802487,1050
TR-noMoE,3,05517000,1.726370197133437,1.3608281944615717,-0.2031317076130664,1092
TR-noMoE,3,06036805,1.3411451595798594,1.0530011674553594,0.03590009151684009,1088
TR-noMoE,3,06036905,1.654913644219227,1.304530596820426,0.0022965689718505134,1092
TR-noMoE,3,06036940,1.8127705177556936,1.3884556304861646,0.753337676197017,1090
TR-noMoE,3,06041000,1.0236464323609835,0.6898536359003065,0.02458930191169718,1059
TR-noMoE,3,06623800,0.8308077952564712,0.5619620858620771,0.0893513263448182,920
TR-noMoE,3,06894000,1.577827817536433,1.2386611406124175,-0.04989412404820885,1064
TR-noMoE,3,06934500,0.944086336730625,0.7350869116528581,0.01594773798456621,864
TR-noMoE,3,07106000,1.7997050884816435,1.3865807860040085,-0.10720548194942799,866
TR-noMoE,3,07178200,1.514449777004954,1.176573547441615,0.06898746549623147,907
TR-noMoE,3,07194880,1.2478221106570055,0.9659707563894767,-0.1075581197385434,513
TR-noMoE,3,07332622,2.0149556146077323,1.507085830987878,0.05377707415405726,865
TR-noMoE,3,08048000,1.4825678943161205,1.101203062907759,-0.10315373432205384,830
TR-noMoE,3,08052700,2.3949820961720243,1.814653354843668,-0.1596231718831732,754
TR-noMoE,3,08065350,1.350388764995218,1.025379333889033,-0.09570774633794162,898
TR-noMoE,3,08070200,1.6163699449185431,1.248238488494373,-0.057552904701049026,1037
TR-noMoE,3,08123850,2.0905511417865665,1.6011405330121675,0.029495419115223357,754
TR-noMoE,3,09136100,1.2036823930873863,0.939835575059537,-0.08208566618542518,1085
TR-noMoE,3,09144250,1.0867981459960798,0.8653481554260495,-0.026495992291137697,1090
TR-noMoE,3,09149500,1.148419235584774,0.8883979575810851,-0.0027378103617346824,1092
TR-noMoE,3,09163500,1.0317246596775298,0.7992078377459293,-0.04212573378077355,1092
TR-noMoE,3,09180000,1.2857368006863736,0.9924799781519075,-0.06734336244686753,1086
TR-noMoE,3,09261000,1.2068550596146168,0.8957587905445721,0.043926876363046805,1023
TR-noMoE,3,09302000,1.2173170891898528,0.9009675951131308,0.12792401090935776,1068
TR-noMoE,3,09380000,0.5184196804627839,0.37144094676506234,-0.0590623124679079,1066
TR-noMoE,3,10129900,1.1388000133098937,0.8187223037974396,-0.021462750123217217,1071
TR-noMoE,3,10301500,1.5785208728450724,1.2154473457813935,-0.022440198144926145,1066
TR-noMoE,3,10351600,1.3085784762593369,1.0252615598444703,0.05979534489573633,1052
TR-noMoE,3,11262900,1.4197680637237406,1.1013401522958206,0.01795856616248379,652
TR-noMoE,3,11467000,0.9077987712606704,0.7209603970740741,-0.04152650999062232,1092
TR-noMoE,3,11507500,1.2388656433753256,0.952528775778118,-0.01430014141258744,1092
TR-noMoE,3,12056500,0.601053314892724,0.46386565002477226,-0.005185585648800834,1065
TR-noMoE,3,12115000,0.599650925878946,0.46149661588337354,-0.010476002816292114,1007
TR-noMoE,3,12117600,0.6695516497756977,0.5219914674322247,-0.04366531856767421,1092
TR-noMoE,3,12210700,1.0444438312638837,0.8217884912023624,-0.05541328726473122,967
TR-noMoE,3,12212050,1.0289663425403148,0.7648404809764419,-0.011828470688599777,962
TR-noMoE,3,12213100,1.1621758942417502,0.9205263405878057,-0.10052154856139497,1023
TR-noMoE,3,12363000,0.8121065173324492,0.62014983879471,-0.0072885987154131466,1057
TR-noMoE,3,12398600,0.593302110398954,0.4418727792338246,0.0011134239839655957,1050
TR-noMoE,3,13018350,1.3494264364054014,0.9921210309199687,0.12002007614765124,1063
TR-noMoE,3,13154500,0.5629150481299403,0.434161884182102,-0.016832329676701462,1092
TR-noMoE,3,13317660,0.5366079349132746,0.41930084001450313,0.06678999361101087,1092
TR-noMoE,3,13342500,0.8837630404506166,0.6666858899396855,-0.09333677290778455,1092
TR-noMoE,3,14091500,0.6266097258779612,0.48229010301631886,0.036687796238141196,1092
TR-noMoE,3,14150800,1.2708020569868386,0.9837364810290355,-0.05336122429851211,1092
TR-noMoE,3,14151000,1.1708460159152392,0.7838312371332843,-0.02554406295145365,1064
TR-noMoE,3,14152000,0.6647080049419625,0.5143699074666434,0.029557586722417727,1090
TR-noMoE,3,14153500,0.5335279113535855,0.39299590517104005,-0.004605414951134109,1082
TR-noMoE,3,14154500,1.2245900550115907,0.9377368071022175,-0.022029449816786333,1086
TR-noMoE,3,14159500,0.6062384344150449,0.4175130302376217,0.013602358809223895,1080
TR-noMoE,3,14161500,0.8422683076186077,0.6407956477467307,0.10932541492894214,1086
TR-noMoE,3,14179000,0.9014171881086507,0.6938954888982841,-0.16253916573110472,979
TR-noMoE,3,14185000,1.089444312852083,0.837262544229129,-0.06506879151687173,1018
TR-noMoE,3,14210000,0.6336829940056022,0.4711959426135209,-0.06820913599340955,1086
TR-noMoE,3,14211499,1.3692812078295182,1.0445529570117897,-0.08131804268758973,1082
TR-noMoE,3,14211500,1.470859565092766,1.1188690282276699,-0.1062855973470779,1050
TR-noMoE,3,14320934,1.0747363706012438,0.8271971743536486,-0.14684697274956934,1071
TR-noMoE,3,255534081324000,1.7096818491937296,1.3139458806701603,-0.06652483683469954,1059
TR-noMoE,7,01073319,1.8383811280287399,1.3655088244601539,-0.16171710802656084,954
TR-noMoE,7,01104415,1.645076005119672,1.2817433139577081,-0.4737669121406583,939
TR-noMoE,7,01104455,1.7361469368029818,1.2520083439992573,-0.09351953826264707,835
TR-noMoE,7,01104475,1.744310230908352,1.3587544571289785,-0.5437771253647857,1076
TR-noMoE,7,01129500,1.6236898566863531,1.1384677736441304,-0.264828908739454,1088
TR-noMoE,7,01400500,2.1287554091044503,1.6449112982136986,-0.23335001162339408,952
TR-noMoE,7,01408029,1.9979620268950091,1.5571615962363847,-0.467865877159845,856
TR-noMoE,7,01425000,1.000287604173335,0.6741161338307641,-0.05283252619432683,1056
TR-noMoE,7,01426500,1.4013559659051378,1.0825918890861896,0.12756022414604212,914
TR-noMoE,7,01427207,1.8558718189147363,1.4342938482032446,-0.027220492901828958,1063
TR-noMoE,7,01428500,2.0621805046305064,1.5948575051971474,0.015175505119607371,1054
TR-noMoE,7,01463500,1.8069836707428613,1.4210867126880953,-0.06169727106917154,1062
TR-noMoE,7,01480617,1.943602619324872,1.522021740619578,-0.3408397794102205,1076
TR-noMoE,7,01540500,1.7600184198372788,1.3760606507389397,-0.1739379497492353,911
TR-noMoE,7,01542500,2.054114602589698,1.6101678536641575,0.37969025354659625,1078
TR-noMoE,7,01549700,2.160140527607005,1.6788538909234691,-0.2661329573557506,1068
TR-noMoE,7,02110701,2.1568430146768285,1.66657720941012,-0.22395976028883816,1037
TR-noMoE,7,02176930,1.9729386206712198,1.5170399656318703,-0.4891985486447812,1040
TR-noMoE,7,02266300,1.7869134562964533,1.37680210213163,-0.43698222743931103,1072
TR-noMoE,7,02330450,1.7777976493578411,1.3165303146385012,-0.316443037157967,1050
TR-noMoE,7,02334430,0.41206990301938135,0.3101109876352198,-0.1909817481742186,1088
TR-noMoE,7,02334885,2.0217688717719473,1.5051918309839334,-0.3457234202500652,1088
TR-noMoE,7,02336120,2.1289024326624375,1.5753770725925762,-0.1852967638329223,1080
TR-noMoE,7,02336300,2.196066913058693,1.6563537689101453,-0.028950797189405793,1082
TR-noMoE,7,02336728,2.3134669314206193,1.763776628235459,-1.3522499244895567,1076
TR-noMoE,7,02397000,1.5336917315684555,1.1936692431761908,-0.11313566905954185,1082
TR-noMoE,7,02455980,1.7554469933895351,1.2898993474517317,-0.12461229218685939,1029
TR-noMoE,7,02458450,1.860347827901675,1.3907674299394954,-0.1574460635765892,1084
TR-noMoE,7,02474560,2.218365172668678,1.7135692121818302,-0.05816200285650497,1074
TR-noMoE,7,03007800,2.1096692255250176,1.6505856887425308,-0.02686831021615771,1078
TR-noMoE,7,03034000,2.1660112184039817,1.7106263679970035,-0.1812877700934487,1054
TR-noMoE,7,03036000,1.3866009517056133,1.0053635266499819,-0.1230431215109948,1070
TR-noMoE,7,03047000,1.8011205517798339,1.3250388561031237,0.00040903799544828604,1085
TR-noMoE,7,03077500,0.6318108910548876,0.4806609245102005,0.16707765274708816,1010
TR-noMoE,7,03105500,2.10020697168218,1.5900912657297168,-0.340115994933806,1078
TR-noMoE,7,03106000,2.339877195844486,1.8233504694271996,-0.23213947272166713,1023
TR-noMoE,7,03301900,2.0893621280712544,1.6154770371416736,-0.24084693038068117,1055
TR-noMoE,7,03353200,2.3365627387831895,1.855165333387496,-0.2873513257707597,1066
TR-noMoE,7,03456991,1.878976175566888,1.4770426629286892,-0.16785744724408638,1060
TR-noMoE,7,04027000,2.014708020521156,1.3784715902777218,-0.2634417219315197,1047
TR-noMoE,7,04043238,1.7085311799782157,1.2235687649286204,-0.2884853978603939,1071
TR-noMoE,7,04043244,1.632533675306544,1.2090415584412164,-0.14507110990674335,1071
TR-noMoE,7,04067500,1.7301421041454021,1.203250619345698,-0.15427304609558193,1028
TR-noMoE,7,04077630,1.8880370890158142,1.3434481528385624,0.04736887611798012,1088
TR-noMoE,7,04124200,0.8224104786695776,0.6078769006068315,-0.0033664764565437865,1086
TR-noMoE,7,04125460,1.5423893151126522,1.1953353019803763,-0.1743358776056104,1080
TR-noMoE,7,04137005,1.2922599206877494,0.9463312427867273,-0.021605519899527966,1084
TR-noMoE,7,04176500,1.93383928413697,1.47284824346187,-0.17291228154658592,1076
TR-noMoE,7,04208000,2.011242964002268,1.558680495442379,-0.22506692874289697,1008
TR-noMoE,7,05054000,1.5070274230746905,1.0597374659675984,-0.04989334858218049,1058
TR-noMoE,7,05057000,1.9988664262730143,1.3908256734209665,-0.05622953964315865,1052
TR-noMoE,7,05289800,1.9573515292575068,1.4779188682244588,0.0015129462614333089,832
TR-noMoE,7,05331833,1.7507445617537214,1.3304725825640786,-0.05843608804236654,1022
TR-noMoE,7,05370000,1.2381422565411935,0.8877032593277547,0.007130938053571012,1084
TR-noMoE,7,05382255,1.423720672876223,1.115452125278192,0.02713247901787433,1088
TR-noMoE,7,05382257,1.8803281786972104,1.4098454063367756,-0.28568543907883875,1078
TR-noMoE,7,05406457,1.2994762967798343,1.0180878927975308,-0.024315055293231462,971
TR-noMoE,7,05458300,2.270775874117336,1.6641586165717286,-0.3973041541307361,1038
TR-noMoE,7,05517000,2.2210435850733057,1.7474051056238,-0.4007810715558555,1088
TR-noMoE,7,06036805,1.4871785932663186,1.1969644557780885,-0.0009848879877051874,1084
TR-noMoE,7,06036905,1.850839168890741,1.493026134108796,-0.08635939964476748,1088
TR-noMoE,7,06036940,2.1262855207694873,1.63765892868323,1.0102911928082037,1086
TR-noMoE,7,06041000,1.5375051556606096,1.076643366132383,-0.01820685765000457,1056
TR-noMoE,7,06623800,0.9298006898281078,0.6285019862609549,0.10905774622561264,912
TR-noMoE,7,06894000,2.1552948501833242,1.710416743940301,-0.16312580143604624,1057
TR-noMoE,7,06934500,1.5738611107668623,1.2386499765142798,-0.1221641998862227,840
TR-noMoE,7,07106000,1.8596952631063317,1.45941246610435,-0.23832237835426182,844
TR-noMoE,7,07178200,2.0625432046411656,1.5997662112667475,0.06286166991792361,893
TR-noMoE,7,07194880,1.4103150598079823,1.1056571883022195,-0.185108437302089,505
TR-noMoE,7,07332622,2.4443257971686885,1.8736089912805498,0.03595464606505795,848
TR-noMoE,7,08048000,1.9894450008038995,1.4913934147850292,-0.26845171036797855,799
TR-noMoE,7,08052700,2.7919866347324542,2.0973120218952714,-0.33764245316548197,736
TR-noMoE,7,08065350,2.147655068716794,1.6003989892366004,-0.2277531531637266,874
TR-noMoE,7,08070200,2.2377382755232262,1.679466189520965,-0.17307629060605945,1027
TR-noMoE,7,08123850,2.4929506911840846,1.8807940987827017,0.01276913571519918,735
TR-noMoE,7,09136100,1.4120791061135773,1.121596800355172,-0.17832826562363788,1080
TR-noMoE,7,09144250,1.3034769525950423,1.0586247746333561,-0.0967561328732177,1086
TR-noMoE,7,09149500,1.3014489849520365,1.0278484481934678,-0.036734439164180954,1088
TR-noMoE,7,09163500,1.3733765050834426,1.0937542319397087,-0.10919351923409572,1088
TR-noMoE,7,09180000,1.5900652018185977,1.2605222105904172,-0.14857631235722585,1082
TR-noMoE,7,09261000,1.5879052826145112,1.2011832903738988,0.03449477703595198,1011
TR-noMoE,7,09302000,1.5350527806165557,1.2046495256021197,0.13215117908838503,1060
TR-noMoE,7,09380000,0.7445914277666627,0.5818736380490064,-0.25293603414426075,1063
TR-noMoE,7,10129900,1.317775739416427,0.9829153725222772,-0.028473649230535143,1067
TR-noMoE,7,10301500,1.8984079258113529,1.5200988163082105,-0.04794412409921858,1060
TR-noMoE,7,10351600,1.6729963041237634,1.3583415184784304,0.13259584568045749,1037
TR-noMoE,7,11262900,1.5957469135150937,1.2691225689640313,-0.03511321333296375,643
TR-noMoE,7,11467000,1.259362527095074,1.017919618329581,-0.11253644815262627,1088
TR-noMoE,7,11507500,1.8094833287873344,1.3845501997809417,-0.06456510938210959,1088
TR-noMoE,7,12056500,0.7832256906384367,0.6169194351420046,-0.05587859519157303,1057
TR-noMoE,7,12115000,0.7005929176738821,0.5247871484814209,-0.07085020768293579,991
TR-noMoE,7,12117600,0.836645013862482,0.657684318239198,-0.16076296169091672,1088
TR-noMoE,7,12210700,1.2192261845405452,0.9615278608519009,-0.13486418839025446,941
TR-noMoE,7,12212050,1.3215629690020199,0.9854235654319528,-0.075225979928523,938
TR-noMoE,7,12213100,1.4160379907953944,1.1362202616384565,-0.22594366343829855,1013
TR-noMoE,7,12363000,1.0114030450871665,0.7681696356136083,-0.05008019157915514,1052
TR-noMoE,7,12398600,0.9826753050330069,0.7477052011339427,-0.04096860219644037,1042
TR-noMoE,7,13018350,1.4670334447618705,1.1424993633987355,0.05432711703129007,1055
TR-noMoE,7,13154500,0.8526925301234177,0.6688275942907614,-0.11661045279572993,1088
TR-noMoE,7,13317660,0.7883131527035221,0.6270836569807109,0.04533359487267104,1088
TR-noMoE,7,13342500,1.1655160378180993,0.8656992742791771,-0.1911166544236681,1088
TR-noMoE,7,14091500,0.6508680141214858,0.5040825419127941,0.004033452403896017,1088
TR-noMoE,7,14150800,1.6307991864827027,1.2452911513254923,-0.16968751492745732,1088
TR-noMoE,7,14151000,1.6878801571061286,1.2215569952672176,-0.13569332167054665,1056
TR-noMoE,7,14152000,0.9203928483179761,0.719403962491845,-0.05468101668313941,1086
TR-noMoE,7,14153500,0.8939284952193132,0.6661264557121856,-0.04433654301241727,1078
TR-noMoE,7,14154500,1.6508680323968368,1.2607892653197323,-0.14697635691619845,1082
TR-noMoE,7,14159500,0.8596995203176094,0.6222439442868569,-0.06460438239973275,1076
TR-noMoE,7,14161500,1.073960327292203,0.8099232096107963,0.12939412578417056,1082
TR-noMoE,7,14179000,1.1029309435692143,0.8519943679993993,-0.3333790644124967,967
TR-noMoE,7,14185000,1.3994372987904165,1.0685515134993415,-0.15054310031724025,1006
TR-noMoE,7,14210000,0.9918106178846704,0.7636836477656902,-0.17609560282525644,1082
TR-noMoE,7,14211499,1.6724302710839707,1.2656150861520121,-0.20343150966826762,1074
TR-noMoE,7,14211500,1.834695454500835,1.3820096137991362,-0.21283869631552813,1045
TR-noMoE,7,14320934,1.4652400452981547,1.1238385520931473,-0.30956621586828303,1064
TR-noMoE,7,255534081324000,1.9067912238729061,1.479113498429552,-0.2397330945054046,1049
TR-noRouter,1,01073319,0.6553216095758764,0.4859439275270692,0.00363740820888929,970
TR-noRouter,1,01104415,0.9668832413394735,0.7482312797321614,-0.08844115543688003,961
TR-noRouter,1,01104455,0.9850773935932644,0.6596281945705414,0.008546434820822959,848
TR-noRouter,1,01104475,0.8514895131585566,0.6583434796025959,-0.10693735545072325,1086
TR-noRouter,1,01129500,0.6379025048526158,0.4712395071327836,-0.03583374748277177,1094
TR-noRouter,1,01400500,0.7307361047511797,0.5444096511106203,-0.0037355268102013555,979
TR-noRouter,1,01408029,0.8585352010588814,0.6551177826159196,-0.07560648525804779,891
TR-noRouter,1,01425000,0.4481318444189177,0.320452735228325,-0.009504198805609739,1072
TR-noRouter,1,01426500,0.7968200983996113,0.6035361694707634,0.0643701856612136,932
TR-noRouter,1,01427207,0.6850407286570235,0.5111432141309333,0.040275635496803235,1076
TR-noRouter,1,01428500,0.6024538444976991,0.45466015927186043,0.06445421593064553,1066
TR-noRouter,1,01463500,0.4883498173560949,0.3822870398995488,0.014731461712094236,1075
TR-noRouter,1,01480617,0.8727735527292786,0.6723601523522408,0.047153952758982424,1085
TR-noRouter,1,01540500,0.47355225039137194,0.364579812204966,-0.019243669666910684,930
TR-noRouter,1,01542500,0.6872954856823646,0.5315338479034541,0.1464415082353293,1087
TR-noRouter,1,01549700,0.7307404639045453,0.5503872372753656,-0.01093641813408504,1081
TR-noRouter,1,02110701,0.7279699677672953,0.537709792394429,-0.014492025048080517,1049
TR-noRouter,1,02176930,0.8382428371776256,0.6221252090344515,-0.11568595284183929,1053
TR-noRouter,1,02266300,0.6506885409522815,0.4685531309767113,-0.044295889518927996,1083
TR-noRouter,1,02330450,0.8184727012119718,0.593065135483455,-0.0560868650002587,1064
TR-noRouter,1,02334430,0.34205695740555175,0.24222711723508958,-0.049309798350499784,1094
TR-noRouter,1,02334885,0.6432998673384186,0.46292135268722195,-0.05910560659778184,1094
TR-noRouter,1,02336120,0.8033653778378302,0.5810517716802944,-0.0005147782039466761,1086
TR-noRouter,1,02336300,0.8284873374124241,0.6094415337886286,0.04652609575779065,1090
TR-noRouter,1,02336728,0.7269740466192409,0.5479049969158963,-0.3172455370151503,1085
TR-noRouter,1,02397000,0.43698581015481475,0.3372302381431355,-0.010656976875136842,1088
TR-noRouter,1,02455980,0.7546704147570993,0.5491011204887412,0.018352344669011707,1051
TR-noRouter,1,02458450,0.763951476968481,0.5590368141502989,0.005843528621684077,1091
TR-noRouter,1,02474560,0.5480783482867572,0.42240211454324744,0.06290029552979583,1086
TR-noRouter,1,03007800,0.7724779596450988,0.5815843452189697,0.039400028065875115,1087
TR-noRouter,1,03034000,0.829635348945037,0.6414765442134637,-0.010217320625230982,1060
TR-noRouter,1,03036000,0.5783877267795978,0.4401595288471588,-0.017939115802138555,1079
TR-noRouter,1,03047000,0.6031131884198039,0.45586181859904473,0.008039456097357837,1090
TR-noRouter,1,03077500,0.31955678209753435,0.23460975575726478,0.023289977503009145,1024
TR-noRouter,1,03105500,0.7272251639965145,0.5311851494974744,-0.0780945130049304,1086
TR-noRouter,1,03106000,0.778943561915025,0.5934676077728599,-0.038945090997602703,1041
TR-noRouter,1,03301900,0.9390217749825428,0.6954224000095428,-0.03524448850963001,1068
TR-noRouter,1,03353200,0.8927360655831211,0.6767312453835787,-0.050256594372540035,1073
TR-noRouter,1,03456991,0.7652784075059169,0.5777428978886335,-0.024331827316443566,1077
TR-noRouter,1,04027000,0.7314628241507755,0.5119590783784909,-0.032710707748552774,1061
TR-noRouter,1,04043238,0.8018460242220901,0.5746143882558314,-0.04637677933913928,1081
TR-noRouter,1,04043244,0.7905782380538099,0.5849015397199413,-0.004829179135771221,1083
TR-noRouter,1,04067500,0.4653988453543867,0.34631994175454156,-0.030208045338014414,1050
TR-noRouter,1,04077630,0.7056695192090765,0.5004770327212162,0.04648794440213776,1094
TR-noRouter,1,04124200,0.3667112063178384,0.28270350137909694,0.016232883842873528,1092
TR-noRouter,1,04125460,0.538830858696445,0.4126122665744621,-0.011841586886249197,1089
TR-noRouter,1,04137005,0.3897693721949545,0.30165133777012204,0.028630610043908555,1091
TR-noRouter,1,04176500,0.4634847613489442,0.35148799531556973,0.0049423206321789715,1087
TR-noRouter,1,04208000,0.6708159452645126,0.5113696787119485,-0.019696051307882205,1040
TR-noRouter,1,05054000,0.37889562889922856,0.26291246815018976,0.008283624805005482,1076
TR-noRouter,1,05057000,0.5963534616426434,0.4204743169525668,0.019018487250842597,1067
TR-noRouter,1,05289800,0.7288336298839128,0.5296276693766793,0.04383731175302247,887
TR-noRouter,1,05331833,0.8265353567322512,0.6154870707892067,0.01959992119624151,1042
TR-noRouter,1,05370000,0.4572530167535632,0.336915401151484,0.020684381814094786,1091
TR-noRouter,1,05382255,0.6571537997665737,0.49314091067073335,0.016845460640610467,1094
TR-noRouter,1,05382257,1.33370467651147,0.9489614465818976,-0.08110348453170141,1085
TR-noRouter,1,05406457,0.7942256212487961,0.5843139056699821,0.027641366954788155,996
TR-noRouter,1,05458300,0.6813679648818375,0.4898025429561594,-0.029522567803637618,1060
TR-noRouter,1,05517000,0.6931061549312012,0.5297310984373379,-0.07342997644168126,1094
TR-noRouter,1,06036805,0.8282393295877201,0.6338508411135617,0.01876725758247482,1091
TR-noRouter,1,06036905,0.9690625635411371,0.7345554077647067,0.003752469101161347,1094
TR-noRouter,1,06036940,1.1554592539378004,0.8580823681730054,0.3241204080127535,1092
TR-noRouter,1,06041000,0.4286970820305683,0.2998341356416357,-0.0008048688744738056,1066
TR-noRouter,1,06623800,0.5953216709171744,0.3937398357345043,0.02140856867968232,925
TR-noRouter,1,06894000,0.6040300514371321,0.4459908808317425,-0.002325740242515964,1072
TR-noRouter,1,06934500,0.356185762821366,0.2752154172659592,0.02027948010700265,887
TR-noRouter,1,07106000,1.1599366447150572,0.863471160867318,-0.0323533238726668,896
TR-noRouter,1,07178200,0.6500700075159351,0.4722601282712077,0.03630454674988698,929
TR-noRouter,1,07194880,0.7827283838554517,0.5751843398959309,-0.013222495914658452,517
TR-noRouter,1,07332622,0.9969558858473846,0.706294705671235,0.012471426010199665,878
TR-noRouter,1,08048000,0.6414946687045338,0.4590122810812558,-0.03651278058220356,850
TR-noRouter,1,08052700,1.2070268958954653,0.8792168129608509,-0.050342537868763255,789
TR-noRouter,1,08065350,0.4855291546788069,0.36262553550327464,-0.015263623240743533,913
TR-noRouter,1,08070200,0.6592076026843136,0.4860905461084275,0.018825112206595263,1050
TR-noRouter,1,08123850,0.969079692273506,0.7306152766500023,0.02903068112270155,767
TR-noRouter,1,09136100,0.7326623379622818,0.5513779666914483,-0.042767469481632625,1089
TR-noRouter,1,09144250,0.5837287315224448,0.4502170040807772,-0.01816223070653149,1092
TR-noRouter,1,09149500,0.6966005240191483,0.516246065169137,-0.006934358494209855,1094
TR-noRouter,1,09163500,0.4285187387876813,0.3286555990273682,-0.03238667341245432,1094
TR-noRouter,1,09180000,0.6519831933085011,0.48264271405185993,-0.03839539116038106,1089
TR-noRouter,1,09261000,0.5262310819092706,0.37460024792352664,0.01578002715178285,1032
TR-noRouter,1,09302000,0.6072782154996029,0.432209277496126,0.061346305695642506,1074
TR-noRouter,1,09380000,0.3128485832884123,0.22406045701372163,-0.04990096453531976,1069
TR-noRouter,1,10129900,0.6344773570522718,0.4463786804764688,-0.02254009785262184,1076
TR-noRouter,1,10301500,0.8242383941765404,0.6012780549750425,-0.0014870157732421567,1074
TR-noRouter,1,10351600,0.5474389995880667,0.4137548444073528,0.017939169022996526,1062
TR-noRouter,1,11262900,0.7072698288345022,0.5222347355033631,0.002933261101452162,659
TR-noRouter,1,11467000,0.384665500244964,0.2997670411627733,-0.05970173971744517,1094
TR-noRouter,1,11507500,0.4406841624942495,0.3349739703089271,-0.011488047065094148,1094
TR-noRouter,1,12056500,0.3361525515632737,0.25376772452337487,-0.015721340955586173,1069
TR-noRouter,1,12115000,0.3792841133972382,0.28883503360148144,-0.02879844436251661,1017
TR-noRouter,1,12117600,0.4188321287304114,0.3170443193132306,-0.019667478540479802,1094
TR-noRouter,1,12210700,0.5869275343016176,0.4546342853551479,-0.04586427296044746,983
TR-noRouter,1,12212050,0.5103220941995088,0.3759754323801054,-0.02853606103389572,979
TR-noRouter,1,12213100,0.5991444412695152,0.4631733352538488,-0.05306934164505986,1041
TR-noRouter,1,12363000,0.40253207009432806,0.30566208523303046,-0.0042726032337117425,1056
TR-noRouter,1,12398600,0.312394267335102,0.23555493611652795,-0.011201379173430878,1061
TR-noRouter,1,13018350,0.7229463758909253,0.5047587169892475,0.05497189943238767,1067
TR-noRouter,1,13154500,0.2834380454849773,0.22687559232415405,-0.007584490941691012,1094
TR-noRouter,1,13317660,0.23060418396682897,0.17969031832989654,0.0056409358324472835,1094
TR-noRouter,1,13342500,0.43258096738139484,0.3254169366041529,-0.036993787340969655,1094
TR-noRouter,1,14091500,0.40039291653048936,0.3138545386752002,-0.0008395062504128326,1094
TR-noRouter,1,14150800,0.5911886512610434,0.4629668533693066,-0.03713521419103226,1094
TR-noRouter,1,14151000,0.5397779448190969,0.3425091403950516,-0.029724685210328398,1073
TR-noRouter,1,14152000,0.35166343609395634,0.2643896353550446,-0.010825355847676578,1092
TR-noRouter,1,14153500,0.2780155437857598,0.2025656028347121,-0.034354709744672945,1086
TR-noRouter,1,14154500,0.5121205086764228,0.39840020067216714,-0.03329524987328478,1089
TR-noRouter,1,14159500,0.3767022202311109,0.2581372652185677,-0.015498400745303951,1085
TR-noRouter,1,14161500,0.4132287670817676,0.3180804654586413,0.021394778348854428,1089
TR-noRouter,1,14179000,0.49560233259544617,0.3724866004643706,-0.08850296976602623,985
TR-noRouter,1,14185000,0.49214366717753955,0.3810526488001753,-0.0442784389635412,1025
TR-noRouter,1,14210000,0.3440881168042584,0.2561391262885402,-0.04714353159070015,1088
TR-noRouter,1,14211499,0.644266807962315,0.4905469690705093,-0.04791782597975177,1086
TR-noRouter,1,14211500,0.6400411394324339,0.4910522656221139,-0.05513053013193875,1064
TR-noRouter,1,14320934,0.4700375906657384,0.36259033363398957,-0.076578175368526,1077
TR-noRouter,1,255534081324000,0.8073047794217588,0.6103627276331298,0.05681408014190331,1068
TR-noRouter,3,01073319,1.5456844293538472,1.1304455205434893,-0.01473113500602017,964
TR-noRouter,3,01104415,1.5361157294769947,1.2228282645187878,-0.26145186649498187,950
TR-noRouter,3,01104455,1.5240345710536456,1.1098206772923045,-0.010519817969977198,843
TR-noRouter,3,01104475,1.525905408747665,1.225599193749441,-0.29576623852224293,1081
TR-noRouter,3,01129500,1.3758919263822542,1.0054659528591272,-0.11935199331679816,1092
TR-noRouter,3,01400500,1.7364158100947968,1.3452022330455131,-0.08430337814448394,955
TR-noRouter,3,01408029,1.7774940347342423,1.4070962777125522,-0.22081675289226366,877
TR-noRouter,3,01425000,0.7731356536731185,0.5277089244547025,-0.019379448219084435,1065
TR-noRouter,3,01426500,1.2156741862124514,0.9359476916990835,0.14474105392110015,926
TR-noRouter,3,01427207,1.4937610218387682,1.1412441517287326,0.0323401657471033,1070
TR-noRouter,3,01428500,1.5323904214045074,1.1713192812649698,0.07823562303892614,1059
TR-noRouter,3,01463500,1.290697669626271,1.0163209839193061,0.021701992896394205,1070
TR-noRouter,3,01480617,1.691376258215073,1.3444856851520361,-0.030153628157244827,1080
TR-noRouter,3,01540500,1.1867442087478748,0.9202951524895036,-0.06038177292531643,923
TR-noRouter,3,01542500,1.6364330145367534,1.2865567074265751,0.2875397925394245,1082
TR-noRouter,3,01549700,1.6888155875693294,1.3093911608211521,-0.08260643965594991,1075
TR-noRouter,3,02110701,1.7412634942534888,1.33979436725008,-0.06772503374640788,1047
TR-noRouter,3,02176930,1.629563186777721,1.2386953351720598,-0.2706014611680089,1048
TR-noRouter,3,02266300,1.4824748403618386,1.1367347159943024,-0.2536265125522366,1078
TR-noRouter,3,02330450,1.5016208356836196,1.106869010720226,-0.17189340635373604,1058
TR-noRouter,3,02334430,0.45058474787077174,0.32629818759121737,-0.16361211245749896,1092
TR-noRouter,3,02334885,1.603259813987091,1.1938140301040676,-0.17400282595183827,1092
TR-noRouter,3,02336120,1.7597800341188214,1.3186746145242243,-0.06930763266443542,1082
TR-noRouter,3,02336300,1.8205213148312953,1.3724257980481915,0.03037032512450523,1086
TR-noRouter,3,02336728,1.5784070710435003,1.2002074598383021,-0.8146796692742241,1080
TR-noRouter,3,02397000,1.0972330567046402,0.8477524927590238,-0.03447461702896021,1087
TR-noRouter,3,02455980,1.481132188449825,1.103215582721846,-0.04266232370297647,1039
TR-noRouter,3,02458450,1.5295114177130769,1.1628990878077115,-0.06570021702962761,1088
TR-noRouter,3,02474560,1.4867174008670612,1.1624546799774311,0.045337190777889703,1082
TR-noRouter,3,03007800,1.7369187077778359,1.3487789005808906,0.03746974056693355,1082
TR-noRouter,3,03034000,1.8344180136436987,1.4397900960747934,-0.05647654369022766,1058
TR-noRouter,3,03036000,0.9603151704435271,0.7100666147106963,-0.03223834421409351,1074
TR-noRouter,3,03047000,1.2064262868310374,0.8783750722787398,0.026983293239027248,1088
TR-noRouter,3,03077500,0.48710125154093264,0.36548124005445903,0.07882693096980731,1019
TR-noRouter,3,03105500,1.6806299882118385,1.2804712074190763,-0.17470744460435542,1082
TR-noRouter,3,03106000,1.9012255429623814,1.4774142898647997,-0.1045081663970445,1034
TR-noRouter,3,03301900,1.789720243868126,1.3783539782855607,-0.11179511382797365,1063
TR-noRouter,3,03353200,1.9777123964339043,1.5643693929576428,-0.1642549385645679,1070
TR-noRouter,3,03456991,1.5138658425128044,1.1723568968509712,-0.08633051935593807,1069
TR-noRouter,3,04027000,1.6683311854443528,1.154636507464548,-0.13494923317034427,1054
TR-noRouter,3,04043238,1.456973133568522,1.056628807769832,-0.16188076097227386,1076
TR-noRouter,3,04043244,1.3981596429003897,1.0390473459872303,-0.056265532430451244,1079
TR-noRouter,3,04067500,1.2045226123772337,0.8624060627808633,-0.09950062036255086,1042
TR-noRouter,3,04077630,1.5310069862889928,1.0825786523609644,0.05054189045691771,1092
TR-noRouter,3,04124200,0.5832085403732286,0.44499353964394384,0.058396975950363555,1090
TR-noRouter,3,04125460,1.2716320531843146,0.9827636002642768,-0.04234518977079524,1085
TR-noRouter,3,04137005,0.7933670052571846,0.5823744374888894,0.03182251539820917,1088
TR-noRouter,3,04176500,1.2713586610454308,0.9544987248973569,-0.05037194389677051,1083
TR-noRouter,3,04208000,1.6272523560737198,1.266047042891398,-0.11026498171830156,1021
TR-noRouter,3,05054000,0.9377474322043918,0.6615163751358117,-0.005579565220411294,1068
TR-noRouter,3,05057000,1.497426633839029,1.0549266202480527,-0.005940743543123461,1062
TR-noRouter,3,05289800,1.5216600240709508,1.145783201073546,0.028612193787355814,861
TR-noRouter,3,05331833,1.4856279447553264,1.1147581608313888,-0.02248082265286659,1034
TR-noRouter,3,05370000,0.8984045172831089,0.644139548796503,0.023870478493764124,1088
TR-noRouter,3,05382255,1.15603527616399,0.8861706259636544,0.03332053273779788,1092
TR-noRouter,3,05382257,1.7904767502177448,1.3352955358306053,-0.18595523752699056,1082
TR-noRouter,3,05406457,1.1547985580785398,0.902172050010394,0.012754227938026304,983
TR-noRouter,3,05458300,1.7498534659001175,1.261821166370951,-0.17545881737520294,1050
TR-noRouter,3,05517000,1.7337907467248639,1.3626542717354855,-0.2170493820866386,1092
TR-noRouter,3,06036805,1.332731229178047,1.0467303149018656,0.03040439359953296,1088
TR-noRouter,3,06036905,1.6507216985716513,1.3021144195354029,-0.00763681947966633,1092
TR-noRouter,3,06036940,1.8148161611545148,1.3904576772287351,0.7442890772688279,1090
TR-noRouter,3,06041000,1.036436302251593,0.6999133016136707,0.007626519918554345,1059
TR-noRouter,3,06623800,0.8383694898117571,0.5683304134462251,0.08469136097301405,920
TR-noRouter,3,06894000,1.5848933779035694,1.2376349846335284,-0.06597887458545822,1064
TR-noRouter,3,06934500,0.9596336292941855,0.7521975572100253,0.004217036115005603,864
TR-noRouter,3,07106000,1.8036486624340358,1.3861261876140814,-0.09679489822813049,866
TR-noRouter,3,07178200,1.5116521866896244,1.1789957989537072,0.02987871589313658,907
TR-noRouter,3,07194880,1.2422911675416186,0.9562382709213169,-0.08610942182485122,513
TR-noRouter,3,07332622,2.0054527881917688,1.500003601527972,0.0034612841430427433,865
TR-noRouter,3,08048000,1.48061667209601,1.0970697772933777,-0.12253676471940007,830
TR-noRouter,3,08052700,2.383472290751853,1.8077926433766236,-0.1854718594952667,754
TR-noRouter,3,08065350,1.3723408099915968,1.0355253721398607,-0.11207971886165423,898
TR-noRouter,3,08070200,1.6228205566098632,1.2522688581490584,-0.07172868778298654,1037
TR-noRouter,3,08123850,2.092541905813574,1.60880216034401,-0.013283990232634572,754
TR-noRouter,3,09136100,1.1842196961985811,0.9269782778867928,-0.09770934319578559,1085
TR-noRouter,3,09144250,1.0748316818955983,0.8593931469416947,-0.045383876719332576,1090
TR-noRouter,3,09149500,1.1304865535371944,0.8775968383629243,-0.006220494489093416,1092
TR-noRouter,3,09163500,1.0139543647157006,0.7898214266038477,-0.060386541229928585,1092
TR-noRouter,3,09180000,1.2676526339425138,0.9784524022387153,-0.08282365194876876,1086
TR-noRouter,3,09261000,1.1944056283125697,0.8873634524444957,0.02637755369070194,1023
TR-noRouter,3,09302000,1.1881684599310487,0.8830978721460896,0.11891176055559596,1068
TR-noRouter,3,09380000,0.580978331814681,0.4376987997631195,-0.16826913146543235,1066
TR-noRouter,3,10129900,1.1346286958273384,0.8133825828381279,-8.328915978012696e-05,1071
TR-noRouter,3,10301500,1.5762537672844945,1.2146849766737078,-0.020940533213275478,1066
TR-noRouter,3,10351600,1.3258163724411003,1.0377828811284708,0.08379883188258562,1052
TR-noRouter,3,11262900,1.4272742250179968,1.107925929906178,0.028930840170456613,652
TR-noRouter,3,11467000,0.9216751421276389,0.7314527961360665,-0.04308919950282618,1092
TR-noRouter,3,11507500,1.2399648573713329,0.9524117481441069,-0.008338614918919258,1092
TR-noRouter,3,12056500,0.6034036209342973,0.4650134172126161,0.0026337413161013675,1065
TR-noRouter,3,12115000,0.6161972668036522,0.4839897907241927,-0.004083192999573648,1007
TR-noRouter,3,12117600,0.6908645430726794,0.5441596869583968,-0.027777205194745767,1092
TR-noRouter,3,12210700,1.0365135950014603,0.8170896943654737,-0.05056744716221693,967
TR-noRouter,3,12212050,1.0352005288796677,0.7716529080005297,0.011345790143815992,962
TR-noRouter,3,12213100,1.164320240886468,0.922235273806522,-0.08216552330747265,1023
TR-noRouter,3,12363000,0.7986038325190054,0.6154229197252891,-0.02271504248496828,1057
TR-noRouter,3,12398600,0.6244362924417186,0.47214125490330516,-0.002987139209395402,1050
TR-noRouter,3,13018350,1.3502855251472747,0.9888130589336181,0.11200165408041401,1063
TR-noRouter,3,13154500,0.5832482231649402,0.45470701355637205,-0.022433721713530714,1092
TR-noRouter,3,13317660,0.5419764573047411,0.42218046408869847,0.055439602215211506,1092
TR-noRouter,3,13342500,0.8836169702421954,0.666548609744498,-0.08622984898177696,1092
TR-noRouter,3,14091500,0.6524892769070616,0.5071587475228222,0.0331300703160492,1092
TR-noRouter,3,14150800,1.2761015375654212,0.9899317259316914,-0.052586709448706075,1092
TR-noRouter,3,14151000,1.170537200919201,0.7783065441855811,-0.038969767362551574,1064
TR-noRouter,3,14152000,0.6656644407934671,0.5167807019959896,0.0018424400714559246,1090
TR-noRouter,3,14153500,0.5518166390254637,0.40373012711071915,-0.02700936820722992,1082
TR-noRouter,3,14154500,1.2283306006368417,0.9414266029774154,-0.05133718414640339,1086
TR-noRouter,3,14159500,0.6218469687765527,0.43746860508565555,0.0013619196414947424,1080
TR-noRouter,3,14161500,0.8412791155325529,0.6366322326616249,0.10043883233658739,1086
TR-noRouter,3,14179000,0.9075186434872174,0.6977050998359462,-0.15574408611311247,979
TR-noRouter,3,14185000,1.0950145456255886,0.8401539183787138,-0.05092633669877566,1018
TR-noRouter,3,14210000,0.6588329807774217,0.4884463160955665,-0.07175669898424797,1086
TR-noRouter,3,14211499,1.3806315447721687,1.0526987802657315,-0.07446185166150497,1082
TR-noRouter,3,14211500,1.4748860406128603,1.120641722679138,-0.08939535472506567,1050
TR-noRouter,3,14320934,1.0723547083682425,0.823117979078177,-0.14267185707163524,1071
TR-noRouter,3,255534081324000,1.7182434554861545,1.324530334400613,-0.10112413256882041,1059
TR-noRouter,7,01073319,1.8460411038976907,1.3749550986133001,-0.13605067827455716,954
TR-noRouter,7,01104415,1.6470293142590886,1.282559171645913,-0.4631248258871519,939
TR-noRouter,7,01104455,1.7300696744784647,1.2453103143155217,-0.08862481225750406,835
TR-noRouter,7,01104475,1.7367195437355307,1.3524100899917928,-0.538900018558183,1076
TR-noRouter,7,01129500,1.6206782192513012,1.1376775249888047,-0.2674345708727368,1088
TR-noRouter,7,01400500,2.1365745007426016,1.6500660099793507,-0.23385796182389773,952
TR-noRouter,7,01408029,1.982784009960852,1.5524375219350663,-0.46478972890388187,856
TR-noRouter,7,01425000,0.9951902042862755,0.6719277253205126,-0.07293785593726416,1056
TR-noRouter,7,01426500,1.4020642011157132,1.0851677156267465,0.14915376757016852,914
TR-noRouter,7,01427207,1.8645667488164692,1.4396356038966498,-0.008576169977295767,1063
TR-noRouter,7,01428500,2.0766358348532297,1.606672086669892,0.041447353334761634,1054
TR-noRouter,7,01463500,1.8075906692022228,1.4272149178422218,-0.04567689833471554,1062
TR-noRouter,7,01480617,1.9569892580400545,1.5328628760177405,-0.3352312998811552,1076
TR-noRouter,7,01540500,1.7682052908085748,1.3871405063636608,-0.15616214126021358,911
TR-noRouter,7,01542500,2.0697974660834855,1.6188609975830743,0.4061537345066142,1078
TR-noRouter,7,01549700,2.15891372960864,1.6712273657405645,-0.2366100480549791,1068
TR-noRouter,7,02110701,2.159188871361587,1.6655726785025233,-0.2312994924782557,1037
TR-noRouter,7,02176930,1.9570408365240364,1.4976669598198853,-0.48970596766242613,1040
TR-noRouter,7,02266300,1.7972584832655925,1.3857008761434413,-0.4570300548823912,1072
TR-noRouter,7,02330450,1.7673417460927128,1.3095291634173623,-0.30970711675144375,1050
TR-noRouter,7,02334430,0.4545753076699137,0.3454951583462603,-0.2596417920554386,1088
TR-noRouter,7,02334885,2.0124508813724873,1.4951617449083747,-0.3690642162719194,1088
TR-noRouter,7,02336120,2.112203814026079,1.5555214663015473,-0.20175579211226216,1080
TR-noRouter,7,02336300,2.184493144299069,1.6374482741637943,-0.053989913877850314,1082
TR-noRouter,7,02336728,2.2811684742344442,1.7384846353176358,-1.3737360910855263,1076
TR-noRouter,7,02397000,1.5381189821956043,1.198061552594197,-0.11573852408615368,1082
TR-noRouter,7,02455980,1.7346068146422682,1.2680972643334152,-0.12890979388712448,1029
TR-noRouter,7,02458450,1.8434401362597523,1.372977454987839,-0.1735713602432026,1084
TR-noRouter,7,02474560,2.2137908302933433,1.71359298495607,-0.04288719401901218,1074
TR-noRouter,7,03007800,2.1201051980525247,1.657254083303593,-0.01779318815045373,1078
TR-noRouter,7,03034000,2.166867206440681,1.7107704431963715,-0.18272506702528735,1054
TR-noRouter,7,03036000,1.409001111229511,1.0150022371517162,-0.11692111625849645,1070
TR-noRouter,7,03047000,1.8269680697840496,1.3456329831165101,0.01732199728763598,1085
TR-noRouter,7,03077500,0.6264831006930857,0.47496577468248874,0.1405802236453141,1010
TR-noRouter,7,03105500,2.116348416156234,1.6037874561902101,-0.3368098338868932,1078
TR-noRouter,7,03106000,2.343073753004152,1.8251570814909122,-0.22039369445654652,1023
TR-noRouter,7,03301900,2.0977805417267055,1.625001242787917,-0.24336240340748103,1055
TR-noRouter,7,03353200,2.33872609833851,1.862234918002955,-0.30350159826159034,1066
TR-noRouter,7,03456991,1.868873815831647,1.4701396056953469,-0.16604287686213007,1060
TR-noRouter,7,04027000,2.018499156257507,1.3833590266211164,-0.28723236683555087,1047
TR-noRouter,7,04043238,1.706855859397112,1.2239875486598852,-0.3079586544360211,1071
TR-noRouter,7,04043244,1.6195821375465178,1.2035297267132004,-0.14973282382156558,1071
TR-noRouter,7,04067500,1.733641151504691,1.2138359106324272,-0.17347019848727224,1028
TR-noRouter,7,04077630,1.8795682375147784,1.3426955122498947,0.03517796059930014,1088
TR-noRouter,7,04124200,0.8835235132150911,0.652939880476033,0.017077589046011074,1086
TR-noRouter,7,04125460,1.5572053537947854,1.206689452112273,-0.15090892427221497,1080
TR-noRouter,7,04137005,1.3344961140560851,0.9725305072825773,-0.027192794528834507,1084
TR-noRouter,7,04176500,1.9322129971453856,1.4764584208750358,-0.17129146657956826,1076
TR-noRouter,7,04208000,2.012107666987049,1.557721735684881,-0.23335062494235378,1008
TR-noRouter,7,05054000,1.5344351552943631,1.0807323892169065,-0.07888951279889325,1058
TR-noRouter,7,05057000,1.9998839436384939,1.3972283697612724,-0.07717826334695857,1052
TR-noRouter,7,05289800,1.959323792173621,1.478253200778496,-0.061229705217052614,832
TR-noRouter,7,05331833,1.7454975814163565,1.318118030277542,-0.10625152581329446,1022
TR-noRouter,7,05370000,1.2304929353772167,0.8844397558607299,-0.010180382480040717,1084
TR-noRouter,7,05382255,1.4257368367090117,1.1145145004546708,0.04623538420453449,1088
TR-noRouter,7,05382257,1.8780717319432283,1.4079291926023028,-0.285728894071809,1078
TR-noRouter,7,05406457,1.3142899973273108,1.0279283699365651,-0.03194556712613168,971
TR-noRouter,7,05458300,2.2626217804685593,1.6559011688437995,-0.4121428765815921,1038
TR-noRouter,7,05517000,2.2195981270756824,1.7421799112549599,-0.3994257706107901,1088
TR-noRouter,7,06036805,1.4720373248704055,1.1825036847998296,-0.005963029737182204,1084
TR-noRouter,7,06036905,1.8361979042221512,1.4780411185587154,-0.0864196374135859,1088
TR-noRouter,7,06036940,2.134239617831674,1.647100754732585,1.019421158925824,1086
TR-noRouter,7,06041000,1.551364864153096,1.0922930921032796,-0.035020006953202384,1056
TR-noRouter,7,06623800,0.9387895890992576,0.6317428021264885,0.10799402994973784,912
TR-noRouter,7,06894000,2.1661322747272074,1.7172652434547102,-0.16981571347169871,1057
TR-noRouter,7,06934500,1.5891092472896897,1.2544209217085016,-0.10515685692606941,840
TR-noRouter,7,07106000,1.8646884313124896,1.4660322652414655,-0.23205866504866648,844
TR-noRouter,7,07178200,2.065855312342052,1.6041115799115726,0.031118601073343088,893
TR-noRouter,7,07194880,1.4240497902377611,1.1136196130809217,-0.12872339210887945,505
TR-noRouter,7,07332622,2.4254071871407934,1.8552209692761163,-0.003767759562030736,848
TR-noRouter,7,08048000,1.9898994802562953,1.4843668183337464,-0.28691887610844885,799
TR-noRouter,7,08052700,2.780794156226545,2.085733821850432,-0.36972955751192316,736
TR-noRouter,7,08065350,2.151303625486673,1.5954610710558683,-0.22511520805839,874
TR-noRouter,7,08070200,2.234321198806711,1.6801698620618841,-0.17803858977097728,1027
TR-noRouter,7,08123850,2.4887219387316275,1.878737385808205,0.021245877531921035,735
TR-noRouter,7,09136100,1.4050820749576904,1.1229467807006506,-0.16723370591661446,1080
TR-noRouter,7,09144250,1.3025148083356575,1.0612573591920222,-0.08275793857913653,1086
TR-noRouter,7,09149500,1.3013290204342993,1.0377491719637286,-0.030609652197317202,1088
TR-noRouter,7,09163500,1.3634588738436992,1.0874453377423752,-0.11528237343094694,1088
TR-noRouter,7,09180000,1.5824054267718894,1.26124948959956,-0.1633763462490989,1082
TR-noRouter,7,09261000,1.5782421320499547,1.195527402846959,0.026820617371435002,1011
TR-noRouter,7,09302000,1.5142357331626672,1.18470929709597,0.14160534799731567,1060
TR-noRouter,7,09380000,0.7637294168195279,0.5929793489730706,-0.31879189940745944,1063
TR-noRouter,7,10129900,1.31804080618751,0.9826305533304546,-0.007766507603681981,1067
TR-noRouter,7,10301500,1.9134211896101831,1.532410491997341,-0.05631264185005767,1060
TR-noRouter,7,10351600,1.681973224332134,1.3654461058034504,0.15089044711169078,1037
TR-noRouter,7,11262900,1.5913710149119928,1.2709030887016426,-0.05067479265607536,643
TR-noRouter,7,11467000,1.2647316016584684,1.0190388313987677,-0.09146267149378273,1088
TR-noRouter,7,11507500,1.8013122426433592,1.3827822883476448,-0.054282021596479935,1088
TR-noRouter,7,12056500,0.776590360239989,0.6097091901268504,-0.0032714998034113884,1057
TR-noRouter,7,12115000,0.7164541039528145,0.5437242267110153,-0.05316432869638852,991
TR-noRouter,7,12117600,0.8342647881152127,0.6574926770347007,-0.13496574237942696,1088
TR-noRouter,7,12210700,1.2110016342238574,0.9569369907871951,-0.12759865894517788,941
TR-noRouter,7,12212050,1.3238883725729504,0.9880415541403837,-0.03979984670559736,938
TR-noRouter,7,12213100,1.4025867320188483,1.122122314609109,-0.1884676571497795,1013
TR-noRouter,7,12363000,0.9948591826680746,0.7590968129072806,-0.06401971365562412,1052
TR-noRouter,7,12398600,1.0011026789261044,0.7638535238473521,-0.02338478046106515,1042
TR-noRouter,7,13018350,1.4679698202294733,1.1410037696297102,0.05415291692169994,1055
TR-noRouter,7,13154500,0.8555850215833058,0.6676965257700751,-0.10974222018438227,1088
TR-noRouter,7,13317660,0.7779097299317699,0.6227946029428173,0.05563580231631502,1088
TR-noRouter,7,13342500,1.1712488128530307,0.8681306761086863,-0.17756462920018853,1088
TR-noRouter,7,14091500,0.6719563004638569,0.5154783251969254,0.003631516546010973,1088
TR-noRouter,7,14150800,1.6095200846729554,1.2340864047408104,-0.1437424516853164,1088
TR-noRouter,7,14151000,1.669603115800845,1.1997454731753376,-0.1096674862233075,1056
TR-noRouter,7,14152000,0.927437175820211,0.7270023486451769,-0.05544583476928939,1086
TR-noRouter,7,14153500,0.8995446037337744,0.6707341240598009,-0.032907233255913576,1078
TR-noRouter,7,14154500,1.634249040954149,1.2477413273783136,-0.13199300834299674,1082
TR-noRouter,7,14159500,0.8698994852482639,0.638096139200558,-0.04808614293881952,1076
TR-noRouter,7,14161500,1.063846245826752,0.8026584268056972,0.13736489085745676,1082
TR-noRouter,7,14179000,1.078639620177538,0.8353683273819389,-0.2915471514476985,967
TR-noRouter,7,14185000,1.3792707089206628,1.054947638085064,-0.12089276474939428,1006
TR-noRouter,7,14210000,0.9920732528181638,0.7629577294295024,-0.16924901594736658,1082
TR-noRouter,7,14211499,1.6672339100556082,1.261861048477877,-0.1817718099476683,1074
TR-noRouter,7,14211500,1.8253931813481497,1.377876383014843,-0.1891663616353815,1045
TR-noRouter,7,14320934,1.4341658682257903,1.1033785176008266,-0.2788130230025241,1064
TR-noRouter,7,255534081324000,1.9153650153070725,1.495113076245478,-0.294273313007773,1049
TR-noTCN,1,01073319,0.7003277403471129,0.5264378666211419,-0.029028505876314694,970
TR-noTCN,1,01104415,1.0422932282194932,0.8145561599272471,-0.15746775724761322,961
TR-noTCN,1,01104455,1.0715165300944545,0.7170310624927845,-0.002902664272290331,848
TR-noTCN,1,01104475,0.9213176579598564,0.7165046422630823,-0.1571555795700291,1086
TR-noTCN,1,01129500,0.67655429338905,0.5102311349174874,-0.05866464778512356,1094
TR-noTCN,1,01400500,0.7986863548544426,0.6041941446610807,-0.0531325514990536,979
TR-noTCN,1,01408029,0.9393540969411506,0.722795008278455,-0.14845749669270344,891
TR-noTCN,1,01425000,0.45411330981069026,0.3308485741935559,0.017749772543337813,1072
TR-noTCN,1,01426500,0.8254686537822392,0.6201208515260608,0.046900282435662737,932
TR-noTCN,1,01427207,0.7376721598662158,0.5527168988907358,0.03039224439438651,1076
TR-noTCN,1,01428500,0.6352581756775232,0.4839259181384829,0.05010951176516389,1066
TR-noTCN,1,01463500,0.5194583668346544,0.40060350179672244,-0.01650755203601924,1075
TR-noTCN,1,01480617,0.8923939091905205,0.691975828282844,-0.07520564317703249,1085
TR-noTCN,1,01540500,0.4681426672823344,0.3608861895578523,-0.043915112084278465,930
TR-noTCN,1,01542500,0.7381433859022234,0.5763232741412374,0.1488461205758079,1087
TR-noTCN,1,01549700,0.7583941803712364,0.5787423308737141,-0.028268151876243538,1081
TR-noTCN,1,02110701,0.7709893690238172,0.5654858371436425,-0.05373810244470237,1049
TR-noTCN,1,02176930,0.8894895025380771,0.6625325144865574,-0.1371915487255919,1053
TR-noTCN,1,02266300,0.7191720950496365,0.5311572896476597,-0.13054480107977556,1083
TR-noTCN,1,02330450,0.8627679382464833,0.6316044949835405,-0.08018131866715009,1064
TR-noTCN,1,02334430,0.31793261457471184,0.24464180081592396,-0.036379952143053694,1094
TR-noTCN,1,02334885,0.7099096445540634,0.5113555395842906,-0.10859492576972221,1094
TR-noTCN,1,02336120,0.8817737552206689,0.6443752093978129,-0.03426298549601165,1086
TR-noTCN,1,02336300,0.9064452301787309,0.6688847112436906,0.029448495239292775,1090
TR-noTCN,1,02336728,0.9055396740787744,0.6999433135107366,-0.48628232147287115,1085
TR-noTCN,1,02397000,0.4312369937894108,0.3270148791811045,-0.02547395834151433,1088
TR-noTCN,1,02455980,0.8316706329882569,0.6113294257536942,-0.0016737979667511092,1051
TR-noTCN,1,02458450,0.8423509271822248,0.630320232314434,-0.03415808332392537,1091
TR-noTCN,1,02474560,0.5678987803630152,0.4328050464556362,0.03911112654494537,1086
TR-noTCN,1,03007800,0.8344377424093579,0.6359870575484927,0.03556451507275986,1087
TR-noTCN,1,03034000,0.904341268066382,0.69514149190858,-0.021108295483479502,1060
TR-noTCN,1,03036000,0.45718728858299174,0.343206978868952,0.002269116356844611,1079
TR-noTCN,1,03047000,0.4927979100025359,0.36610932931987517,0.011208344621395831,1090
TR-noTCN,1,03077500,0.27876378919056377,0.2123800714733079,0.04849310151766985,1024
TR-noTCN,1,03105500,0.7823030377217157,0.5756443438636445,-0.08457065691166382,1086
TR-noTCN,1,03106000,0.8428341226945845,0.6480706403241292,-0.05277381688463756,1041
TR-noTCN,1,03301900,1.0325623285799337,0.7664923901805718,-0.07091503992174446,1068
TR-noTCN,1,03353200,0.9774201870246845,0.7418237897134338,-0.07685552078602143,1073
TR-noTCN,1,03456991,0.8273450204076692,0.625671335902608,-0.02621415125183629,1077
TR-noTCN,1,04027000,0.8060598869304803,0.5736965687392266,-0.05708582142969677,1061
TR-noTCN,1,04043238,0.8349936565182536,0.6078164955468419,-0.0731280224020425,1081
TR-noTCN,1,04043244,0.8301066251530984,0.6168387426673981,-0.031922957229592236,1083
TR-noTCN,1,04067500,0.5011461367650486,0.37527010207130973,-0.028957584508960806,1050
TR-noTCN,1,04077630,0.7515380791345192,0.5456421216790628,0.02715123802673757,1094
TR-noTCN,1,04124200,0.24114719299477452,0.18865277597428246,0.032861101490892344,1092
TR-noTCN,1,04125460,0.584875103507338,0.45198490656604456,-0.038508219027650586,1089
TR-noTCN,1,04137005,0.29188238417831414,0.22714448938475737,0.022788586509162198,1091
TR-noTCN,1,04176500,0.4760764290656691,0.36170594627029073,-0.0035161025416048145,1087
TR-noTCN,1,04208000,0.738152643401195,0.5648676788362746,-0.04669798233044837,1040
TR-noTCN,1,05054000,0.3633173944195842,0.27424064188244396,0.0021788232895323958,1076
TR-noTCN,1,05057000,0.6506549017542567,0.4739683001822397,0.008828146239758323,1067
TR-noTCN,1,05289800,0.7652678512260299,0.5563656995085561,0.048969621539510705,887
TR-noTCN,1,05331833,0.8660623696893444,0.652444350377669,-0.005079589659730657,1042
TR-noTCN,1,05370000,0.4245819414418839,0.30712186968949384,0.007290797185504492,1091
TR-noTCN,1,05382255,0.6635414873061634,0.4956390045229107,-0.0034621854437007628,1094
TR-noTCN,1,05382257,1.3594677640319452,0.9637185506337248,-0.11594622321941885,1085
TR-noTCN,1,05406457,0.8062884262750958,0.5940709463563789,0.003972094892019245,996
TR-noTCN,1,05458300,0.7361661416074597,0.5449778493300502,-0.06526352944133697,1060
TR-noTCN,1,05517000,0.7551005925100254,0.58356246987402,-0.11030221876008961,1094
TR-noTCN,1,06036805,0.8581400891167601,0.6620757212997248,0.001124534816724442,1091
TR-noTCN,1,06036905,0.9859760577947304,0.7543386016075092,-0.031632231750697515,1094
TR-noTCN,1,06036940,1.2150165937645796,0.9147404558929332,0.4333740384587438,1092
TR-noTCN,1,06041000,0.44878046459496396,0.31713698953949265,-0.008602679119660284,1066
TR-noTCN,1,06623800,0.6130721175921253,0.40898686968213,0.05541840019077063,925
TR-noTCN,1,06894000,0.6475260150029724,0.4822407087644757,-0.02022203375488079,1072
TR-noTCN,1,06934500,0.3238251427139335,0.2529239733717084,-0.01290809730699928,887
TR-noTCN,1,07106000,1.1603803708533278,0.8775646962607945,-0.07809318047449261,896
TR-noTCN,1,07178200,0.6782144722478863,0.49703905798005593,0.03343422279419497,929
TR-noTCN,1,07194880,0.7899738247367437,0.5964424478246811,-0.0729857821067943,517
TR-noTCN,1,07332622,1.045017160824984,0.7502804611718329,0.028990251221322837,878
TR-noTCN,1,08048000,0.6422206634468279,0.4684767301222857,-0.03381731930901024,850
TR-noTCN,1,08052700,1.2516097381966291,0.9160041455760201,-0.06473389521751113,789
TR-noTCN,1,08065350,0.4586899347199997,0.33686421844549275,-0.011527969594330775,913
TR-noTCN,1,08070200,0.6679286973886024,0.49230637196132115,-0.009312041146414634,1050
TR-noTCN,1,08123850,1.0390812730614531,0.7841048875408346,0.03584757267729398,767
TR-noTCN,1,09136100,0.7759021163129762,0.5849679167051454,-0.01123162054476438,1089
TR-noTCN,1,09144250,0.6257314732047836,0.4776297095398872,0.011601018589058201,1092
TR-noTCN,1,09149500,0.7247220852402281,0.5352243773080748,-0.011307255528744651,1094
TR-noTCN,1,09163500,0.4601606505035078,0.35060989411438803,-0.0292816263599699,1094
TR-noTCN,1,09180000,0.6900549321668438,0.5075062268434984,-0.027612448002564943,1089
TR-noTCN,1,09261000,0.5402086584263588,0.39604393979155483,0.028304401643090525,1032
TR-noTCN,1,09302000,0.6541878613610853,0.4690582457485867,0.0425733610550618,1074
TR-noTCN,1,09380000,0.3604661166715231,0.25958548493202427,-0.06235207610313188,1069
TR-noTCN,1,10129900,0.6634499684166816,0.46170519355504497,-0.009456298275951123,1076
TR-noTCN,1,10301500,0.8636389128616062,0.636572999569624,-0.025806935078826948,1074
TR-noTCN,1,10351600,0.570553246611777,0.4274949922400006,0.02337933219758804,1062
TR-noTCN,1,11262900,0.7429517570577058,0.555298554879219,0.02887658913689064,659
TR-noTCN,1,11467000,0.3793543231800971,0.2964362875852986,-0.02422263539469436,1094
TR-noTCN,1,11507500,0.47378158709621737,0.36217870157641074,0.007502550687606855,1094
TR-noTCN,1,12056500,0.36910244871173165,0.2828171779554062,0.025298703597794094,1069
TR-noTCN,1,12115000,0.3545493952611938,0.2765885698408504,0.02688164816493481,1017
TR-noTCN,1,12117600,0.4105505603762869,0.3104897244102994,0.0060079981247729355,1094
TR-noTCN,1,12210700,0.6036536130210618,0.46221984465694627,-0.02131935060024262,983
TR-noTCN,1,12212050,0.5330023114038331,0.40075597778891153,0.006002138888385367,979
TR-noTCN,1,12213100,0.640954988433474,0.4920111065166828,-0.021803405661919625,1041
TR-noTCN,1,12363000,0.4476172031926223,0.33896469701307286,0.017606383017405407,1056
TR-noTCN,1,12398600,0.25585538114818424,0.1954402470590791,0.011111661740188081,1061
TR-noTCN,1,13018350,0.7445756468492418,0.5255811109259069,0.04932916419966375,1067
TR-noTCN,1,13154500,0.24218249081541662,0.19004651624062383,0.008951273696732076,1094
TR-noTCN,1,13317660,0.22758848942061558,0.1783778530588098,0.02194003644765403,1094
TR-noTCN,1,13342500,0.43908565100845076,0.3330750450246731,-0.01907883665679359,1094
TR-noTCN,1,14091500,0.42854056668517865,0.33324228989358795,0.017941006620361768,1094
TR-noTCN,1,14150800,0.6218695269123043,0.48621262782670466,0.002154121124330359,1094
TR-noTCN,1,14151000,0.515306323307678,0.3323161172289106,0.012914321895858904,1073
TR-noTCN,1,14152000,0.36122067929239055,0.2792509137929141,0.020810448774051315,1092
TR-noTCN,1,14153500,0.268910103479013,0.21105504000823583,0.0325201237399275,1086
TR-noTCN,1,14154500,0.5453182161302601,0.4233713759535272,0.004611616686355958,1089
TR-noTCN,1,14159500,0.3674219348255363,0.25776811261330884,0.019211674571586634,1085
TR-noTCN,1,14161500,0.44478310065070503,0.3447280508974914,0.08510851930105107,1089
TR-noTCN,1,14179000,0.502622290083582,0.37488939829889295,-0.04009693131228994,985
TR-noTCN,1,14185000,0.5159964122561728,0.39876442911566756,0.013457647858596437,1025
TR-noTCN,1,14210000,0.29298964729834637,0.21948467926944004,-0.00992379000081735,1088
TR-noTCN,1,14211499,0.6709151639245726,0.5110711473704044,-0.019058208227925984,1086
TR-noTCN,1,14211500,0.6662235307826382,0.5101321074747502,-0.023204384464070273,1064
TR-noTCN,1,14320934,0.4941356444113099,0.3750204351951153,-0.0811437572277356,1077
TR-noTCN,1,255534081324000,0.7954483883023419,0.5899367114577846,0.02477693772048086,1068
TR-noTCN,3,01073319,1.5805545558692917,1.1620454389356556,-0.0888281276057323,964
TR-noTCN,3,01104415,1.5885521462415493,1.2616602588515535,-0.3840363968987214,950
TR-noTCN,3,01104455,1.5989999849935446,1.147509844815038,-0.034406669793179856,843
TR-noTCN,3,01104475,1.5908494494698753,1.2786223311759497,-0.3793655298353896,1081
TR-noTCN,3,01129500,1.4104099295466117,1.0336388573580977,-0.1509810039449497,1092
TR-noTCN,3,01400500,1.7903291034371687,1.3896078983245719,-0.16711317581968158,955
TR-noTCN,3,01408029,1.8432545231108413,1.4596264593107806,-0.3504521015466551,877
TR-noTCN,3,01425000,0.7460560421291159,0.5013218761050086,0.004329088417017384,1065
TR-noTCN,3,01426500,1.2479964980142435,0.9604403556423105,0.09657142848484461,926
TR-noTCN,3,01427207,1.533678950236203,1.1817373014039525,-0.00912782421039642,1070
TR-noTCN,3,01428500,1.5619867815870028,1.2049498735236688,0.047497264113245515,1059
TR-noTCN,3,01463500,1.3440263379394377,1.0607550135797985,-0.024327789604942387,1070
TR-noTCN,3,01480617,1.7409776798863723,1.3835480974228294,-0.24332714333578398,1080
TR-noTCN,3,01540500,1.2252989993449375,0.9535393760932099,-0.10562616361472611,923
TR-noTCN,3,01542500,1.6716567194368703,1.325598623028607,0.2947751178504303,1082
TR-noTCN,3,01549700,1.729582179495184,1.3479056814510462,-0.1168152100883944,1075
TR-noTCN,3,02110701,1.7844039710262738,1.3648940173807662,-0.14527004673692762,1047
TR-noTCN,3,02176930,1.6806044393682489,1.299288069963,-0.33865903598889135,1048
TR-noTCN,3,02266300,1.5492130584013815,1.2005494995329506,-0.3586339463992994,1078
TR-noTCN,3,02330450,1.5305699572725742,1.1415790752674997,-0.21268682262397215,1058
TR-noTCN,3,02334430,0.3256347764148405,0.24856822045294794,-0.05395372691171945,1092
TR-noTCN,3,02334885,1.6584435300446436,1.2494587345001027,-0.25661733451780383,1092
TR-noTCN,3,02336120,1.8086119636355078,1.3516255150110137,-0.1180433547761215,1082
TR-noTCN,3,02336300,1.8668302335884337,1.411268469444296,0.01479805207384228,1086
TR-noTCN,3,02336728,1.8432550157831842,1.4084864605797662,-1.055016093077483,1080
TR-noTCN,3,02397000,1.122531486147017,0.8729836507795486,-0.05056901552749535,1087
TR-noTCN,3,02455980,1.4960681613284152,1.1349841305105817,-0.049254631009436875,1039
TR-noTCN,3,02458450,1.564043046269721,1.2071764225468917,-0.0905070466153762,1088
TR-noTCN,3,02474560,1.527688157021697,1.201103648020027,0.038553517891607096,1082
TR-noTCN,3,03007800,1.7707515347179517,1.3932985859559832,0.015189000378171764,1082
TR-noTCN,3,03034000,1.8681013117075456,1.4818958170740162,-0.09666605622055174,1058
TR-noTCN,3,03036000,0.8994623971226123,0.649366095339536,-0.037430518565203415,1074
TR-noTCN,3,03047000,1.187628343708295,0.8408445273635581,0.009545389382059137,1088
TR-noTCN,3,03077500,0.4366575100598527,0.3206056771732289,0.11403251929652822,1019
TR-noTCN,3,03105500,1.7361815711394593,1.3220126057095316,-0.20556402426495354,1082
TR-noTCN,3,03106000,1.9350415196377246,1.5163434461609424,-0.13893006023314974,1034
TR-noTCN,3,03301900,1.8516328324234697,1.4283525610743888,-0.17869138266270945,1063
TR-noTCN,3,03353200,2.016659697964572,1.5992266442452636,-0.20066055751292508,1070
TR-noTCN,3,03456991,1.552295479731228,1.2065908559802763,-0.10305089332769699,1069
TR-noTCN,3,04027000,1.6937045775948127,1.1834598854124065,-0.14154516957325602,1054
TR-noTCN,3,04043238,1.476914818616164,1.079363005051604,-0.19314799970188992,1076
TR-noTCN,3,04043244,1.4143880645150004,1.0547947656194074,-0.08210335436990905,1079
TR-noTCN,3,04067500,1.2163217112473785,0.8738363676323267,-0.08041731409023332,1042
TR-noTCN,3,04077630,1.5533988619157004,1.111371910265705,0.06549187587171573,1092
TR-noTCN,3,04124200,0.4156867945472168,0.3185675923649325,0.0563689804405247,1090
TR-noTCN,3,04125460,1.2860116180553596,1.0014613323359995,-0.0937509587201105,1085
TR-noTCN,3,04137005,0.708933239607232,0.526541328486329,0.011394617349073743,1088
TR-noTCN,3,04176500,1.3025579519093464,0.9841478235443448,-0.07443660619485491,1083
TR-noTCN,3,04208000,1.675392611510093,1.3050374390533692,-0.15994620883908492,1021
TR-noTCN,3,05054000,0.9292376838839,0.6722855971282442,-0.020592384109376485,1068
TR-noTCN,3,05057000,1.518027481888391,1.0700519803415094,-0.0029178597606550247,1062
TR-noTCN,3,05289800,1.5235941531594623,1.157621560109353,0.045412007637611836,861
TR-noTCN,3,05331833,1.519684815399048,1.145567662425959,-0.0282391618425657,1034
TR-noTCN,3,05370000,0.8671198423899731,0.6225128008819679,0.00782704502344129,1088
TR-noTCN,3,05382255,1.152584087869051,0.8843723749653215,0.03756855162263134,1092
TR-noTCN,3,05382257,1.8015631796535014,1.3404113353951361,-0.23257584889142216,1082
TR-noTCN,3,05406457,1.1600234630000628,0.9104482470790828,0.007158663750664954,983
TR-noTCN,3,05458300,1.7834050829530428,1.2989067671831165,-0.21825554621574425,1050
TR-noTCN,3,05517000,1.7604231241842836,1.3912135602544735,-0.2776393934811428,1092
TR-noTCN,3,06036805,1.3618440207498053,1.0769249773255605,-0.006799667805214147,1088
TR-noTCN,3,06036905,1.6966248874451297,1.3484928461221548,-0.07700456874274507,1092
TR-noTCN,3,06036940,1.9472401136659883,1.4994594255499882,0.9431289595857674,1090
TR-noTCN,3,06041000,1.066980966765168,0.7218278276149229,0.0006514658361701631,1059
TR-noTCN,3,06623800,0.8403791447944307,0.562977757130638,0.07379847417853812,920
TR-noTCN,3,06894000,1.634800835817485,1.27879371145334,-0.08902712065194336,1064
TR-noTCN,3,06934500,0.9698667333022918,0.7662268838034598,-0.03978597824806693,864
TR-noTCN,3,07106000,1.8024771825297548,1.3992500499940497,-0.18451559319403926,866
TR-noTCN,3,07178200,1.5254483629339868,1.1925675824695279,0.04772311406992503,907
TR-noTCN,3,07194880,1.245447721143966,0.9714842482152274,-0.1512691906785872,513
TR-noTCN,3,07332622,2.042258751761186,1.533666182227562,0.06528321674276644,865
TR-noTCN,3,08048000,1.4828651842253981,1.1021669938190874,-0.11356327206255436,830
TR-noTCN,3,08052700,2.419873032983309,1.8377624337568839,-0.20339204900618885,754
TR-noTCN,3,08065350,1.3518275608527046,1.0150222453879887,-0.10568043102400343,898
TR-noTCN,3,08070200,1.6493243181661388,1.2751672042140394,-0.08903233758968691,1037
TR-noTCN,3,08123850,2.1288391448370265,1.6318543979280506,0.03864695387114264,754
TR-noTCN,3,09136100,1.236634076881712,0.9665166505223595,-0.09523377374020588,1085
TR-noTCN,3,09144250,1.133751719849405,0.9001753382029337,-0.04897710444046816,1090
TR-noTCN,3,09149500,1.1784249841735328,0.9168820086470889,-0.015016196242400576,1092
TR-noTCN,3,09163500,1.075888915095383,0.8311866732881594,-0.09228469662378107,1092
TR-noTCN,3,09180000,1.3355625280483703,1.0326818971158886,-0.11892338790356233,1086
TR-noTCN,3,09261000,1.2274501047442439,0.9227872142446238,0.023615704154921646,1023
TR-noTCN,3,09302000,1.255232162861764,0.9420348337516606,0.08165491831694706,1068
TR-noTCN,3,09380000,0.595283868596623,0.44742825554638377,-0.1286365581498137,1066
TR-noTCN,3,10129900,1.1792500545822113,0.8425540382454709,-0.0011430232130847041,1071
TR-noTCN,3,10301500,1.622037056149638,1.2517475667355433,-0.06950252418446493,1066
TR-noTCN,3,10351600,1.3493581569227782,1.0613311260598695,0.060421634785576016,1052
TR-noTCN,3,11262900,1.476810602823234,1.150367845494323,0.08245065329265011,652
TR-noTCN,3,11467000,0.9249606134015497,0.7319454646372534,-0.03503983335180597,1092
TR-noTCN,3,11507500,1.2721119496831528,0.971944846248343,0.0006369263888933745,1092
TR-noTCN,3,12056500,0.6173259429035378,0.4741063896814982,0.01748889473122609,1065
TR-noTCN,3,12115000,0.5573730988367583,0.43017023462051196,0.02151124093833249,1007
TR-noTCN,3,12117600,0.6591224431673148,0.5204662200295445,-0.013857928344181586,1092
TR-noTCN,3,12210700,1.043990410487002,0.8232119993099629,-0.04111931181927871,967
TR-noTCN,3,12212050,1.0549692942240432,0.7850982486953854,0.003636901529811796,962
TR-noTCN,3,12213100,1.1933838557207925,0.9366401476171943,-0.0725816536931465,1023
TR-noTCN,3,12363000,0.8250691952966961,0.6281556779129278,-0.018844978478909015,1057
TR-noTCN,3,12398600,0.5065404196549589,0.3688881438676091,0.023940960538174436,1050
TR-noTCN,3,13018350,1.3799613770248509,1.0102216799863941,0.10271181106354485,1063
TR-noTCN,3,13154500,0.594554268270464,0.46165042124388417,-0.04431682549990141,1092
TR-noTCN,3,13317660,0.5488897833351761,0.42914501188438886,0.036395468248989114,1092
TR-noTCN,3,13342500,0.8798463855956026,0.6660129631831969,-0.09995125883664842,1092
TR-noTCN,3,14091500,0.6235544602593227,0.4799509229240837,0.019754448216476747,1092
TR-noTCN,3,14150800,1.302172941138713,1.012167600965325,-0.05081271684213435,1092
TR-noTCN,3,14151000,1.172235541403739,0.7654469513355342,-0.00870532281416696,1064
TR-noTCN,3,14152000,0.6659720071747476,0.5072085648282952,0.041349308993838235,1090
TR-noTCN,3,14153500,0.5505471437842121,0.40663803840080165,0.03515774410445234,1082
TR-noTCN,3,14154500,1.2732706249533547,0.9750033307690209,-0.044612837957413796,1086
TR-noTCN,3,14159500,0.5856995639981298,0.3996956653948184,0.012047604454888236,1080
TR-noTCN,3,14161500,0.8474001624991703,0.6410604368696337,0.12672844106540715,1086
TR-noTCN,3,14179000,0.910305943278081,0.701741745900572,-0.15514163665313643,979
TR-noTCN,3,14185000,1.1050990785371613,0.8412069153457821,-0.016260253844420456,1018
TR-noTCN,3,14210000,0.609787456627025,0.44012335541059516,-0.05752511002521267,1086
TR-noTCN,3,14211499,1.3792252665798455,1.0457825406559516,-0.0848442671121599,1082
TR-noTCN,3,14211500,1.4838696105869231,1.1237393031801497,-0.09236614940280008,1050
TR-noTCN,3,14320934,1.1002736581962296,0.8556468484114532,-0.1774025085816085,1071
TR-noTCN,3,255534081324000,1.693465853632339,1.2934123200442678,-0.07024405950414783,1059
TR-noTCN,7,01073319,1.861266583044343,1.378516673349016,-0.21677561395838693,954
TR-noTCN,7,01104415,1.723968452811531,1.341764916316135,-0.6390692624357689,939
TR-noTCN,7,01104455,1.788865803052712,1.2783239149333476,-0.162662871297962,835
TR-noTCN,7,01104475,1.8428802183566177,1.442485089572389,-0.6792443634630579,1076
TR-noTCN,7,01129500,1.6376967428619795,1.1512146795452711,-0.3312187819642371,1088
TR-noTCN,7,01400500,2.137441640594332,1.6582483767664857,-0.3467469067179731,952
TR-noTCN,7,01408029,2.0554095964342722,1.6005209568922765,-0.6471834181764415,856
TR-noTCN,7,01425000,0.9743990460840027,0.6594459057757349,-0.05046434885624686,1056
TR-noTCN,7,01426500,1.440291603933355,1.1151379470507607,0.09309609927709829,914
TR-noTCN,7,01427207,1.854924203379109,1.4416181328688045,-0.043156310486995364,1063
TR-noTCN,7,01428500,2.036164626214554,1.5760687301589258,0.008840489094861303,1054
TR-noTCN,7,01463500,1.7884439245110186,1.4157045230171212,-0.134426329910699,1062
TR-noTCN,7,01480617,1.9986143446923792,1.558940985267047,-0.42640134784147193,1076
TR-noTCN,7,01540500,1.7706351439481083,1.3897000294665343,-0.24675505459145053,911
TR-noTCN,7,01542500,2.061150851195309,1.6287093563347448,0.4140988912841163,1078
TR-noTCN,7,01549700,2.1569277625985066,1.6819476094668946,-0.30652633128262197,1068
TR-noTCN,7,02110701,2.1736174176050067,1.6813475312699233,-0.3127847041550344,1037
TR-noTCN,7,02176930,1.9948846361758337,1.5417862431017253,-0.5951275556706466,1040
TR-noTCN,7,02266300,1.8814000328445322,1.468209126458239,-0.6466419490415658,1072
TR-noTCN,7,02330450,1.8039880986405559,1.3316692128522054,-0.37567115169479737,1050
TR-noTCN,7,02334430,0.4000648369977339,0.3046266762649311,-0.14813082884339723,1088
TR-noTCN,7,02334885,2.0471202642881083,1.5145376170821052,-0.47516144509701164,1088
TR-noTCN,7,02336120,2.148353721283844,1.578498243501893,-0.25142430701741464,1080
TR-noTCN,7,02336300,2.2194108281495315,1.6731752982421635,-0.060784302731759006,1082
TR-noTCN,7,02336728,2.6673964754814654,2.0487946741643004,-1.6706146797726145,1076
TR-noTCN,7,02397000,1.5388301058723306,1.190508898965973,-0.1595670055770169,1082
TR-noTCN,7,02455980,1.761708867817362,1.3071721708114223,-0.15590976107108928,1029
TR-noTCN,7,02458450,1.8866840585530338,1.41997111089995,-0.20746760887413443,1084
TR-noTCN,7,02474560,2.249354558542816,1.7378889564695306,-0.019431909324958523,1074
TR-noTCN,7,03007800,2.098265299643683,1.6562578549560207,-0.07435577624202712,1078
TR-noTCN,7,03034000,2.162234674722798,1.7123010046299427,-0.25479921663932825,1054
TR-noTCN,7,03036000,1.3847033687650154,1.0066121570891309,-0.169488624774407,1070
TR-noTCN,7,03047000,1.800863483692291,1.3249079911225403,-0.061701888955683196,1085
TR-noTCN,7,03077500,0.62554594397639,0.46522800419590254,0.14160333989870436,1010
TR-noTCN,7,03105500,2.11823769403741,1.605833225004748,-0.44845033805533996,1078
TR-noTCN,7,03106000,2.3275806090950666,1.8205402428846904,-0.29853833666907026,1023
TR-noTCN,7,03301900,2.146286560062911,1.660187092985587,-0.3276602672909109,1055
TR-noTCN,7,03353200,2.3187991460585557,1.8380943020319962,-0.38882729861934234,1066
TR-noTCN,7,03456991,1.8748354055931975,1.483376092877028,-0.22884680175556324,1060
TR-noTCN,7,04027000,2.031750669173416,1.4048853176467142,-0.29911720416586,1047
TR-noTCN,7,04043238,1.741204128065298,1.2457315500752597,-0.3258283543806561,1071
TR-noTCN,7,04043244,1.6645917901405098,1.2290353113696686,-0.1652735400127541,1071
TR-noTCN,7,04067500,1.7526818395339983,1.2264275855961408,-0.1847800749933423,1028
TR-noTCN,7,04077630,1.9059172787494465,1.3773923727611819,0.07812949641066712,1088
TR-noTCN,7,04124200,0.801888811566834,0.6021910402162298,-0.006995227823160831,1086
TR-noTCN,7,04125460,1.5775508222321533,1.229533349863357,-0.2103978874810316,1080
TR-noTCN,7,04137005,1.2929344732410997,0.9524943302134636,-0.07169494743139321,1084
TR-noTCN,7,04176500,1.911834533722333,1.452951278379031,-0.23029450730959014,1076
TR-noTCN,7,04208000,2.0262913576703174,1.5736062257181085,-0.3268632854261096,1008
TR-noTCN,7,05054000,1.5375880079060513,1.1056860542690667,-0.11494653274257635,1058
TR-noTCN,7,05057000,1.9982234504202148,1.3934235385169378,-0.04981316971829864,1052
TR-noTCN,7,05289800,1.963098671921394,1.4841361864701657,-0.04005641264476042,832
TR-noTCN,7,05331833,1.788268784880291,1.3520086055136706,-0.07126510970279898,1022
TR-noTCN,7,05370000,1.245847524269738,0.8980544798158633,-0.019764642071020133,1084
TR-noTCN,7,05382255,1.4353353909610964,1.1144982714685336,0.03190201668150943,1088
TR-noTCN,7,05382257,1.8960231310271647,1.4320902894511958,-0.3846006762118862,1078
TR-noTCN,7,05406457,1.333435831365414,1.0392578932332943,-0.013803886507861275,971
TR-noTCN,7,05458300,2.2814669015370153,1.667952065836631,-0.4927604428325602,1038
TR-noTCN,7,05517000,2.214529767463232,1.7478278787587496,-0.49741985915667,1088
TR-noTCN,7,06036805,1.5254458858821909,1.220083559532667,-0.01008472991935445,1084
TR-noTCN,7,06036905,1.8949536267073959,1.5256578336743747,-0.1177992599851945,1088
TR-noTCN,7,06036940,2.2870936984587713,1.7865119698736989,1.210069122806219,1086
TR-noTCN,7,06041000,1.542951552149869,1.0931842360137538,-0.03914749542194785,1056
TR-noTCN,7,06623800,0.9456386497688967,0.6382470487776261,0.08678318658810957,912
TR-noTCN,7,06894000,2.1456212987334324,1.7019144261402124,-0.20570516011685608,1057
TR-noTCN,7,06934500,1.5717303637242768,1.2396626997792295,-0.17217230164401587,840
TR-noTCN,7,07106000,1.9068323966677279,1.4905323373568709,-0.27720901052780916,844
TR-noTCN,7,07178200,2.039387476030686,1.5762528161986544,0.03985583698095424,893
TR-noTCN,7,07194880,1.4003350639654235,1.087289012304627,-0.2180241373269865,505
TR-noTCN,7,07332622,2.449408950764682,1.8780561679394316,0.02276887697044689,848
TR-noTCN,7,08048000,1.9715092842741564,1.4829863918290118,-0.2926697635531276,799
TR-noTCN,7,08052700,2.788596482256155,2.0989516687053054,-0.4126955746389602,736
TR-noTCN,7,08065350,2.1234158896547157,1.5825521131402023,-0.23483708985064614,874
TR-noTCN,7,08070200,2.241001951617891,1.6907514405923787,-0.1999442360533479,1027
TR-noTCN,7,08123850,2.507184377072463,1.884879904377217,0.027470342545282345,735
TR-noTCN,7,09136100,1.4345626447663813,1.1383721670825724,-0.1914701978876083,1080
TR-noTCN,7,09144250,1.3284992796997142,1.0790385210862585,-0.11361775214528293,1086
TR-noTCN,7,09149500,1.3473711293959598,1.0644968866370619,-0.04822049985146697,1088
TR-noTCN,7,09163500,1.4077997693749933,1.1166575429211232,-0.1909699511786183,1088
TR-noTCN,7,09180000,1.6311816520485563,1.2895919242088791,-0.23753761782615612,1082
TR-noTCN,7,09261000,1.579399983921443,1.2010352196658267,-0.00700974294235958,1011
TR-noTCN,7,09302000,1.5712258129875578,1.2545454828134948,0.10412791659216451,1060
TR-noTCN,7,09380000,0.924019592552267,0.7340866144490713,-0.3538655845376532,1063
TR-noTCN,7,10129900,1.3258028616082935,0.9935424134344728,-0.05013426742267698,1067
TR-noTCN,7,10301500,1.9405161922877887,1.5488435287464342,-0.09657961216175333,1060
TR-noTCN,7,10351600,1.7030430505843521,1.3859380714458809,0.12842806981177776,1037
TR-noTCN,7,11262900,1.641010088087761,1.3137654374213095,-0.011553249982059699,643
TR-noTCN,7,11467000,1.270028911060864,1.01941544895663,-0.12291990737704671,1088
TR-noTCN,7,11507500,1.7999872588068166,1.3832755070645364,-0.08139894453206044,1088
TR-noTCN,7,12056500,0.7912446728099704,0.6219445959396146,-0.03172185540537622,1057
TR-noTCN,7,12115000,0.7013584729325222,0.5281357851807934,-0.06265042725533217,991
TR-noTCN,7,12117600,0.8093622233672971,0.633536820026005,-0.09753703273394532,1088
TR-noTCN,7,12210700,1.2025558012910706,0.9482055254526016,-0.12071937041062222,941
TR-noTCN,7,12212050,1.3498671205150239,1.0053016396854988,-0.0348961823403454,938
TR-noTCN,7,12213100,1.4119648025519376,1.1245789501577,-0.1946465428657499,1013
TR-noTCN,7,12363000,1.023850555785295,0.7851983508456344,-0.06566635945903938,1052
TR-noTCN,7,12398600,0.9529908350337598,0.7242829033686653,-0.033778556043035445,1042
TR-noTCN,7,13018350,1.483434717465066,1.145240543219592,0.09568741636262477,1055
TR-noTCN,7,13154500,0.8812296539913413,0.6918309474692624,-0.18188939041951124,1088
TR-noTCN,7,13317660,0.7814295231331917,0.6267974293188137,0.03504394777119159,1088
TR-noTCN,7,13342500,1.1523284945584271,0.8664817090091459,-0.19057986204895905,1088
TR-noTCN,7,14091500,0.6496032910439175,0.5078871463151539,-0.03147240964805379,1088
TR-noTCN,7,14150800,1.6697755063545832,1.2833910116377998,-0.19266362838885367,1088
TR-noTCN,7,14151000,1.6885046051837669,1.2142540813847023,-0.11511027961969375,1056
TR-noTCN,7,14152000,0.9238773742914039,0.7184891591853638,-0.05487342644791576,1086
TR-noTCN,7,14153500,0.9373724746971492,0.6951997271716484,-0.05713346729915529,1078
TR-noTCN,7,14154500,1.7094283039350824,1.3137658918410706,-0.18820514108248873,1082
TR-noTCN,7,14159500,0.8564040900548096,0.6254344638838643,-0.07517722016373532,1076
TR-noTCN,7,14161500,1.094203912357729,0.8333086946975722,0.15677850953752587,1082
TR-noTCN,7,14179000,1.1223974274454442,0.8736967972293881,-0.36090365345007136,967
TR-noTCN,7,14185000,1.410439279595983,1.080863534100724,-0.14589084697291105,1006
TR-noTCN,7,14210000,1.0101809238247246,0.784993833446679,-0.2130664668550333,1082
TR-noTCN,7,14211499,1.685909814051238,1.2776650101695646,-0.21534688426962112,1074
TR-noTCN,7,14211500,1.8438981813037887,1.3881480028754787,-0.19405759193110128,1045
TR-noTCN,7,14320934,1.5104715275977032,1.1699346530258208,-0.37631862033578684,1064
TR-noTCN,7,255534081324000,1.8917471037678801,1.4629195256046843,-0.2391586560084777,1049
TR-unbounded,1,01073319,0.6511224019737921,0.4913597570724555,0.008266548312739609,970
TR-unbounded,1,01104415,0.9724411817121618,0.7522216498665705,-0.06624878275282797,961
TR-unbounded,1,01104455,0.9893560013893009,0.6661570617612803,0.017461189796339822,848
TR-unbounded,1,01104475,0.8644035481328333,0.6649870440226673,-0.06445708659033308,1086
TR-unbounded,1,01129500,0.6272552325371162,0.46206613399309293,-0.034746210470772615,1094
TR-unbounded,1,01400500,0.6991084400731195,0.531126271319158,0.0037023130838547,979
TR-unbounded,1,01408029,0.8130426227644797,0.6263915399342408,-0.06678432693452015,891
TR-unbounded,1,01425000,0.4472208566330105,0.3201877724990916,-0.004017414152622214,1072
TR-unbounded,1,01426500,0.7957636598852936,0.6045248669776027,0.08145823697419637,932
TR-unbounded,1,01427207,0.6767816835593129,0.5087038086563674,0.06399687852764152,1076
TR-unbounded,1,01428500,0.5930115916383383,0.4546141289999293,0.0871501330992182,1066
TR-unbounded,1,01463500,0.4814856763849856,0.3780912493730701,0.031048757612705237,1075
TR-unbounded,1,01480617,0.8684849591602677,0.6686187073492235,0.0750387599391322,1085
TR-unbounded,1,01540500,0.470998008443487,0.3662687206925243,0.00028618194242956287,930
TR-unbounded,1,01542500,0.6836574787577817,0.5319421739503398,0.18621119529954752,1087
TR-unbounded,1,01549700,0.7031266431054103,0.5362025559250055,-0.0006445954521906015,1081
TR-unbounded,1,02110701,0.6791952054979946,0.519515030354517,-0.011741731187294963,1049
TR-unbounded,1,02176930,0.8231314166960829,0.621013312552616,-0.10913904437765207,1053
TR-unbounded,1,02266300,0.6204396426498121,0.44603608537358697,-0.024788523821069094,1083
TR-unbounded,1,02330450,0.8173513790268641,0.5942856442211266,-0.032961287422287766,1064
TR-unbounded,1,02334430,0.36346469152344174,0.24927616938812422,-0.05658130105278388,1094
TR-unbounded,1,02334885,0.6159838880463537,0.44353341857955486,-0.06448473971766133,1094
TR-unbounded,1,02336120,0.7725164638947112,0.5678146005225665,0.012537253923837694,1086
TR-unbounded,1,02336300,0.7979020833077634,0.5954631525660873,0.059593971956760514,1090
TR-unbounded,1,02336728,0.7256559707636216,0.5458761567673925,-0.30736703995735415,1085
TR-unbounded,1,02397000,0.4325177320233069,0.3343158779775395,0.0068157823646769755,1088
TR-unbounded,1,02455980,0.7342138509454487,0.5349472392524117,0.03422758173193962,1051
TR-unbounded,1,02458450,0.7445255558130935,0.5443485550220465,0.009499487278114024,1091
TR-unbounded,1,02474560,0.5328716998538526,0.4140628785279135,0.06380543318023123,1086
TR-unbounded,1,03007800,0.7448851364429175,0.5646637381747598,0.07514556564849892,1087
TR-unbounded,1,03034000,0.8077478014903868,0.6272014829291488,0.018874918599173666,1060
TR-unbounded,1,03036000,0.5366266399273283,0.4022362541531638,-0.0034184272980198804,1079
TR-unbounded,1,03047000,0.589153590210623,0.45168479173555287,0.035780666147896996,1090
TR-unbounded,1,03077500,0.30433117235186896,0.22570136708673086,0.04946601337287577,1024
TR-unbounded,1,03105500,0.7016779285330583,0.5160497405677759,-0.06965570168682883,1086
TR-unbounded,1,03106000,0.7378346182357374,0.5700065481738615,-0.02537400971786781,1041
TR-unbounded,1,03301900,0.9293204695204614,0.684590349321285,0.0027832467960061517,1068
TR-unbounded,1,03353200,0.8552657062751572,0.6582644820643828,-0.03364818940652608,1073
TR-unbounded,1,03456991,0.7489645602378102,0.5684376228154536,-0.012621663019628337,1077
TR-unbounded,1,04027000,0.7127594870975799,0.5040922091589165,-0.025917610174446982,1061
TR-unbounded,1,04043238,0.7994799749058144,0.5706133806059666,-0.0224658681029776,1081
TR-unbounded,1,04043244,0.7874929217276927,0.5812782746933173,0.01337330663578441,1083
TR-unbounded,1,04067500,0.4605960513811666,0.34513839527250584,-0.01072334351270854,1050
TR-unbounded,1,04077630,0.7002225744778549,0.5087563652943622,0.06892092815741652,1094
TR-unbounded,1,04124200,0.33060362634861035,0.2464577303482936,0.03683386290029725,1092
TR-unbounded,1,04125460,0.5296841202963958,0.4050027144595611,0.0070920557112076265,1089
TR-unbounded,1,04137005,0.3789706327299284,0.2906979054813534,0.044534188850443905,1091
TR-unbounded,1,04176500,0.45353892766956944,0.3474383264279684,0.025561051371592165,1087
TR-unbounded,1,04208000,0.6359732572313151,0.4920954096589525,0.00974604489854895,1040
TR-unbounded,1,05054000,0.3782144330399419,0.2681450824402134,0.020614020381560773,1076
TR-unbounded,1,05057000,0.5868909347835212,0.41723434776137563,0.025989487023558033,1067
TR-unbounded,1,05289800,0.7344281131128327,0.5367446313312921,0.05510261082578673,887
TR-unbounded,1,05331833,0.8266363582448578,0.6163743795794856,0.045206675090739466,1042
TR-unbounded,1,05370000,0.4528078260448557,0.3332837902986053,0.04812074058324674,1091
TR-unbounded,1,05382255,0.6588445699186363,0.4921816028872508,0.050100325185539925,1094
TR-unbounded,1,05382257,1.3311143306953337,0.949621715765395,-0.04124858790278984,1085
TR-unbounded,1,05406457,0.79770814195662,0.581495479742686,0.05613183204428738,996
TR-unbounded,1,05458300,0.6552005847406078,0.47716978788560366,-0.023895882502602373,1060
TR-unbounded,1,05517000,0.6820998556751269,0.5249424182699219,-0.06464648144438835,1094
TR-unbounded,1,06036805,0.8347269676493908,0.6401570089468706,0.026969981237248912,1091
TR-unbounded,1,06036905,0.9694019348375997,0.7332624577952913,0.018526105732542934,1094
TR-unbounded,1,06036940,1.1635796088211858,0.8660992435483269,0.34836361347100675,1092
TR-unbounded,1,06041000,0.42627505669573446,0.2995125988774407,0.015869837845579535,1066
TR-unbounded,1,06623800,0.5967472453462815,0.39112889624840097,0.052484373514616,925
TR-unbounded,1,06894000,0.5835988396020783,0.4366802481573019,0.0036251512981617696,1072
TR-unbounded,1,06934500,0.35287077200923217,0.2713707769350511,0.0284845395733969,887
TR-unbounded,1,07106000,1.1612999701141151,0.8638484179823926,-0.025277340214233862,896
TR-unbounded,1,07178200,0.6389283816273801,0.4683436719413979,0.04635286344008762,929
TR-unbounded,1,07194880,0.7781693677435502,0.5700420012557069,-0.015004773573441939,517
TR-unbounded,1,07332622,0.9630964571632809,0.6918654959148183,0.028718265885983658,878
TR-unbounded,1,08048000,0.633423797505995,0.45735113547830025,-0.026015550725600307,850
TR-unbounded,1,08052700,1.154970350573748,0.8501754920518898,-0.05458932796962963,789
TR-unbounded,1,08065350,0.47480194313274593,0.3525500794752274,-0.015011599917793036,913
TR-unbounded,1,08070200,0.6502979546045029,0.48008900306338365,0.015356834956577864,1050
TR-unbounded,1,08123850,0.9136778576898658,0.6907264072239165,0.01898638073748374,767
TR-unbounded,1,09136100,0.7404028606262979,0.5572474414200494,-0.02725688274487976,1089
TR-unbounded,1,09144250,0.5923290362028351,0.4569294302181883,-0.009534695204142692,1092
TR-unbounded,1,09149500,0.6987431602781186,0.5169582203166794,-0.002753488155561981,1094
TR-unbounded,1,09163500,0.4400981113052075,0.3377784779199554,-0.01609025636412907,1094
TR-unbounded,1,09180000,0.6610285553820645,0.4872859771270647,-0.010507576328234463,1089
TR-unbounded,1,09261000,0.5284633128819781,0.37839178869540463,0.023949684047270135,1032
TR-unbounded,1,09302000,0.6250776080667941,0.44267479731931975,0.08173232849867705,1074
TR-unbounded,1,09380000,0.30450181006357835,0.21068290267958611,0.011825404153793517,1069
TR-unbounded,1,10129900,0.6351309137103064,0.44900482068717706,0.012525152273780765,1076
TR-unbounded,1,10301500,0.8257479898643802,0.6036997544920867,0.029778239386263734,1074
TR-unbounded,1,10351600,0.5468376686616204,0.41555207935205735,0.03325244676595353,1062
TR-unbounded,1,11262900,0.7173921368266287,0.52904124657916,0.04737110716800949,659
TR-unbounded,1,11467000,0.3844903045479681,0.299776995378177,-0.013949424213639566,1094
TR-unbounded,1,11507500,0.4340156194274193,0.3329103069097294,0.00095170697357363,1094
TR-unbounded,1,12056500,0.3313729821452509,0.24817508970943983,-0.012074588926402726,1069
TR-unbounded,1,12115000,0.3411776218555332,0.25469555150325557,-0.01537564416198956,1017
TR-unbounded,1,12117600,0.4194271471468807,0.3140701647868322,-0.0083327532250441,1094
TR-unbounded,1,12210700,0.5892774022722022,0.453466129803221,-0.018637668622595128,983
TR-unbounded,1,12212050,0.5133971491780475,0.37421968684011386,-0.007562243956710981,979
TR-unbounded,1,12213100,0.6046591583331599,0.46503003527778025,-0.03619651832080139,1041
TR-unbounded,1,12363000,0.4109701098834458,0.31043362045011513,0.002630111918022687,1056
TR-unbounded,1,12398600,0.2907365305612673,0.21444488746148307,-0.0077348548862784736,1061
TR-unbounded,1,13018350,0.7243990957880415,0.5118349653920953,0.07948522736312298,1067
TR-unbounded,1,13154500,0.27795951886709735,0.217580953856055,0.006267871281346632,1094
TR-unbounded,1,13317660,0.2284114234755188,0.17799200403624962,0.03083487849348859,1094
TR-unbounded,1,13342500,0.43161856573687585,0.32307503689250733,-0.009455706143727906,1094
TR-unbounded,1,14091500,0.38865724111078753,0.3011868913169317,0.011760150841428762,1094
TR-unbounded,1,14150800,0.5976259405827075,0.46752158680171374,-0.022276274987940842,1094
TR-unbounded,1,14151000,0.5415941386090529,0.34543263892203097,-0.003437133115357794,1073
TR-unbounded,1,14152000,0.3494048525290236,0.2642903014417097,0.009596128166813574,1092
TR-unbounded,1,14153500,0.28210144145355165,0.20573396221708853,-0.02312890894944278,1086
TR-unbounded,1,14154500,0.5178837772549654,0.4027284963947573,-0.008711750097949118,1089
TR-unbounded,1,14159500,0.3564776526011251,0.2410191874350271,-0.015950137898669264,1085
TR-unbounded,1,14161500,0.419520668988246,0.32351915564856687,0.048576422127372496,1089
TR-unbounded,1,14179000,0.4993145797187079,0.37283338544332434,-0.06321619975385326,985
TR-unbounded,1,14185000,0.49508804607307716,0.384491217264315,-0.014069586591022728,1025
TR-unbounded,1,14210000,0.31797224943919966,0.23496358539251722,-0.03486951576436264,1088
TR-unbounded,1,14211499,0.6493716648389485,0.49034773392626807,-0.0168468958518123,1086
TR-unbounded,1,14211500,0.6491102631716722,0.4931959240956414,-0.030495837935827753,1064
TR-unbounded,1,14320934,0.4665082979264401,0.3568655370448403,-0.04877837839896961,1077
TR-unbounded,1,255534081324000,0.775923979292234,0.5880495503600618,0.07777727427107563,1068
TR-unbounded,3,01073319,1.5148783435884685,1.126097237784029,-0.039749817969857194,964
TR-unbounded,3,01104415,1.5440710642310909,1.2286679410369772,-0.2517083697130806,950
TR-unbounded,3,01104455,1.5219064600942855,1.1137135268106155,-0.026472687070762856,843
TR-unbounded,3,01104475,1.5337815878108558,1.2307539468005673,-0.2984276092791315,1081
TR-unbounded,3,01129500,1.3531967806684984,0.9835323106469382,-0.15174978508762402,1092
TR-unbounded,3,01400500,1.7071700230531839,1.320057690858217,-0.10039881115496471,955
TR-unbounded,3,01408029,1.7574423655974896,1.3918496849565438,-0.22257089767447902,877
TR-unbounded,3,01425000,0.7868771314822984,0.5407000969721117,-0.0229387390333722,1065
TR-unbounded,3,01426500,1.2116759263143067,0.9299490078607853,0.12396182090880803,926
TR-unbounded,3,01427207,1.456275483434069,1.1169821718892203,0.010812211989242355,1070
TR-unbounded,3,01428500,1.4883971220920218,1.1466701427574875,0.04793328159366498,1059
TR-unbounded,3,01463500,1.2603617087449104,0.9921643539720051,0.01342591540696465,1070
TR-unbounded,3,01480617,1.6644078737450323,1.3238747012504826,-0.004408529301484424,1080
TR-unbounded,3,01540500,1.1691612069631532,0.9053989530885077,-0.07377696673538157,923
TR-unbounded,3,01542500,1.6087338419616568,1.2623079321589907,0.2959638976965395,1082
TR-unbounded,3,01549700,1.6511038878714455,1.2833499052108719,-0.09760136287850002,1075
TR-unbounded,3,02110701,1.6899406877912049,1.2965169555933678,-0.05808342156688028,1047
TR-unbounded,3,02176930,1.6197375053100642,1.2225163615955652,-0.27070545361924714,1048
TR-unbounded,3,02266300,1.4696474004237523,1.1293956231097784,-0.22332022229904147,1078
TR-unbounded,3,02330450,1.501511855484486,1.1037563319580317,-0.16197778406801203,1058
TR-unbounded,3,02334430,0.46396734251997046,0.3335739060635968,-0.17786756400223616,1092
TR-unbounded,3,02334885,1.5708287771337226,1.1642682094713708,-0.20857814572232986,1092
TR-unbounded,3,02336120,1.7201536340265353,1.2852585666170844,-0.04817171108921001,1082
TR-unbounded,3,02336300,1.7723816065160283,1.3378590078204595,0.05368566445004656,1086
TR-unbounded,3,02336728,1.6036734070897753,1.2179189900115686,-0.8239774360480132,1080
TR-unbounded,3,02397000,1.0673648707564634,0.8298348647909858,-0.037260090548068746,1087
TR-unbounded,3,02455980,1.461331313768668,1.0898220163222343,-0.02169604425366044,1039
TR-unbounded,3,02458450,1.5046586740978034,1.1457331431262632,-0.03827061477829432,1088
TR-unbounded,3,02474560,1.4410198432304053,1.1339236373601693,0.027148408898584504,1082
TR-unbounded,3,03007800,1.6969233992059098,1.3184815701627468,0.06551206636065253,1082
TR-unbounded,3,03034000,1.802228584130205,1.4175431306553137,-0.05217570645456507,1058
TR-unbounded,3,03036000,0.9301133024981051,0.6888171624746069,-0.037250263382658216,1074
TR-unbounded,3,03047000,1.1377018162560566,0.8464183881495366,0.05353429447311693,1088
TR-unbounded,3,03077500,0.4869772659992523,0.359884571514373,0.10730631370188795,1019
TR-unbounded,3,03105500,1.6448887741851173,1.252447543429579,-0.21330562514320098,1082
TR-unbounded,3,03106000,1.8355776113155615,1.438261700326458,-0.13029884004414197,1034
TR-unbounded,3,03301900,1.7554156500747282,1.3530466394444622,-0.07961352943028352,1063
TR-unbounded,3,03353200,1.9273409295423012,1.5217122380031602,-0.1793164872009064,1070
TR-unbounded,3,03456991,1.51073333691274,1.1631879431159837,-0.0841809436692826,1069
TR-unbounded,3,04027000,1.6422182803931327,1.126296737379937,-0.18306995278888824,1054
TR-unbounded,3,04043238,1.466386553607538,1.0535122271260198,-0.1645636808757279,1076
TR-unbounded,3,04043244,1.4065370409496176,1.0404019074695767,-0.06015050372970226,1079
TR-unbounded,3,04067500,1.205639207541794,0.8581891615334325,-0.13092342584569103,1042
TR-unbounded,3,04077630,1.5048581558619267,1.0673552500868673,0.025093525124120185,1092
TR-unbounded,3,04124200,0.5685334623508427,0.41983532338514234,0.035518464785103405,1090
TR-unbounded,3,04125460,1.2622039776315168,0.9750981937438113,-0.08351435285834126,1085
TR-unbounded,3,04137005,0.7844578710570493,0.5766299928921986,0.015912222467801128,1088
TR-unbounded,3,04176500,1.239345314541974,0.9335513117304374,-0.07735535377380284,1083
TR-unbounded,3,04208000,1.591916408916159,1.2357984102875665,-0.08922689157473354,1021
TR-unbounded,3,05054000,0.9363315531336113,0.6562313511982483,-0.03821889429086336,1068
TR-unbounded,3,05057000,1.482851759009407,1.0453166754325245,-0.04368192008038779,1062
TR-unbounded,3,05289800,1.5042979118859174,1.1403519244518447,0.001954653781041555,861
TR-unbounded,3,05331833,1.4836492693468648,1.1147559657793786,-0.02975029509435311,1034
TR-unbounded,3,05370000,0.900479943272897,0.6476742424618671,0.008730161113335825,1088
TR-unbounded,3,05382255,1.153254699440125,0.8819985765663586,0.04926696016756823,1092
TR-unbounded,3,05382257,1.795207600976777,1.335453510086109,-0.16128599949993622,1082
TR-unbounded,3,05406457,1.1405024836202704,0.8852219818324791,0.008517233886408305,983
TR-unbounded,3,05458300,1.6893089712538911,1.2326339709027891,-0.22628598882683687,1050
TR-unbounded,3,05517000,1.693123073543676,1.3355531093565534,-0.25183844940511735,1092
TR-unbounded,3,06036805,1.3477973501954854,1.060753882155918,0.020437127707854788,1088
TR-unbounded,3,06036905,1.6659484105401086,1.3151869853337605,-0.025429670190636466,1092
TR-unbounded,3,06036940,1.797325248379187,1.3755682800012992,0.7127746648525972,1090
TR-unbounded,3,06041000,1.0297054756961919,0.709810829759207,-0.008296188433514737,1059
TR-unbounded,3,06623800,0.8312287319781237,0.556983556240878,0.06443638805907383,920
TR-unbounded,3,06894000,1.5458800257289917,1.2029332444968082,-0.09159309385078288,1064
TR-unbounded,3,06934500,0.9529020761146153,0.7447006407900956,-0.029049521334538305,864
TR-unbounded,3,07106000,1.8086941783785817,1.3906188239521986,-0.10034437104027213,866
TR-unbounded,3,07178200,1.5043034651947598,1.179933552324049,0.014311780937451373,907
TR-unbounded,3,07194880,1.2430247178009983,0.962388784099973,-0.11488442188582693,513
TR-unbounded,3,07332622,1.9742103737282022,1.4839390841815514,0.04157849725443509,865
TR-unbounded,3,08048000,1.4784997554319212,1.0989233923532877,-0.1210982601901135,830
TR-unbounded,3,08052700,2.3653439607151414,1.799313144634826,-0.1727687348974794,754
TR-unbounded,3,08065350,1.3203841954823705,0.9999281930498662,-0.1468023728687142,898
TR-unbounded,3,08070200,1.5858541667416837,1.2295411614810718,-0.10270941301160055,1037
TR-unbounded,3,08123850,2.0864705512940986,1.6043427010746152,-0.010452305037399834,754
TR-unbounded,3,09136100,1.2067405064547483,0.9483301298917712,-0.11463171346808361,1085
TR-unbounded,3,09144250,1.0972293810231875,0.8773514100102656,-0.07546173978972874,1090
TR-unbounded,3,09149500,1.1486474981239367,0.8961411436125909,-0.02357702421727199,1092
TR-unbounded,3,09163500,1.024239320005576,0.7979015807614359,-0.09761525210054527,1092
TR-unbounded,3,09180000,1.2856285002507588,0.9974061636195878,-0.11179726282151803,1086
TR-unbounded,3,09261000,1.183468262587147,0.8832270107595279,-0.004816267597156799,1023
TR-unbounded,3,09302000,1.2008184345331996,0.8989757970030846,0.08202826915346328,1068
TR-unbounded,3,09380000,0.5301877028429512,0.3797296202876107,-0.09642372086616215,1066
TR-unbounded,3,10129900,1.1391792110612677,0.8179066234832607,-0.018391603203603436,1071
TR-unbounded,3,10301500,1.5826755774900745,1.2183864671422437,-0.0268567042855116,1066
TR-unbounded,3,10351600,1.3132472615812762,1.0381038407409144,0.059758413109942524,1052
TR-unbounded,3,11262900,1.416614559281775,1.0980310647765552,0.02247951103865733,652
TR-unbounded,3,11467000,0.9091042853174855,0.7196737306895274,-0.04763455879993929,1092
TR-unbounded,3,11507500,1.2258048922491032,0.9507179342701542,-0.047000258252188405,1092
TR-unbounded,3,12056500,0.6036054882265321,0.47230674985428933,-0.026005685609271276,1065
TR-unbounded,3,12115000,0.592297313949187,0.4554938818989349,-0.037494129054951204,1007
TR-unbounded,3,12117600,0.6983115911470239,0.5453307906786601,-0.07520350156686244,1092
TR-unbounded,3,12210700,1.04625265903528,0.8231868026452572,-0.06494272615386877,967
TR-unbounded,3,12212050,1.0324707642943791,0.7676583319220871,-0.02283751103337737,962
TR-unbounded,3,12213100,1.1785351953606764,0.9321865087307676,-0.10680984412033187,1023
TR-unbounded,3,12363000,0.8104288718338128,0.6200433536645028,-0.046386020772278935,1057
TR-unbounded,3,12398600,0.6039381881266205,0.4548633718909252,-0.04177043803745792,1050
TR-unbounded,3,13018350,1.3447532571800258,0.9916059984468967,0.09730886539579249,1063
TR-unbounded,3,13154500,0.5785765112914992,0.4486671570019845,-0.05760664223751307,1092
TR-unbounded,3,13317660,0.5393057271603977,0.41874654908756637,0.039825559797741106,1092
TR-unbounded,3,13342500,0.8922974326475106,0.6740381389419675,-0.10251495090378074,1092
TR-unbounded,3,14091500,0.6290719995035975,0.4843319760574089,-0.009417398464985386,1092
TR-unbounded,3,14150800,1.2846710176854388,0.9958930913345281,-0.09375908759050752,1092
TR-unbounded,3,14151000,1.166792883680052,0.776950126572659,-0.02860096944005866,1064
TR-unbounded,3,14152000,0.6750845316166456,0.5263474245683862,-0.028825926649461098,1090
TR-unbounded,3,14153500,0.5736295567174285,0.4278251554961566,-0.054515645376194834,1082
TR-unbounded,3,14154500,1.227554182736947,0.9396852772319294,-0.0535145207443729,1086
TR-unbounded,3,14159500,0.610525955755067,0.4251815238263872,-0.045833638994782065,1080
TR-unbounded,3,14161500,0.8394056424564418,0.6335508899574561,0.07748740819277686,1086
TR-unbounded,3,14179000,0.9113841568577506,0.7020425957362182,-0.1789450168487853,979
TR-unbounded,3,14185000,1.0980452488557193,0.8432371278174501,-0.07851762312568705,1018
TR-unbounded,3,14210000,0.6564354252742853,0.4907465074163335,-0.11875092504652386,1086
TR-unbounded,3,14211499,1.3809783294357876,1.0535445183047307,-0.1081724199784882,1082
TR-unbounded,3,14211500,1.4837091326461653,1.1258528895605178,-0.12781010173615956,1050
TR-unbounded,3,14320934,1.0726448952729892,0.8241263545416538,-0.1541693013366642,1071
TR-unbounded,3,255534081324000,1.6850524325217209,1.2961548685464686,-0.03207002320978524,1059
TR-unbounded,7,01073319,1.8194586687717804,1.3651723062652759,-0.17747157776603315,954
TR-unbounded,7,01104415,1.6474849762114534,1.2810317738939778,-0.47212660628131914,939
TR-unbounded,7,01104455,1.7358725730757112,1.2445457676641953,-0.09823257012281592,835
TR-unbounded,7,01104475,1.7487864386151033,1.3630597657873729,-0.5529364633294286,1076
TR-unbounded,7,01129500,1.618014677218268,1.1386257669853768,-0.28347727583052745,1088
TR-unbounded,7,01400500,2.1061655395332974,1.631642508026244,-0.27532750661602284,952
TR-unbounded,7,01408029,1.9888979868176602,1.5586502924004448,-0.4571982086958172,856
TR-unbounded,7,01425000,1.0045230735315027,0.6856118942300479,-0.07139878679405558,1056
TR-unbounded,7,01426500,1.4008010836898828,1.083045741806471,0.13160491604154168,914
TR-unbounded,7,01427207,1.8446661430650269,1.4293101878067511,-0.021902744919201845,1063
TR-unbounded,7,01428500,2.0248496523851363,1.5760006915092242,0.007781628071130801,1054
TR-unbounded,7,01463500,1.7801313717215375,1.4088042971932393,-0.06016915332378637,1062
TR-unbounded,7,01480617,1.9233154455143846,1.5103213810233824,-0.31299670858232503,1076
TR-unbounded,7,01540500,1.7351723716426868,1.3624793024097785,-0.19326978938737893,911
TR-unbounded,7,01542500,2.05608797899456,1.6140469857348139,0.43857582627842284,1078
TR-unbounded,7,01549700,2.12907607339502,1.6532646849402661,-0.2685090936176228,1068
TR-unbounded,7,02110701,2.1328543068570416,1.6466075899056092,-0.2072737404097702,1037
TR-unbounded,7,02176930,1.9542937453142593,1.4953128093137191,-0.4493565739920506,1040
TR-unbounded,7,02266300,1.7783453903410256,1.3703293916004806,-0.41529321225721444,1072
TR-unbounded,7,02330450,1.765694350737833,1.3029500310648052,-0.26867037077177136,1050
TR-unbounded,7,02334430,0.4638688996650169,0.36847822157775656,-0.2850266861564973,1088
TR-unbounded,7,02334885,2.0110797363467405,1.4896602543399613,-0.3506067370228907,1088
TR-unbounded,7,02336120,2.1159282363474667,1.5645301905495148,-0.14955419450998306,1080
TR-unbounded,7,02336300,2.1824507507353386,1.6434368712404077,-0.007809300100957612,1082
TR-unbounded,7,02336728,2.3182223029377305,1.7687170586178296,-1.3518340462645635,1076
TR-unbounded,7,02397000,1.5228773386032937,1.1799273935131136,-0.08670899325950752,1082
TR-unbounded,7,02455980,1.73708905386759,1.2815209030062393,-0.087324621239487,1029
TR-unbounded,7,02458450,1.8449705854609069,1.3782896913725513,-0.13341172920381889,1084
TR-unbounded,7,02474560,2.200894989737783,1.7092094044445614,-0.02777710640230661,1074
TR-unbounded,7,03007800,2.0885445403048504,1.6344812878271038,0.00040140229455284677,1078
TR-unbounded,7,03034000,2.1517762126143385,1.705934402223613,-0.15059071492396675,1054
TR-unbounded,7,03036000,1.3667270181861388,0.9939494625235273,-0.11687632515887235,1070
TR-unbounded,7,03047000,1.7583703749980695,1.3016142574488294,0.02445383791000612,1085
TR-unbounded,7,03077500,0.6348343483283023,0.48476099014282226,0.20220743472033206,1010
TR-unbounded,7,03105500,2.093331759120068,1.5850055741633466,-0.3704586498867824,1078
TR-unbounded,7,03106000,2.3048515284435616,1.799006099025933,-0.22781611645006128,1023
TR-unbounded,7,03301900,2.075848039665407,1.5989241087323682,-0.20218393797558065,1055
TR-unbounded,7,03353200,2.3120407073081988,1.8346209268506763,-0.29860531965211234,1066
TR-unbounded,7,03456991,1.864239769876759,1.469927563723528,-0.15060967853609125,1060
TR-unbounded,7,04027000,1.9923388566871236,1.3669907306736369,-0.30595008975167065,1047
TR-unbounded,7,04043238,1.7064925119222891,1.2232662788361839,-0.2839644472569533,1071
TR-unbounded,7,04043244,1.6219089878322694,1.203163999076985,-0.1298876622728273,1071
TR-unbounded,7,04067500,1.7069513250853459,1.1915035679504946,-0.21474149941726306,1028
TR-unbounded,7,04077630,1.8633622110258505,1.329384728548158,0.03523387074408886,1088
TR-unbounded,7,04124200,0.8519455610861572,0.6260482918766103,-0.006683702017720889,1086
TR-unbounded,7,04125460,1.5278092695126593,1.1788898603590552,-0.14908246801683195,1080
TR-unbounded,7,04137005,1.2917552895787126,0.9426963570730492,-0.044265073188666466,1084
TR-unbounded,7,04176500,1.8819593586789383,1.4282939839694428,-0.19333823862464813,1076
TR-unbounded,7,04208000,1.979985264354014,1.5410004637839774,-0.19728596548121127,1008
TR-unbounded,7,05054000,1.5122718736984315,1.0637589765817368,-0.11936373855973224,1058
TR-unbounded,7,05057000,1.988320960515865,1.3771883685439261,-0.09527776961572498,1052
TR-unbounded,7,05289800,1.9327391332865322,1.467985014335024,-0.07544328804327122,832
TR-unbounded,7,05331833,1.7427052957620792,1.3185312437553345,-0.08849952869598413,1022
TR-unbounded,7,05370000,1.2241372529307273,0.8828509917448368,-0.016699685656716482,1084
TR-unbounded,7,05382255,1.4259502986436234,1.1148715705268415,0.04350016769432628,1088
TR-unbounded,7,05382257,1.8775482253673932,1.4037669660651397,-0.2790505473600469,1078
TR-unbounded,7,05406457,1.3059068430401988,1.0177984450798938,-0.023285008262532138,971
TR-unbounded,7,05458300,2.1998413803215997,1.6188741426100248,-0.4634048856863023,1038
TR-unbounded,7,05517000,2.187994273658455,1.7181506067487027,-0.4190284193794736,1088
TR-unbounded,7,06036805,1.4890650201124236,1.199131725288625,-0.022212945925573605,1084
TR-unbounded,7,06036905,1.8409647301558512,1.4853216388646293,-0.09241344034671783,1088
TR-unbounded,7,06036940,2.1161428921140026,1.6285069072224598,0.9988175497529256,1086
TR-unbounded,7,06041000,1.5373837304669773,1.0847527408492612,-0.03870847950774162,1056
TR-unbounded,7,06623800,0.9314114906732904,0.6201476348546158,0.07862563656480663,912
TR-unbounded,7,06894000,2.1320886290301684,1.685417520492395,-0.18731773319172204,1057
TR-unbounded,7,06934500,1.559684356518439,1.2320382772935998,-0.17094707030093384,840
TR-unbounded,7,07106000,1.8506184644934507,1.4432760893256884,-0.20892268359060814,844
TR-unbounded,7,07178200,2.0638191073635173,1.6004190352969578,0.03740894405999355,893
TR-unbounded,7,07194880,1.422454055239369,1.1098199215501843,-0.16047631650868024,505
TR-unbounded,7,07332622,2.430883208786475,1.8614891295743017,0.03795058665586254,848
TR-unbounded,7,08048000,1.974503353316769,1.487862277955973,-0.2752969191578662,799
TR-unbounded,7,08052700,2.7870169096540214,2.0963711722956404,-0.3276268503021286,736
TR-unbounded,7,08065350,2.1024086047017914,1.5631319350999882,-0.21477843994952456,874
TR-unbounded,7,08070200,2.228420864308208,1.6704499835280853,-0.16443270030481325,1027
TR-unbounded,7,08123850,2.495271258427976,1.8838743902712454,0.051052113487606944,735
TR-unbounded,7,09136100,1.4159912710405218,1.1273092159311529,-0.16404046550807022,1080
TR-unbounded,7,09144250,1.3145881950096803,1.0716084478844925,-0.0828062013271874,1086
TR-unbounded,7,09149500,1.2985087773001993,1.0317269212785452,-0.020341108459979294,1088
TR-unbounded,7,09163500,1.3766478915426972,1.095346355033689,-0.1244851087786682,1088
TR-unbounded,7,09180000,1.5973422387520924,1.2715839307066639,-0.16110329588258882,1082
TR-unbounded,7,09261000,1.5621203191795894,1.1892112670265484,0.042172707982810836,1011
TR-unbounded,7,09302000,1.5346369883755193,1.2023322614349143,0.14956204211831373,1060
TR-unbounded,7,09380000,0.7579306916675428,0.5919134041327748,-0.3180402999763095,1063
TR-unbounded,7,10129900,1.3257161382918587,0.9971321335661154,-0.009309050248064738,1067
TR-unbounded,7,10301500,1.9085904957043731,1.5244158809814812,-0.031071858664728527,1060
TR-unbounded,7,10351600,1.6827504924233259,1.3703993001577366,0.17598830012024422,1037
TR-unbounded,7,11262900,1.5736056314307465,1.247650499180724,-0.006207936585042226,643
TR-unbounded,7,11467000,1.2502232648280185,1.0080986225429702,-0.06213732756236022,1088
TR-unbounded,7,11507500,1.7877922903731687,1.3817960616995526,-0.08959969044115175,1088
TR-unbounded,7,12056500,0.7800615039744088,0.6159752305093078,-0.051859988169277636,1057
TR-unbounded,7,12115000,0.7048108136952805,0.5289708044406263,-0.09031731052668135,991
TR-unbounded,7,12117600,0.8416092355636078,0.6651606131564168,-0.1634665666695903,1088
TR-unbounded,7,12210700,1.212649445143488,0.9561466325893919,-0.12056785948281584,941
TR-unbounded,7,12212050,1.3193562297332166,0.983571373081919,-0.06228541528492339,938
TR-unbounded,7,12213100,1.4139209894932778,1.1321859631624887,-0.19432155233527454,1013
TR-unbounded,7,12363000,1.0037721928790817,0.7663008601153304,-0.08520097432254385,1052
TR-unbounded,7,12398600,0.9967797024890873,0.7613148204058108,-0.08733864163143307,1042
TR-unbounded,7,13018350,1.4658487684156214,1.1416429256495988,0.055095302663143206,1055
TR-unbounded,7,13154500,0.8597645113127133,0.6752884383587276,-0.12465622854583402,1088
TR-unbounded,7,13317660,0.7825133374347695,0.6228388604653233,0.032670479947153254,1088
TR-unbounded,7,13342500,1.1721219267735647,0.8653121047269773,-0.17232732596423694,1088
TR-unbounded,7,14091500,0.6450817161683479,0.49785652620827453,-0.014487400782458951,1088
TR-unbounded,7,14150800,1.6234310161725607,1.2466739284641601,-0.1637740126427482,1088
TR-unbounded,7,14151000,1.6725092206365735,1.2165598039825758,-0.11516829227859328,1056
TR-unbounded,7,14152000,0.9388457099566621,0.7398698178883195,-0.10495593306328926,1086
TR-unbounded,7,14153500,0.9497059615798881,0.7134231725296416,-0.08664354503928841,1078
TR-unbounded,7,14154500,1.653752946701715,1.2694799853561105,-0.14765673025258144,1082
TR-unbounded,7,14159500,0.8517684181283286,0.6277358161915634,-0.12080441509480813,1076
TR-unbounded,7,14161500,1.0721776577531943,0.8086413202135929,0.1439634316289271,1082
TR-unbounded,7,14179000,1.104637296352932,0.8526065397287228,-0.31650005300387724,967
TR-unbounded,7,14185000,1.3905768948673263,1.0673628867739,-0.12912576155918493,1006
TR-unbounded,7,14210000,1.010278651518306,0.7835506322423543,-0.2181300511862566,1082
TR-unbounded,7,14211499,1.6752279597861905,1.2678694172417206,-0.1840472401048662,1074
TR-unbounded,7,14211500,1.830792004178992,1.3793345414622549,-0.19574693755099642,1045
TR-unbounded,7,14320934,1.4330564046765035,1.099469791632846,-0.26472560198683487,1064
TR-unbounded,7,255534081324000,1.8727633000419786,1.4480542951134752,-0.2050725238680044,1049
ThermoRoute,1,01073319,0.6544557975348039,0.4835422888120694,0.020600807911898854,970
ThermoRoute,1,01104415,0.9658026962607159,0.7485835098451183,-0.07757717729483138,961
ThermoRoute,1,01104455,0.9851053889657762,0.6623766913728895,0.024672984177211515,848
ThermoRoute,1,01104475,0.847613277246103,0.6549892693812895,-0.08229904144069326,1086
ThermoRoute,1,01129500,0.6290286158024225,0.4629397847026525,-0.023168140877263002,1094
ThermoRoute,1,01400500,0.7290555010056043,0.5425014372972108,0.010909299865989089,979
ThermoRoute,1,01408029,0.8541752578595125,0.6525333198533715,-0.06696148169896947,891
ThermoRoute,1,01425000,0.44365521189069057,0.3180481563975562,0.018417343030224978,1072
ThermoRoute,1,01426500,0.7873905315908228,0.5984310940227796,0.08360300444290363,932
ThermoRoute,1,01427207,0.6797475677324938,0.5036200115959624,0.0635083850251154,1076
ThermoRoute,1,01428500,0.5978148647621584,0.45160934034644107,0.08554251341264532,1066
ThermoRoute,1,01463500,0.4817161860680755,0.3742309547995412,0.034818198284437475,1075
ThermoRoute,1,01480617,0.8665712982340399,0.6671299936035262,0.08276119140985375,1085
ThermoRoute,1,01540500,0.4622732497882035,0.35559710005278233,0.0054775822130582845,930
ThermoRoute,1,01542500,0.6842551842210846,0.5300620643780143,0.17546804481817424,1087
ThermoRoute,1,01549700,0.7095589255342734,0.532113790336762,0.00816706451014453,1081
ThermoRoute,1,02110701,0.7308821158196998,0.5389441497446357,-0.0017092804776929066,1049
ThermoRoute,1,02176930,0.8305491004329799,0.6176695592496244,-0.09851348732951026,1053
ThermoRoute,1,02266300,0.647753334474198,0.4630415418911949,-0.017639524366496753,1083
ThermoRoute,1,02330450,0.8081369102539776,0.5859669172898271,-0.03377492058097866,1064
ThermoRoute,1,02334430,0.3263298219081537,0.23357283576532947,-0.03522961876292113,1094
ThermoRoute,1,02334885,0.6387331686607984,0.45981529955454237,-0.04702753351636952,1094
ThermoRoute,1,02336120,0.8053959039621301,0.5859481164324569,0.01930495265658608,1086
ThermoRoute,1,02336300,0.8281074758796266,0.6099888666179201,0.06071566653907843,1090
ThermoRoute,1,02336728,0.7218399115559212,0.5441610092831097,-0.30779224281486833,1085
ThermoRoute,1,02397000,0.4316041357616094,0.33182712302488443,0.005469609008115893,1088
ThermoRoute,1,02455980,0.7537002808009372,0.5451948790182736,0.03889242366424186,1051
ThermoRoute,1,02458450,0.7649602531068725,0.559800226069939,0.025952687337789732,1091
ThermoRoute,1,02474560,0.5430660011067341,0.4167953987806542,0.06772368147447844,1086
ThermoRoute,1,03007800,0.757540007343435,0.5702679438734121,0.06074354469968071,1087
ThermoRoute,1,03034000,0.824774913416157,0.6345195312928056,0.013157311079426238,1060
ThermoRoute,1,03036000,0.5232216600090798,0.3920721564983967,0.009440546540113557,1079
ThermoRoute,1,03047000,0.5667934298169262,0.4293131196635579,0.031891169020342176,1090
ThermoRoute,1,03077500,0.2911570639598894,0.2183582810917869,0.04456665741745381,1024
ThermoRoute,1,03105500,0.7133080936627353,0.520726177554653,-0.06167082598031556,1086
ThermoRoute,1,03106000,0.7623463457030404,0.579678879423813,-0.017408007877546924,1041
ThermoRoute,1,03301900,0.9372957078026104,0.6959445726168291,-0.0094507639271936,1068
ThermoRoute,1,03353200,0.8930190358282727,0.6790565471474744,-0.019826258534265243,1073
ThermoRoute,1,03456991,0.7618174090523299,0.5750924337430474,0.0018575835139416964,1077
ThermoRoute,1,04027000,0.7188472192090785,0.5034738454416273,-0.017917038563355404,1061
ThermoRoute,1,04043238,0.796381887817825,0.5706155588869334,-0.02693755009989569,1081
ThermoRoute,1,04043244,0.7871344548313156,0.5815488034496402,0.011082142505481736,1083
ThermoRoute,1,04067500,0.4566080962434694,0.3441433943887019,-0.022187836792053925,1050
ThermoRoute,1,04077630,0.6987406466139108,0.5027891439126918,0.05713885218446475,1094
ThermoRoute,1,04124200,0.330989666265979,0.2549912643738282,0.044072103041868954,1092
ThermoRoute,1,04125460,0.5364728067214092,0.410820087478509,0.010810415647903394,1089
ThermoRoute,1,04137005,0.36223104894122266,0.2794955278377157,0.05230635736482501,1091
ThermoRoute,1,04176500,0.4620798685281577,0.34891195673921355,0.03416069357076758,1087
ThermoRoute,1,04208000,0.6699469498322588,0.5107766738104133,-0.006746688078229235,1040
ThermoRoute,1,05054000,0.36896372662607085,0.26238441145006763,0.03923904883705464,1076
ThermoRoute,1,05057000,0.5826828083209589,0.41081740049175725,0.041844585956176426,1067
ThermoRoute,1,05289800,0.7296461343854832,0.5286278310948993,0.060528969806708244,887
ThermoRoute,1,05331833,0.8186345517579415,0.6104988375474876,0.044955182217075854,1042
ThermoRoute,1,05370000,0.444521042415304,0.326275783148957,0.042329520833918416,1091
ThermoRoute,1,05382255,0.6559616769142836,0.491515772675302,0.030805408481978425,1094
ThermoRoute,1,05382257,1.3300849884786858,0.9507321364539009,-0.06738872525878767,1085
ThermoRoute,1,05406457,0.7871244968975734,0.57435565435264,0.04496993367451741,996
ThermoRoute,1,05458300,0.6786167754307552,0.4868659966299311,-0.01610015953917335,1060
ThermoRoute,1,05517000,0.6891309529643022,0.5245356088340745,-0.04380251567374908,1094
ThermoRoute,1,06036805,0.8288504853150851,0.6350625682707559,0.0314373206480395,1091
ThermoRoute,1,06036905,0.9645862756424216,0.7301053480430756,0.018262222872355717,1094
ThermoRoute,1,06036940,1.1677229822821602,0.8682377665034143,0.37217460220113346,1092
ThermoRoute,1,06041000,0.4340458394464619,0.3026918530743744,0.03009615254782376,1066
ThermoRoute,1,06623800,0.593951074970972,0.3887042613967347,0.05814137782564234,925
ThermoRoute,1,06894000,0.5938918422689488,0.43844392001906884,0.031171902043939544,1072
ThermoRoute,1,06934500,0.34749411232663363,0.2679434106963463,0.03472792728139422,887
ThermoRoute,1,07106000,1.1579108314459086,0.8555643154956799,-0.006947624219381929,896
ThermoRoute,1,07178200,0.650116340726107,0.47121739663400236,0.055614917719710645,929
ThermoRoute,1,07194880,0.7763857137929967,0.5686010445570806,-0.01167444195922611,517
ThermoRoute,1,07332622,0.9944695494078757,0.7015109380465299,0.04166907275897492,878
ThermoRoute,1,08048000,0.6382533068248069,0.45582789735233076,-0.015124875797944887,850
ThermoRoute,1,08052700,1.198230379900231,0.87168826063474,-0.025774918332299335,789
ThermoRoute,1,08065350,0.4725953735098357,0.3512278434611359,0.00562984073801862,913
ThermoRoute,1,08070200,0.6577079795459608,0.4854709113893055,0.03576156825111025,1050
ThermoRoute,1,08123850,0.9524862054964739,0.7116572481401585,0.06123023617531821,767
ThermoRoute,1,09136100,0.7304333780884162,0.551246658534058,-0.017756925114149117,1089
ThermoRoute,1,09144250,0.5811598572747219,0.44928592338120976,0.009834217514856403,1092
ThermoRoute,1,09149500,0.6896544641454064,0.5094247541150293,0.02676111507268665,1094
ThermoRoute,1,09163500,0.42792021577971145,0.32922409640163713,-0.007950110623095424,1094
ThermoRoute,1,09180000,0.6464802120728913,0.47823177862491656,-0.004573496182417512,1089
ThermoRoute,1,09261000,0.5191824924960124,0.3715621452197404,0.042623249663747566,1032
ThermoRoute,1,09302000,0.6144963707610422,0.43557771113501714,0.09815084366006445,1074
ThermoRoute,1,09380000,0.3005836742956262,0.21088938093051607,-0.01013764541097844,1069
ThermoRoute,1,10129900,0.638684842096895,0.45357347693585115,0.011694405424550606,1076
ThermoRoute,1,10301500,0.8237387445281122,0.6008716417424504,0.023166662215964546,1074
ThermoRoute,1,10351600,0.5402632074667266,0.40912092641248543,0.045438836164169154,1062
ThermoRoute,1,11262900,0.7106506304959627,0.526731165045129,0.05633293536798363,659
ThermoRoute,1,11467000,0.3809617644523406,0.2996496810773609,-0.011484072892713835,1094
ThermoRoute,1,11507500,0.4372530752290702,0.3277112628031911,0.03070938979467916,1094
ThermoRoute,1,12056500,0.33152972769547534,0.2473816229987078,0.0021475564664050315,1069
ThermoRoute,1,12115000,0.35744846480838494,0.27404367023513027,0.0027349061084473492,1017
ThermoRoute,1,12117600,0.4075849553253957,0.3091687476613186,0.011603531018035736,1094
ThermoRoute,1,12210700,0.584542732612714,0.45005594570784696,-0.021473002930987514,983
ThermoRoute,1,12212050,0.5152587073558632,0.37863151603383116,0.013475510121853045,979
ThermoRoute,1,12213100,0.6027597304235423,0.46198251811245333,-0.02550364170048125,1041
ThermoRoute,1,12363000,0.40823374687818026,0.30716234181132734,0.014669452534254763,1056
ThermoRoute,1,12398600,0.2823762089952517,0.21168551000746266,-0.0016964331188508925,1061
ThermoRoute,1,13018350,0.7205282145977016,0.5106543732744195,0.08288963093966137,1067
ThermoRoute,1,13154500,0.27334721292032144,0.2188856762113693,0.023501022293537146,1094
ThermoRoute,1,13317660,0.23453842403767874,0.1850504605818056,0.04677477458277393,1094
ThermoRoute,1,13342500,0.4249263289132996,0.3194123749868089,-0.00937354999442861,1094
ThermoRoute,1,14091500,0.38259303106061693,0.29804457031612636,0.03506029606737211,1094
ThermoRoute,1,14150800,0.5854755235786482,0.4568740049489456,-0.00380294168235178,1094
ThermoRoute,1,14151000,0.528906302545039,0.33375220614288414,0.0016158482568461598,1073
ThermoRoute,1,14152000,0.34824565364271265,0.26359783074794674,0.018105559471325985,1092
ThermoRoute,1,14153500,0.26090017995353326,0.18971130733770994,-0.015732173190810606,1086
ThermoRoute,1,14154500,0.5076054540745232,0.39281031417671536,-0.0009150613656932986,1089
ThermoRoute,1,14159500,0.35815001701379884,0.24445447574562743,-0.00042375217385005263,1085
ThermoRoute,1,14161500,0.41707191688973183,0.3216568796431066,0.06123743076954994,1089
ThermoRoute,1,14179000,0.4857088436251618,0.36137335412998495,-0.06158093458504845,985
ThermoRoute,1,14185000,0.48566407139057716,0.37730177479255494,-0.012831443460976203,1025
ThermoRoute,1,14210000,0.3041520164716258,0.22421250255668862,-0.023000303349074203,1088
ThermoRoute,1,14211499,0.6450560582152529,0.4874989821464098,-0.01162855312036103,1086
ThermoRoute,1,14211500,0.6406389258891546,0.4866176174323362,-0.012826081393356604,1064
ThermoRoute,1,14320934,0.464740810051572,0.3571554911391206,-0.042706832381012076,1077
ThermoRoute,1,255534081324000,0.7954540419510718,0.6005221606193857,0.07470498102881035,1068
ThermoRoute,3,01073319,1.5406707161277111,1.127178722136766,-0.011097930174483255,964
ThermoRoute,3,01104415,1.53024178946853,1.2157099620856737,-0.25000257854085217,950
ThermoRoute,3,01104455,1.5198434187807266,1.109184183118465,-0.007794023267173557,843
ThermoRoute,3,01104475,1.5160981044156623,1.2178890716026054,-0.285394771302,1081
ThermoRoute,3,01129500,1.3671438432982255,0.9967960250821483,-0.10443555006873366,1092
ThermoRoute,3,01400500,1.7299828671031243,1.344660693191733,-0.0713695372804921,955
ThermoRoute,3,01408029,1.7792952660558536,1.411733830080473,-0.22243162565179672,877
ThermoRoute,3,01425000,0.7752694054821894,0.5259459240111948,-0.014725489392526832,1065
ThermoRoute,3,01426500,1.200315093606345,0.9249715375848775,0.13392932216755513,926
ThermoRoute,3,01427207,1.4872458823808288,1.1380667879209618,0.041300582652476346,1070
ThermoRoute,3,01428500,1.523046368385834,1.1651523497153067,0.08553220021373104,1059
ThermoRoute,3,01463500,1.2844087076599204,1.0099237997718502,0.035460913408303936,1070
ThermoRoute,3,01480617,1.6784768242588022,1.335205316676034,-0.01174519355650302,1080
ThermoRoute,3,01540500,1.174807122437875,0.9101340512929732,-0.05335748739710091,923
ThermoRoute,3,01542500,1.6294282342010953,1.2779770072831904,0.28865100919043507,1082
ThermoRoute,3,01549700,1.6797555312287054,1.302018999376789,-0.07571593540647004,1075
ThermoRoute,3,02110701,1.7382746106774787,1.3344089136424242,-0.06703117702159861,1047
ThermoRoute,3,02176930,1.6247814173770838,1.2359706424233567,-0.2506020062183606,1048
ThermoRoute,3,02266300,1.4785750144346974,1.129825989080935,-0.216901040652245,1078
ThermoRoute,3,02330450,1.5012745098093507,1.1095088993556559,-0.15144043540008129,1058
ThermoRoute,3,02334430,0.42605248534411017,0.3108347412430759,-0.15165322778862472,1092
ThermoRoute,3,02334885,1.6054270604248766,1.1975446214606038,-0.15888229071438967,1092
ThermoRoute,3,02336120,1.7641649442397955,1.3256146090418486,-0.049522385921143296,1082
ThermoRoute,3,02336300,1.8179248706009197,1.3759352916951118,0.0448559533825237,1086
ThermoRoute,3,02336728,1.5779103555955944,1.1971602222654556,-0.8039333136876423,1080
ThermoRoute,3,02397000,1.084499652342942,0.8423536138350303,-0.016449254219314913,1087
ThermoRoute,3,02455980,1.470508789663765,1.1010408286754618,-0.024906181485981126,1039
ThermoRoute,3,02458450,1.5171116027206981,1.1595206754172551,-0.03963349996244213,1088
ThermoRoute,3,02474560,1.4906083456859966,1.1656055189104484,0.0598312953924295,1082
ThermoRoute,3,03007800,1.7203409485971988,1.3388771817212073,0.05761290903921051,1082
ThermoRoute,3,03034000,1.827728761063643,1.4361937755151934,-0.05066248516363773,1058
ThermoRoute,3,03036000,0.917630287372992,0.6718616920795631,-0.023513074381557943,1074
ThermoRoute,3,03047000,1.1617403962265476,0.8337150895255893,0.04341094248982914,1088
ThermoRoute,3,03077500,0.4724701098764601,0.352499627645865,0.08532604183837171,1019
ThermoRoute,3,03105500,1.662805760824131,1.2672930958586128,-0.15510898746977012,1082
ThermoRoute,3,03106000,1.8782256643176862,1.4621843360450906,-0.0964027267057499,1034
ThermoRoute,3,03301900,1.7807144571156077,1.371608315457293,-0.08852794721568402,1063
ThermoRoute,3,03353200,1.9693162906958104,1.5567682406891172,-0.13800522461115752,1070
ThermoRoute,3,03456991,1.5185166021314198,1.1751931592612985,-0.07198540588981979,1069
ThermoRoute,3,04027000,1.6595625756083199,1.149267981357102,-0.12085422742564009,1054
ThermoRoute,3,04043238,1.4530757179417275,1.0504393301433348,-0.13452434812059633,1076
ThermoRoute,3,04043244,1.3979345386611086,1.0384109879487415,-0.04640322805859626,1079
ThermoRoute,3,04067500,1.205829565033378,0.8668849167340719,-0.09161552277298896,1042
ThermoRoute,3,04077630,1.5278836406853633,1.089226008095393,0.06863206297213781,1092
ThermoRoute,3,04124200,0.5335921830194332,0.4019955455819402,0.0676862919768062,1090
ThermoRoute,3,04125460,1.2599707357276742,0.9726357127362133,-0.04462487442427515,1085
ThermoRoute,3,04137005,0.7652776739174462,0.5660432819331832,0.05128519139526523,1088
ThermoRoute,3,04176500,1.2683527929068537,0.952239754977219,-0.03072128009149117,1083
ThermoRoute,3,04208000,1.6190526011152977,1.2619216203339303,-0.0939380029739993,1021
ThermoRoute,3,05054000,0.9031856586859467,0.6377217307948414,0.01604960876401894,1068
ThermoRoute,3,05057000,1.4818765824835836,1.044285124374936,0.010053806128453904,1062
ThermoRoute,3,05289800,1.5206413232855072,1.1501960338682855,0.024423393118438608,861
ThermoRoute,3,05331833,1.479548081113963,1.1147238364360317,-0.0007796039289616263,1034
ThermoRoute,3,05370000,0.890406542697609,0.6371844692155718,0.03884238849448808,1088
ThermoRoute,3,05382255,1.1472622850534029,0.8796447821630117,0.037293987378696374,1092
ThermoRoute,3,05382257,1.7820124224613019,1.3290647707452619,-0.1818363609463803,1082
ThermoRoute,3,05406457,1.136297797130261,0.8850056257277029,0.019648547866215903,983
ThermoRoute,3,05458300,1.741007679020398,1.254052578146259,-0.1509883207160802,1050
ThermoRoute,3,05517000,1.724264521110666,1.3551621896170434,-0.19548640747592125,1092
ThermoRoute,3,06036805,1.3358382049405904,1.0509714489528803,0.03491618173635178,1088
ThermoRoute,3,06036905,1.6546180909506756,1.3060059781476254,-0.01571880487295299,1092
ThermoRoute,3,06036940,1.8182274892234391,1.3916002271809709,0.7735969730692172,1090
ThermoRoute,3,06041000,1.03478562449843,0.7025132265909311,0.025103036447219725,1059
ThermoRoute,3,06623800,0.8303294145551497,0.5671565094957655,0.0896008283712739,920
ThermoRoute,3,06894000,1.5674889876337976,1.2250533458125545,-0.02789481609667605,1064
ThermoRoute,3,06934500,0.9461017632523123,0.7377100684904251,0.024688352677212234,864
ThermoRoute,3,07106000,1.7881471423862398,1.37127511183157,-0.0857171690095792,866
ThermoRoute,3,07178200,1.5075664516981326,1.1700833343092638,0.06518246592602629,907
ThermoRoute,3,07194880,1.2238559069031567,0.9457584336487173,-0.10299308286075706,513
ThermoRoute,3,07332622,2.0008411911676514,1.4987403699307775,0.044391168750434945,865
ThermoRoute,3,08048000,1.4794645154589177,1.0943714458971137,-0.09855369315089946,830
ThermoRoute,3,08052700,2.376183372858451,1.8021445020203248,-0.1648603733955075,754
ThermoRoute,3,08065350,1.3449448961193642,1.0161349467020524,-0.09019460120551567,898
ThermoRoute,3,08070200,1.6047017382071371,1.2393974766781841,-0.050859226624094304,1037
ThermoRoute,3,08123850,2.0814579216282074,1.5977324918347264,0.007355430461367494,754
ThermoRoute,3,09136100,1.191009527554985,0.9318247161276879,-0.10215039080051783,1085
ThermoRoute,3,09144250,1.0841742127286302,0.8654454034416499,-0.05308941068862558,1090
ThermoRoute,3,09149500,1.1389845421734757,0.8872988798897782,0.004895808954378623,1092
ThermoRoute,3,09163500,1.0187363171312762,0.7919548306155322,-0.05926611435858893,1092
ThermoRoute,3,09180000,1.275774621461866,0.9856832621613961,-0.07892078343610767,1086
ThermoRoute,3,09261000,1.194511416559926,0.8914830712151813,0.035079550980895255,1023
ThermoRoute,3,09302000,1.2027802965569632,0.8979035782002519,0.12507268935241406,1068
ThermoRoute,3,09380000,0.5401313163383861,0.39348986591675494,-0.10683580903130224,1066
ThermoRoute,3,10129900,1.1367278935245724,0.8175983486611859,-0.0061741233873767835,1071
ThermoRoute,3,10301500,1.5738740924817496,1.211765748267997,-0.008001157138182152,1066
ThermoRoute,3,10351600,1.3132623626575437,1.0290722810270216,0.0792979050498498,1052
ThermoRoute,3,11262900,1.4168097089081408,1.0979158129428792,0.03156440389668284,652
ThermoRoute,3,11467000,0.9097377541743127,0.7236078137443179,-0.04222650868552071,1092
ThermoRoute,3,11507500,1.2383680111439717,0.9506880411707657,0.004452281063183778,1092
ThermoRoute,3,12056500,0.6058162489662521,0.47230264536091976,-0.01768584123799498,1065
ThermoRoute,3,12115000,0.5978486426406492,0.46403444632517904,-0.009947092104573693,1007
ThermoRoute,3,12117600,0.6827598572736822,0.5352056863980416,-0.04335759375994894,1092
ThermoRoute,3,12210700,1.036812490136194,0.8156460510692034,-0.05110745564056897,967
ThermoRoute,3,12212050,1.0309824299682937,0.7629247950045333,0.009924840889948574,962
ThermoRoute,3,12213100,1.1699012217580853,0.9266973439942706,-0.08697248603620605,1023
ThermoRoute,3,12363000,0.8023070619520212,0.6163714264571498,-0.019322872393065814,1057
ThermoRoute,3,12398600,0.5860771872778705,0.4347589207305795,0.00028477220733959046,1050
ThermoRoute,3,13018350,1.3384181463070448,0.9913493678875283,0.11568025706882605,1063
ThermoRoute,3,13154500,0.5637636545261167,0.43686459012083956,-0.00783454446128874,1092
ThermoRoute,3,13317660,0.5362573151142078,0.4196679344980707,0.061816232545035224,1092
ThermoRoute,3,13342500,0.877137406766653,0.6617264516624339,-0.09006734673793498,1092
ThermoRoute,3,14091500,0.6196269743520586,0.47597236266502974,0.03145073106437373,1092
ThermoRoute,3,14150800,1.273826377668587,0.9875958244442504,-0.04989310821770749,1092
ThermoRoute,3,14151000,1.15329023763908,0.7650495568612465,-0.00830203859429613,1064
ThermoRoute,3,14152000,0.6684314068450949,0.5214112822506406,0.005504115568388495,1090
ThermoRoute,3,14153500,0.5233303383226697,0.38321453749362294,-0.03323045865444954,1082
ThermoRoute,3,14154500,1.229666027509051,0.9415458214436665,-0.03616198749173413,1086
ThermoRoute,3,14159500,0.6016686500009797,0.4201180221857848,-0.0051824913643024485,1080
ThermoRoute,3,14161500,0.8344789111196178,0.6293716500257699,0.09216374290582227,1086
ThermoRoute,3,14179000,0.9034054835592228,0.6948594709825955,-0.162504497088256,979
ThermoRoute,3,14185000,1.0928616608425978,0.8368442130697734,-0.06440158639769186,1018
ThermoRoute,3,14210000,0.63076692344955,0.465867704273807,-0.07385780240510267,1086
ThermoRoute,3,14211499,1.3772900136739723,1.0496847930242084,-0.07536638015244236,1082
ThermoRoute,3,14211500,1.4780943930699162,1.1220826326551891,-0.07184124179113482,1050
ThermoRoute,3,14320934,1.072978310497319,0.8220795968890079,-0.13581676073546284,1071
ThermoRoute,3,255534081324000,1.7067171256281861,1.308743495598956,-0.0533425049245977,1059
ThermoRoute,7,01073319,1.8409670435942143,1.3693130947959917,-0.1445383871159667,954
ThermoRoute,7,01104415,1.649859515343959,1.2830137452314965,-0.46744447628530067,939
ThermoRoute,7,01104455,1.73240870329693,1.244523107505844,-0.10560266637516595,835
ThermoRoute,7,01104475,1.7441065506081805,1.3561598327080113,-0.5462530982095513,1076
ThermoRoute,7,01129500,1.6227610027373651,1.139144294604065,-0.2598594094741737,1088
ThermoRoute,7,01400500,2.12420732781333,1.640361533353121,-0.24070122431525418,952
ThermoRoute,7,01408029,1.9968855859149721,1.5603427018656908,-0.4818261770862285,856
ThermoRoute,7,01425000,0.994867605636562,0.6721581553419431,-0.07738536095077342,1056
ThermoRoute,7,01426500,1.3910532501823079,1.077458902158218,0.12370939252315256,914
ThermoRoute,7,01427207,1.8659792221098366,1.4416166208088679,-0.014045536198485918,1063
ThermoRoute,7,01428500,2.0685319467540637,1.6000508466484538,0.025523128080582973,1054
ThermoRoute,7,01463500,1.801254382148208,1.4210094582661286,-0.05549855456878682,1062
ThermoRoute,7,01480617,1.9396471305701326,1.5197450178706513,-0.3082744897962946,1076
ThermoRoute,7,01540500,1.7594654614113203,1.379003713109033,-0.17471797772316194,911
ThermoRoute,7,01542500,2.0633544914788438,1.6197757300507825,0.400809136823732,1078
ThermoRoute,7,01549700,2.147434538773709,1.6673126496569943,-0.24894893385665248,1068
ThermoRoute,7,02110701,2.143737476789023,1.6556851711659444,-0.23116625047350803,1037
ThermoRoute,7,02176930,1.9636703806739628,1.50134521192083,-0.4762699129833624,1040
ThermoRoute,7,02266300,1.7817430788031923,1.3673028944143608,-0.4252354346104523,1072
ThermoRoute,7,02330450,1.7697633454205353,1.3052447284176236,-0.3000464921111152,1050
ThermoRoute,7,02334430,0.42834600153007935,0.3282463533036849,-0.23302384895436903,1088
ThermoRoute,7,02334885,2.016921719389098,1.5020088990383287,-0.3619302561616196,1088
ThermoRoute,7,02336120,2.117096882652801,1.566052444698634,-0.18281727692595234,1080
ThermoRoute,7,02336300,2.1828606261893624,1.6432862324767545,-0.04020472324269097,1082
ThermoRoute,7,02336728,2.300872289993137,1.7548074084143654,-1.353982430497067,1076
ThermoRoute,7,02397000,1.530741101736035,1.1915926856606813,-0.11049332054617667,1082
ThermoRoute,7,02455980,1.73944377635346,1.2748605424159933,-0.1295329953074107,1029
ThermoRoute,7,02458450,1.8453828831282133,1.3731242910962262,-0.15353350208254324,1084
ThermoRoute,7,02474560,2.2177327606048958,1.7133155644716942,-0.0361726601474556,1074
ThermoRoute,7,03007800,2.098768170586497,1.6416290855638214,-0.00983627591444548,1078
ThermoRoute,7,03034000,2.165116055110436,1.713347773065886,-0.17550102895730135,1054
ThermoRoute,7,03036000,1.3801352330067431,0.9977779284231016,-0.13489789838824315,1070
ThermoRoute,7,03047000,1.7919451110590983,1.3143271261810707,-0.0023278675485866197,1085
ThermoRoute,7,03077500,0.6132158953775682,0.4657261842548257,0.14847970370018834,1010
ThermoRoute,7,03105500,2.099003866283538,1.5903830887545904,-0.33264599313099,1078
ThermoRoute,7,03106000,2.3311665040040457,1.8197381759362834,-0.22210960825896098,1023
ThermoRoute,7,03301900,2.092967864649197,1.6150810749553393,-0.23825727717571346,1055
ThermoRoute,7,03353200,2.3300107012263243,1.852432661173659,-0.2905261050147925,1066
ThermoRoute,7,03456991,1.8730728629326168,1.4698083044110606,-0.16404427990598497,1060
ThermoRoute,7,04027000,2.0145097406753485,1.3821335400639276,-0.26890542423276986,1047
ThermoRoute,7,04043238,1.7094248383165391,1.2209761656702511,-0.2764025893907587,1071
ThermoRoute,7,04043244,1.6257151286249374,1.2021683181144722,-0.14443825609098518,1071
ThermoRoute,7,04067500,1.7343199374126166,1.2157420724681087,-0.17236448497065715,1028
ThermoRoute,7,04077630,1.883485576507242,1.3516850922019596,0.04534437796503292,1088
ThermoRoute,7,04124200,0.8355588158605722,0.617869014815731,0.01748691175414274,1086
ThermoRoute,7,04125460,1.5450792760728833,1.1963125503421934,-0.15251057744854024,1080
ThermoRoute,7,04137005,1.3052739582502668,0.9553706409526487,-0.008509588412033258,1084
ThermoRoute,7,04176500,1.926829682032003,1.4720180885878402,-0.1567180420180305,1076
ThermoRoute,7,04208000,2.0069578094510825,1.5579588806936662,-0.2263491100025555,1008
ThermoRoute,7,05054000,1.509575404714595,1.061296803050275,-0.07078077627463877,1058
ThermoRoute,7,05057000,1.997568125036582,1.3945191594375432,-0.059731580743020825,1052
ThermoRoute,7,05289800,1.9584450181234903,1.4790105142001546,-0.06678995793806212,832
ThermoRoute,7,05331833,1.7414982598550124,1.3164697552949132,-0.09312470512876538,1022
ThermoRoute,7,05370000,1.229149923525367,0.885441918962556,0.0007133371495672875,1084
ThermoRoute,7,05382255,1.4243230467953656,1.1145467916215934,0.02406986546839643,1088
ThermoRoute,7,05382257,1.8825149504578227,1.412498134651078,-0.2928321582930429,1078
ThermoRoute,7,05406457,1.3089995430909378,1.0215016655769702,-0.03728438091572719,971
ThermoRoute,7,05458300,2.257219928797098,1.6514901870377146,-0.3838542094393158,1038
ThermoRoute,7,05517000,2.210014542954497,1.7373918910264312,-0.39123079950702105,1088
ThermoRoute,7,06036805,1.481110069834822,1.1950584588510522,-0.014372372577771058,1084
ThermoRoute,7,06036905,1.8425372784595597,1.4874485235003865,-0.10149155259132382,1088
ThermoRoute,7,06036940,2.1316765605382035,1.6423092086890347,1.0371471013372995,1086
ThermoRoute,7,06041000,1.5546139402802157,1.098391990722016,-0.03272768299970209,1056
ThermoRoute,7,06623800,0.9364776852385958,0.6340597945565701,0.09372070345337291,912
ThermoRoute,7,06894000,2.1455367354484305,1.6972990134693928,-0.15070919242802946,1057
ThermoRoute,7,06934500,1.5781091630955641,1.2414139990206985,-0.12679787670749992,840
ThermoRoute,7,07106000,1.8580684064704114,1.4540041719655998,-0.21993602129202608,844
ThermoRoute,7,07178200,2.0567367831326426,1.5980576147691399,0.038730688284652884,893
ThermoRoute,7,07194880,1.414707511168258,1.1078621920972767,-0.17606849387140555,505
ThermoRoute,7,07332622,2.426839743389187,1.8547230955020018,0.04144502501618469,848
ThermoRoute,7,08048000,1.980178746431822,1.482730839339007,-0.27072268415601436,799
ThermoRoute,7,08052700,2.7850369022106762,2.0880592207464836,-0.339791333294757,736
ThermoRoute,7,08065350,2.1377027662854484,1.5900102873415916,-0.20439862326571812,874
ThermoRoute,7,08070200,2.2226123801429045,1.6686037207531952,-0.1550634177077014,1027
ThermoRoute,7,08123850,2.4904973034916527,1.8804200147771513,0.021896984074391487,735
ThermoRoute,7,09136100,1.4102672128881169,1.122900173847598,-0.16876013209836352,1080
ThermoRoute,7,09144250,1.3133015347651322,1.0688718183250827,-0.09646562875881383,1086
ThermoRoute,7,09149500,1.3015751139314549,1.0326046925312016,-0.022876594429287807,1088
ThermoRoute,7,09163500,1.372041175490361,1.09254271565262,-0.1292825373891152,1088
ThermoRoute,7,09180000,1.5885532814044727,1.2611081378813318,-0.15379707996773082,1082
ThermoRoute,7,09261000,1.5815798690725285,1.2006002590071287,0.03169040541347896,1011
ThermoRoute,7,09302000,1.5307435409279657,1.1991419909033432,0.14337570881119596,1060
ThermoRoute,7,09380000,0.8295286732713607,0.6473589034093963,-0.3511744617630823,1063
ThermoRoute,7,10129900,1.320449898808187,0.9935459453811574,-0.023258895346687115,1067
ThermoRoute,7,10301500,1.908168149899501,1.526852880744439,-0.03692800913779237,1060
ThermoRoute,7,10351600,1.6791864535608796,1.3655567614068866,0.14871389769312274,1037
ThermoRoute,7,11262900,1.5949529245398795,1.26999266373796,-0.02342351999475649,643
ThermoRoute,7,11467000,1.2536055240911972,1.0111845967524193,-0.09306409560582217,1088
ThermoRoute,7,11507500,1.8058499918077793,1.384879455553806,-0.06125441722517067,1088
ThermoRoute,7,12056500,0.786753035370373,0.6212053353536094,-0.05440495891625179,1057
ThermoRoute,7,12115000,0.7089540621426169,0.5319274727439302,-0.0756857247694229,991
ThermoRoute,7,12117600,0.8378053703953736,0.66237629656406,-0.15403993405839977,1088
ThermoRoute,7,12210700,1.2183895287116524,0.9608124377655299,-0.12984009190332876,941
ThermoRoute,7,12212050,1.3266698093611222,0.9874513476769299,-0.055189806350004436,938
ThermoRoute,7,12213100,1.4206016018437122,1.1376616414463534,-0.21051616324635858,1013
ThermoRoute,7,12363000,1.0046292247539572,0.7686696325304844,-0.07545416106969233,1052
ThermoRoute,7,12398600,0.9703540972513216,0.7394466237013091,-0.05772049078027828,1042
ThermoRoute,7,13018350,1.461706550219659,1.1403778020398454,0.04864791989432407,1055
ThermoRoute,7,13154500,0.8430722515089332,0.6593742701937171,-0.09039534049875594,1088
ThermoRoute,7,13317660,0.7767275515534808,0.6201803617398528,0.028697149302153026,1088
ThermoRoute,7,13342500,1.1610220901790351,0.8638930246781777,-0.17831990091020566,1088
ThermoRoute,7,14091500,0.6473322454135249,0.49939709520515274,-0.00689465819912798,1088
ThermoRoute,7,14150800,1.623192936568061,1.2435719227527873,-0.15660080843988586,1088
ThermoRoute,7,14151000,1.6615665526515817,1.1962176540132723,-0.10239089596452126,1056
ThermoRoute,7,14152000,0.931682245450095,0.7309597653798197,-0.06725313149763076,1086
ThermoRoute,7,14153500,0.8842254940838865,0.6575578462657327,-0.06511671162713215,1078
ThermoRoute,7,14154500,1.6540556180196013,1.2660767206863643,-0.1624234807028568,1082
ThermoRoute,7,14159500,0.8504549443329583,0.6249836047342718,-0.07594126773146449,1076
ThermoRoute,7,14161500,1.0698045241213345,0.8098380564541561,0.1303274945058135,1082
ThermoRoute,7,14179000,1.1001856929933347,0.8518936583643246,-0.32679243922356854,967
ThermoRoute,7,14185000,1.388741653683951,1.0646356545670133,-0.1419791192231074,1006
ThermoRoute,7,14210000,0.9930122306934662,0.7715760672158543,-0.20479158081541218,1082
ThermoRoute,7,14211499,1.6754881911553294,1.2676355768321168,-0.1905495089830855,1074
ThermoRoute,7,14211500,1.8347199251947788,1.3827696793615534,-0.17896556801773145,1045
ThermoRoute,7,14320934,1.446084501765399,1.1103940746389835,-0.2920710020943692,1064
ThermoRoute,7,255534081324000,1.9067444621976875,1.4791246101444853,-0.2356219498058861,1049
ThermoRoute-ext,1,01073319,0.6534823618485405,0.4644702593636574,0.07155143178384941,970
ThermoRoute-ext,1,01104415,0.9669456453045572,0.736272870185596,-0.011434585277793582,961
ThermoRoute-ext,1,01104455,0.9484630309941796,0.6469999636681574,-0.04984277818562852,848
ThermoRoute-ext,1,01104475,0.8177819433333292,0.6197997524373878,-0.022639775144461097,1086
ThermoRoute-ext,1,01129500,0.6541723190729258,0.46726624678988077,0.07721523778267049,1094
ThermoRoute-ext,1,01400500,0.7277603807014985,0.5399400835055802,0.027699317443693562,979
ThermoRoute-ext,1,01408029,0.8725289706763929,0.6532974600892276,0.013945548592593171,891
ThermoRoute-ext,1,01425000,0.47692979509184946,0.34279598800548866,-0.016038886001750595,1072
ThermoRoute-ext,1,01426500,0.7700760386479625,0.5827323518501588,0.010408116934637147,932
ThermoRoute-ext,1,01427207,0.704114398569435,0.5203262220642298,0.061353038763454264,1076
ThermoRoute-ext,1,01428500,0.5859147831040147,0.4412507561122821,0.050149594217112514,1066
ThermoRoute-ext,1,01463500,0.48215356099166595,0.36617815071413684,0.04253964584996534,1075
ThermoRoute-ext,1,01480617,0.8125625607186043,0.6114356906897461,0.004820683919889046,1085
ThermoRoute-ext,1,01540500,0.42175229704889877,0.321954293066776,0.003146320877857121,930
ThermoRoute-ext,1,01542500,0.6491686155959094,0.4931768565903921,-0.0032633044757805815,1087
ThermoRoute-ext,1,01549700,0.7087764561733328,0.5252199420985437,0.021664956038271586,1081
ThermoRoute-ext,1,02110701,0.748481103956235,0.5487993971294625,0.014267325242208894,1049
ThermoRoute-ext,1,02176930,0.8084011135361711,0.5956276462175455,0.07202017292564299,1053
ThermoRoute-ext,1,02266300,0.6378568768166347,0.44594234649714565,0.02498058431806767,1083
ThermoRoute-ext,1,02330450,0.8116069461912406,0.5813640484796431,0.0315052044682933,1064
ThermoRoute-ext,1,02334430,0.3722382587602715,0.26742819597777767,-0.013335614753597624,1094
ThermoRoute-ext,1,02334885,0.6151490842945653,0.4440639078943996,0.04139603249987474,1094
ThermoRoute-ext,1,02336120,0.7958086733147749,0.5677163575894266,0.054876311663984156,1086
ThermoRoute-ext,1,02336300,0.8192588137688966,0.5915545792973368,0.06441550250447121,1090
ThermoRoute-ext,1,02336728,0.5690732165256613,0.3973346273360714,-0.029064283854401057,1085
ThermoRoute-ext,1,02397000,0.4092063845463473,0.3124638597754871,0.021670083964572262,1088
ThermoRoute-ext,1,02455980,0.7755186771734521,0.5529528568859445,0.009774754049662332,1051
ThermoRoute-ext,1,02458450,0.7823284154513359,0.5667814761755339,-0.016085222770488038,1091
ThermoRoute-ext,1,02474560,0.5139689187864722,0.3849824142719501,-0.009146289272202977,1086
ThermoRoute-ext,1,03007800,0.7666309946642593,0.5639949631100142,0.02042802432354919,1087
ThermoRoute-ext,1,03034000,0.8336861312243914,0.634131060837645,0.05401420212895523,1060
ThermoRoute-ext,1,03036000,0.6153986819483984,0.4755539044903538,-0.0009543735371683334,1079
ThermoRoute-ext,1,03047000,0.634318991165179,0.49114415394056826,-0.0232359966006848,1090
ThermoRoute-ext,1,03077500,0.4130969288484545,0.31447191210463643,-0.047904748423025015,1024
ThermoRoute-ext,1,03105500,0.7106333074071872,0.5170607423756278,-0.039289367603031734,1086
ThermoRoute-ext,1,03106000,0.7573662069673115,0.56918541326999,0.02571340076433894,1041
ThermoRoute-ext,1,03301900,0.9252588075858703,0.678188030795658,-0.05446802341982669,1068
ThermoRoute-ext,1,03353200,0.898629372383976,0.6684968404284395,0.0038596615722994725,1073
ThermoRoute-ext,1,03456991,0.775351770123873,0.5816918193242455,0.0626742668802692,1077
ThermoRoute-ext,1,04027000,0.7004825824101388,0.4636941620126336,0.034418260267278226,1061
ThermoRoute-ext,1,04043238,0.7953042463941916,0.5663518912762845,0.034137214185061784,1081
ThermoRoute-ext,1,04043244,0.7921723303613427,0.5832844095063824,0.030014506848021615,1083
ThermoRoute-ext,1,04067500,0.43960669328487667,0.3180276997843313,-0.0026782221096966702,1050
ThermoRoute-ext,1,04077630,0.6895401469563768,0.4639166677384288,0.06457389982662401,1094
ThermoRoute-ext,1,04124200,0.3958407602087631,0.3046104386558027,-0.007793641128601197,1092
ThermoRoute-ext,1,04125460,0.552921773774742,0.433354859571319,0.004164991200079719,1089
ThermoRoute-ext,1,04137005,0.3911642165033363,0.29762971255344384,-0.004514539209010952,1091
ThermoRoute-ext,1,04176500,0.4602789160826455,0.3450302648168698,0.0019308784066698393,1087
ThermoRoute-ext,1,04208000,0.6725420172661338,0.5095745056638351,-0.027016520038820255,1040
ThermoRoute-ext,1,05054000,0.35706289506121675,0.23815567390889372,-0.02261027747013895,1076
ThermoRoute-ext,1,05057000,0.5463593142936537,0.35986069586492847,0.046685582620982914,1067
ThermoRoute-ext,1,05289800,0.7339829472154914,0.5302929284292554,0.0006643970649197902,887
ThermoRoute-ext,1,05331833,0.8259337781976195,0.6013134381549715,0.043306955244685294,1042
ThermoRoute-ext,1,05370000,0.48441804852267345,0.35910611676033427,0.00872560901231008,1091
ThermoRoute-ext,1,05382255,0.6521058021407892,0.4886348830144409,0.01931969412828931,1094
ThermoRoute-ext,1,05382257,1.3327720714398967,0.9367487941249724,0.023242738565541595,1085
ThermoRoute-ext,1,05406457,0.7813725478359875,0.5696238172580917,-0.0006606167578792963,996
ThermoRoute-ext,1,05458300,0.6615860804074013,0.46818683337420225,0.009203481239811443,1060
ThermoRoute-ext,1,05517000,0.6744729759956971,0.5072290480969442,0.0026883392581133875,1094
ThermoRoute-ext,1,06036805,0.8461025719047434,0.6513232844996955,0.015676790798180264,1091
ThermoRoute-ext,1,06036905,0.9740651034661799,0.7391776865971372,-0.056538697265401824,1094
ThermoRoute-ext,1,06036940,1.1132331799285142,0.8466225622337817,0.021344537525386557,1092
ThermoRoute-ext,1,06041000,0.4315345657822305,0.2998070705619135,0.07345148932195739,1066
ThermoRoute-ext,1,06623800,0.5975690800542727,0.3803087509049455,0.07172773937191308,925
ThermoRoute-ext,1,06894000,0.5907592333056108,0.43518406000933546,0.004047046318205427,1072
ThermoRoute-ext,1,06934500,0.31121533587323935,0.23612788008628863,-0.009328975509159182,887
ThermoRoute-ext,1,07106000,1.184705566004716,0.8645482264242934,0.09048304674049305,896
ThermoRoute-ext,1,07178200,0.643557966478573,0.464468851181868,-0.004249598212596303,929
ThermoRoute-ext,1,07194880,0.7844899797429742,0.5787527617448994,-0.07001629226212347,517
ThermoRoute-ext,1,07332622,0.9983028294204075,0.7035334887173968,-0.008185975058407327,878
ThermoRoute-ext,1,08048000,0.6634575343884294,0.4897380978079403,-0.07368372423508589,850
ThermoRoute-ext,1,08052700,1.2161952113426324,0.8703037278204968,0.0197292849138209,789
ThermoRoute-ext,1,08065350,0.4777654841607256,0.35938971337718484,-0.04525444363973232,913
ThermoRoute-ext,1,08070200,0.6528679215644457,0.47679416456676665,0.014870420546758717,1050
ThermoRoute-ext,1,08123850,0.9560996590497508,0.7105798392438826,0.01615565553637809,767
ThermoRoute-ext,1,09136100,0.714853365548483,0.543272629980925,0.050488987476098854,1089
ThermoRoute-ext,1,09144250,0.5603311476162387,0.43187794843040433,0.043409781146371576,1092
ThermoRoute-ext,1,09149500,0.6841472797085384,0.5045964845563446,0.03666570177250687,1094
ThermoRoute-ext,1,09163500,0.42412974380766455,0.3245554628957342,0.02220828709153413,1094
ThermoRoute-ext,1,09180000,0.6517219913655133,0.48676342013556284,0.015280461447831678,1089
ThermoRoute-ext,1,09261000,0.5285347828111386,0.37510353831155585,0.05446337661886402,1032
ThermoRoute-ext,1,09302000,0.5915464092533814,0.41108342656888264,0.029367796033776927,1074
ThermoRoute-ext,1,09380000,0.3089897438753459,0.2227750787119424,-0.02934968143673676,1069
ThermoRoute-ext,1,10129900,0.6430039911746588,0.44895656402447853,0.012126724217017786,1076
ThermoRoute-ext,1,10301500,0.8150102593227271,0.5807085622539068,0.07928566698199986,1074
ThermoRoute-ext,1,10351600,0.5348384154908972,0.4008892301112245,-0.0030731647252587916,1062
ThermoRoute-ext,1,11262900,0.6807552870847464,0.4942137781875449,-0.014735240820506994,659
ThermoRoute-ext,1,11467000,0.3710089337601456,0.2877123927721376,-0.041471128882176266,1094
ThermoRoute-ext,1,11507500,0.4273264541098609,0.3211306661898628,0.02566455340172954,1094
ThermoRoute-ext,1,12056500,0.33450081201969795,0.25074365214837613,0.017657037200606567,1069
ThermoRoute-ext,1,12115000,0.32694339021387653,0.24910093289209329,0.02187361667993146,1017
ThermoRoute-ext,1,12117600,0.3616217850537632,0.2705974083713902,-0.015436703631385374,1094
ThermoRoute-ext,1,12210700,0.5746729592180095,0.44108371831294785,0.020027573084191532,983
ThermoRoute-ext,1,12212050,0.490253842833837,0.3597975297346788,-0.011319397242247021,979
ThermoRoute-ext,1,12213100,0.6051847607097952,0.4604591141167695,0.024076140122121344,1041
ThermoRoute-ext,1,12363000,0.4179624456413754,0.31179870177681246,0.0343784783035517,1056
ThermoRoute-ext,1,12398600,0.2762663165365298,0.20474885017396033,0.019213330921954874,1061
ThermoRoute-ext,1,13018350,0.720516952808653,0.4858339488858945,0.05592723915278351,1067
ThermoRoute-ext,1,13154500,0.2486463690054015,0.19116230900152514,-0.022491009623302635,1094
ThermoRoute-ext,1,13317660,0.2048119369552973,0.1588475655376148,0.022182863765486425,1094
ThermoRoute-ext,1,13342500,0.4149783666315119,0.30666899496938016,0.014105129928431952,1094
ThermoRoute-ext,1,14091500,0.3994181973251975,0.30318177160440896,0.011109475810523442,1094
ThermoRoute-ext,1,14150800,0.5835268891269868,0.4568701996227941,0.02597240471098933,1094
ThermoRoute-ext,1,14151000,0.5242779592862633,0.32607630439040153,-0.003990313235777948,1073
ThermoRoute-ext,1,14152000,0.34124399169390235,0.25261715270660734,-0.026495031559423638,1092
ThermoRoute-ext,1,14153500,0.3202657097902183,0.24893392642778145,-0.0261767054131018,1086
ThermoRoute-ext,1,14154500,0.5023910647328054,0.39020757554757474,0.03141589828102386,1089
ThermoRoute-ext,1,14159500,0.36343634145696296,0.25036368827116656,-0.008112518073227005,1085
ThermoRoute-ext,1,14161500,0.40610362474827555,0.30910959983769637,0.024264488053825396,1089
ThermoRoute-ext,1,14179000,0.47060166001597975,0.35126309330693356,0.002800044420406908,985
ThermoRoute-ext,1,14185000,0.49361980567684427,0.3877539677968839,-0.007978617179684514,1025
ThermoRoute-ext,1,14210000,0.3246672577338825,0.2453245943083483,0.016853118030463965,1088
ThermoRoute-ext,1,14211499,0.614452715569093,0.4650907316617325,-0.0028133788024303436,1086
ThermoRoute-ext,1,14211500,0.6184894058805502,0.4709740085373248,-0.025218196549361825,1064
ThermoRoute-ext,1,14320934,0.46955384885737145,0.3630378643893045,-0.02867812964245468,1077
ThermoRoute-ext,1,255534081324000,0.7772827311908935,0.5897423345944408,-0.02746965769078404,1068
ThermoRoute-ext,3,01073319,1.6496723198710512,1.188500853406876,0.13751101170616284,964
ThermoRoute-ext,3,01104415,1.6313295633386276,1.276467150242705,-0.026659809106274673,950
ThermoRoute-ext,3,01104455,1.5272875552840153,1.0935812445580606,-0.09300462387917591,843
ThermoRoute-ext,3,01104475,1.518014088224219,1.2066812575911063,-0.0749705999455553,1081
ThermoRoute-ext,3,01129500,1.4795068546674868,1.0640721420859816,0.15429310157942852,1092
ThermoRoute-ext,3,01400500,1.8323458073592138,1.4293953985069436,-0.027693616694804895,955
ThermoRoute-ext,3,01408029,1.9428370791623628,1.5334347841643146,-0.01616317686564294,877
ThermoRoute-ext,3,01425000,0.8598423670055817,0.564237881356002,-0.03539209645678741,1065
ThermoRoute-ext,3,01426500,1.2514776682564086,0.9628950729579956,0.055450560326323894,926
ThermoRoute-ext,3,01427207,1.5969274107698714,1.206006757500016,0.09825847632417056,1070
ThermoRoute-ext,3,01428500,1.602606696174102,1.2252925133710768,0.09888648356155365,1059
ThermoRoute-ext,3,01463500,1.3455928625306748,1.0608162329088304,0.06531140471869541,1070
ThermoRoute-ext,3,01480617,1.7770212728919608,1.4138417373211294,-0.013788071572780594,1080
ThermoRoute-ext,3,01540500,1.2014384544255008,0.9308738223247771,-0.01487925491928407,923
ThermoRoute-ext,3,01542500,1.6847747693768589,1.3076646705927557,-0.041909624649945125,1082
ThermoRoute-ext,3,01549700,1.7816552621185366,1.3715023944396958,0.040751803336275184,1075
ThermoRoute-ext,3,02110701,1.8992542992671684,1.4490717394645711,-0.07007835678749123,1047
ThermoRoute-ext,3,02176930,1.7195368672798017,1.3029130681211711,0.0625359117416025,1048
ThermoRoute-ext,3,02266300,1.558540331226359,1.1679793835570949,-0.19631865135150406,1078
ThermoRoute-ext,3,02330450,1.5968632587036242,1.190494628968897,-0.07023547936252024,1058
ThermoRoute-ext,3,02334430,0.515679333080388,0.3733447168336246,-0.0198770413905273,1092
ThermoRoute-ext,3,02334885,1.7037884731995792,1.2740863980391086,-0.043657929862375267,1092
ThermoRoute-ext,3,02336120,1.8936039489959808,1.4270573032651503,-0.033714525701818966,1082
ThermoRoute-ext,3,02336300,1.9484196593540202,1.4766844819483398,-0.021994566544204317,1086
ThermoRoute-ext,3,02336728,1.158694688393841,0.8706460466208281,-0.1502664072425278,1080
ThermoRoute-ext,3,02397000,1.102888896769133,0.8527883305062695,-0.016951465168016884,1087
ThermoRoute-ext,3,02455980,1.5836900614027698,1.1927468007980802,-0.1471549188322007,1039
ThermoRoute-ext,3,02458450,1.6103411855157963,1.2350143274840184,-0.1392531126737595,1088
ThermoRoute-ext,3,02474560,1.4916763190323001,1.150150755945724,-0.13609964265840996,1082
ThermoRoute-ext,3,03007800,1.8519441784927007,1.419719978666377,0.04743988718252198,1082
ThermoRoute-ext,3,03034000,1.945438180360822,1.5282720049748122,0.08151745824653847,1058
ThermoRoute-ext,3,03036000,1.0327304332096796,0.7796636066845232,-0.017882743014414653,1074
ThermoRoute-ext,3,03047000,1.2553090924772023,0.9258976730682393,-0.06081532296888975,1088
ThermoRoute-ext,3,03077500,0.6560907683775621,0.5067153753546434,-0.12872364390001684,1019
ThermoRoute-ext,3,03105500,1.7240354780862586,1.3281265719540678,-0.0803388502703577,1082
ThermoRoute-ext,3,03106000,2.0010505117687174,1.563450183249592,0.006100181426773694,1034
ThermoRoute-ext,3,03301900,1.8541203236475623,1.4657133129611963,-0.14918890570764373,1063
ThermoRoute-ext,3,03353200,2.101194213933769,1.666936226097223,0.003957358492869085,1070
ThermoRoute-ext,3,03456991,1.6051794588768042,1.2471846871112864,0.06471600873766936,1069
ThermoRoute-ext,3,04027000,1.7252984598203784,1.1574412757806496,0.08241788028956759,1054
ThermoRoute-ext,3,04043238,1.535387939698999,1.1092909335910055,0.12912293991496346,1076
ThermoRoute-ext,3,04043244,1.4895228220201557,1.1122723135948733,0.11370577719528659,1079
ThermoRoute-ext,3,04067500,1.2093810893998675,0.8781758113615857,0.03240338955253301,1042
ThermoRoute-ext,3,04077630,1.618242377576076,1.092700526212754,0.10949096775444431,1092
ThermoRoute-ext,3,04124200,0.6697104063807574,0.5061146444136944,0.00295022820113996,1090
ThermoRoute-ext,3,04125460,1.3326705573373938,1.0310358844512069,0.02868769190003793,1085
ThermoRoute-ext,3,04137005,0.8144041701345168,0.5969485548680976,0.024799227930934115,1088
ThermoRoute-ext,3,04176500,1.289156636267129,0.9714484133741312,-0.020554316503409453,1083
ThermoRoute-ext,3,04208000,1.7197173141961986,1.3509930251131559,-0.045218316987375766,1021
ThermoRoute-ext,3,05054000,0.9512126671602605,0.6472285910516503,-0.06330140528098196,1068
ThermoRoute-ext,3,05057000,1.533036546835153,1.026669780425324,0.061138519804079396,1062
ThermoRoute-ext,3,05289800,1.5807128261467915,1.1875197613523119,-0.0024187963027571934,861
ThermoRoute-ext,3,05331833,1.5401798882979412,1.1523333556834803,0.060290272739973505,1034
ThermoRoute-ext,3,05370000,0.9503495250118353,0.6707707791753553,0.027614354835275346,1088
ThermoRoute-ext,3,05382255,1.1811547011729497,0.9060733162153226,0.027102545803010254,1092
ThermoRoute-ext,3,05382257,1.9438441550106373,1.4099237982094177,0.06540847298398256,1082
ThermoRoute-ext,3,05406457,1.153184063687875,0.8858965357589333,-0.0656640328322883,983
ThermoRoute-ext,3,05458300,1.813021690341259,1.2974092643243218,-0.039944779157283755,1050
ThermoRoute-ext,3,05517000,1.7906071183424555,1.4276430616339486,0.003357651256597958,1092
ThermoRoute-ext,3,06036805,1.3678537278787744,1.070634888348115,0.11556791610029689,1088
ThermoRoute-ext,3,06036905,1.729548023133407,1.3460297326028565,-0.13046767248775495,1092
ThermoRoute-ext,3,06036940,1.7089043628951464,1.3395017636150397,-0.13351669014047043,1090
ThermoRoute-ext,3,06041000,1.0607674043328215,0.6960347728953258,0.16683372248727493,1059
ThermoRoute-ext,3,06623800,0.8862538937788067,0.5940642400709507,0.14102751566826002,920
ThermoRoute-ext,3,06894000,1.6739156429049786,1.325388638759242,-0.0801947488204429,1064
ThermoRoute-ext,3,06934500,0.9270916556401597,0.7285722300599984,-0.07727861441154443,864
ThermoRoute-ext,3,07106000,1.9382020395932138,1.4569848852520313,0.014182479481705321,866
ThermoRoute-ext,3,07178200,1.5595603789191,1.2191778435465257,-0.17860581024479052,907
ThermoRoute-ext,3,07194880,1.3195024227095458,1.0321401242856627,-0.1976805830094782,513
ThermoRoute-ext,3,07332622,2.146530208937104,1.5926619753000366,-0.15910904365984696,865
ThermoRoute-ext,3,08048000,1.606273971222893,1.2336828569619052,-0.3601757773433822,830
ThermoRoute-ext,3,08052700,2.6238452414269955,1.9661946913370718,-0.15762212440094833,754
ThermoRoute-ext,3,08065350,1.3926900508369264,1.079211354414976,-0.24614247882817533,898
ThermoRoute-ext,3,08070200,1.6846461079421675,1.288306654798605,-0.1769902470256692,1037
ThermoRoute-ext,3,08123850,2.254966993158743,1.7747769456327118,-0.2670787308513327,754
ThermoRoute-ext,3,09136100,1.2001173840079749,0.9447847277296852,0.010841204973135165,1085
ThermoRoute-ext,3,09144250,1.092417146325888,0.8670611572498028,0.01894030888282926,1090
ThermoRoute-ext,3,09149500,1.1910571095424434,0.9152665290558513,0.0046922711907943695,1092
ThermoRoute-ext,3,09163500,1.0489787173537128,0.8188236592678634,-0.019472058075770137,1092
ThermoRoute-ext,3,09180000,1.3292684690651764,1.0452266006275985,-0.04931732520022003,1086
ThermoRoute-ext,3,09261000,1.2434763386749146,0.9125959563545176,0.06636713463394292,1023
ThermoRoute-ext,3,09302000,1.2219438786057104,0.8824392871127188,0.017879511152258103,1068
ThermoRoute-ext,3,09380000,0.582752246808203,0.4356017297920098,-0.16171887820030914,1066
ThermoRoute-ext,3,10129900,1.131120636329857,0.803785333346252,0.07584927653064245,1071
ThermoRoute-ext,3,10301500,1.6422379539800052,1.2309177477800377,0.08122270944306371,1066
ThermoRoute-ext,3,10351600,1.3594854521489832,1.054539146849411,-0.06536183511349634,1052
ThermoRoute-ext,3,11262900,1.5117306968645003,1.1730248126515583,-0.17689482595291606,652
ThermoRoute-ext,3,11467000,0.9564574386996533,0.7290942256703917,-0.07636308774843323,1092
ThermoRoute-ext,3,11507500,1.2649931684158944,0.9593558953085661,0.06867975726887418,1092
ThermoRoute-ext,3,12056500,0.6231056817192102,0.4783934313590539,0.023566025635446193,1065
ThermoRoute-ext,3,12115000,0.5944957359601561,0.45542606277522646,0.0940251745557359,1007
ThermoRoute-ext,3,12117600,0.6757020235351008,0.5394368117982213,-0.06034610101154871,1092
ThermoRoute-ext,3,12210700,1.051004352237862,0.8259495238044454,-0.008210825044064651,967
ThermoRoute-ext,3,12212050,1.0352730208023635,0.7778642106204915,-0.04899545759272424,962
ThermoRoute-ext,3,12213100,1.1823883905131345,0.9269291569439664,-0.01196017116453873,1023
ThermoRoute-ext,3,12363000,0.8265000102327008,0.6185869804210783,0.07763816519317024,1057
ThermoRoute-ext,3,12398600,0.5921334599077606,0.4329112919753506,-0.002217827758618794,1050
ThermoRoute-ext,3,13018350,1.3962061898030893,0.9976424193769774,0.08480069387475467,1063
ThermoRoute-ext,3,13154500,0.5662248995896254,0.4398684513001214,-0.08304241629310576,1092
ThermoRoute-ext,3,13317660,0.5307066700388031,0.4104879534724868,0.00586494224848768,1092
ThermoRoute-ext,3,13342500,0.8769021085102591,0.6608397376406324,0.005700721736356005,1092
ThermoRoute-ext,3,14091500,0.7233736249398498,0.5471311540394038,0.02293112146985399,1092
ThermoRoute-ext,3,14150800,1.307058563527196,1.0043308464598744,-0.044633733876895544,1092
ThermoRoute-ext,3,14151000,1.1363693468262575,0.7473682667976036,-0.07308453626202462,1064
ThermoRoute-ext,3,14152000,0.6876529704437035,0.534639747252158,-0.0951896733100261,1090
ThermoRoute-ext,3,14153500,0.5980696367465053,0.460773048251041,-0.13612593762755615,1082
ThermoRoute-ext,3,14154500,1.2395159422920015,0.9450065217843591,-0.03455176351259203,1086
ThermoRoute-ext,3,14159500,0.6510941953589297,0.46560567758701465,-0.04410769868780067,1080
ThermoRoute-ext,3,14161500,0.8438286719358279,0.6396836114851809,-0.02235060269441831,1086
ThermoRoute-ext,3,14179000,0.9153067750694213,0.6895877343154417,0.0064123928973087805,979
ThermoRoute-ext,3,14185000,1.1268925421365703,0.8633043207213547,-0.091237485010638,1018
ThermoRoute-ext,3,14210000,0.6819036928769542,0.5100378076454992,-0.0478130236515024,1086
ThermoRoute-ext,3,14211499,1.3999290919527636,1.065872356733531,-0.045844956849617376,1082
ThermoRoute-ext,3,14211500,1.52371748298503,1.1544740715026856,-0.10774824923560732,1050
ThermoRoute-ext,3,14320934,1.0885090581165733,0.8447333470334749,-0.10605569940989092,1071
ThermoRoute-ext,3,255534081324000,1.8584916627257295,1.4324704641210682,-0.32886914639567516,1059
ThermoRoute-ext,7,01073319,2.0840584953224206,1.4966768729767959,0.17105818260578234,954
ThermoRoute-ext,7,01104415,1.744803891667994,1.3718106592742525,-0.02105151117165372,939
ThermoRoute-ext,7,01104455,1.8427731460251655,1.3279245526776344,-0.1717815349487487,835
ThermoRoute-ext,7,01104475,1.7024199096666945,1.3311383811071462,-0.07546140748772034,1076
ThermoRoute-ext,7,01129500,1.8246759322195987,1.334684760665165,0.26251834909472727,1088
ThermoRoute-ext,7,01400500,2.351388573348123,1.8228318656458198,-0.13562327982591726,952
ThermoRoute-ext,7,01408029,2.210661389418214,1.730734423680283,-0.06408802470035647,856
ThermoRoute-ext,7,01425000,1.2055596171268665,0.814993217113343,0.0616196078558763,1056
ThermoRoute-ext,7,01426500,1.4749811023265635,1.1365230111066962,0.1567087778980544,914
ThermoRoute-ext,7,01427207,2.0859698378984692,1.585844017732065,0.14984377737552182,1063
ThermoRoute-ext,7,01428500,2.278000053804356,1.7494095313693245,0.10796678508905802,1054
ThermoRoute-ext,7,01463500,1.959843227104336,1.5463884397906211,-0.007241590319660927,1062
ThermoRoute-ext,7,01480617,2.0828084000089877,1.631983165149352,-0.02383281403536245,1076
ThermoRoute-ext,7,01540500,1.9342295898949817,1.525333078820606,-0.07038905071800025,911
ThermoRoute-ext,7,01542500,2.252852185928525,1.7370358616441959,-0.04430487176406859,1078
ThermoRoute-ext,7,01549700,2.386341277336223,1.859845933131176,0.03566822673609194,1068
ThermoRoute-ext,7,02110701,2.4831386071407175,1.9055384864917484,-0.2880676328388681,1037
ThermoRoute-ext,7,02176930,2.1777700150007213,1.6673025261782684,0.047326726626891344,1040
ThermoRoute-ext,7,02266300,2.1038081814419076,1.5462525376633032,-0.657658972846928,1072
ThermoRoute-ext,7,02330450,1.9976467718067734,1.47835156980015,-0.13682499468894235,1050
ThermoRoute-ext,7,02334430,0.7033629323264494,0.5172315096153932,-0.017967174333684586,1088
ThermoRoute-ext,7,02334885,2.2475755022627006,1.677392696939847,-0.2116932399570942,1088
ThermoRoute-ext,7,02336120,2.3907337260621566,1.795942368209362,-0.20545508423337228,1080
ThermoRoute-ext,7,02336300,2.464436849803587,1.8633340519369201,-0.23454282321242437,1082
ThermoRoute-ext,7,02336728,1.4673243422358193,1.1029941128089082,-0.36816824820848204,1076
ThermoRoute-ext,7,02397000,1.6623073934013617,1.306568932929894,-0.18753738641298195,1082
ThermoRoute-ext,7,02455980,1.9743340207658369,1.4209641783763416,-0.3403812391764916,1029
ThermoRoute-ext,7,02458450,2.0465635448271566,1.514270944524955,-0.3898509176894747,1084
ThermoRoute-ext,7,02474560,2.4462264038652894,1.864914935527567,-0.4917983766818624,1074
ThermoRoute-ext,7,03007800,2.3324092235969727,1.811217619625226,0.15336586290033938,1078
ThermoRoute-ext,7,03034000,2.3888245202564806,1.879070898580879,0.1308028274641657,1054
ThermoRoute-ext,7,03036000,1.558510088074246,1.1782993813541447,-0.029653526839808857,1070
ThermoRoute-ext,7,03047000,1.9353596428237136,1.446202396516976,-0.08117822007100155,1085
ThermoRoute-ext,7,03077500,1.015133805348699,0.7434142899277186,-0.14716329499046404,1010
ThermoRoute-ext,7,03105500,2.232711082806868,1.706848389242045,-0.1459394650799888,1078
ThermoRoute-ext,7,03106000,2.6076488337392427,2.030723292901311,-0.02189532951729499,1023
ThermoRoute-ext,7,03301900,2.186688925442095,1.6988838696875277,-0.2284993514008997,1055
ThermoRoute-ext,7,03353200,2.55448191842363,2.032188370917517,-0.002693763348722988,1066
ThermoRoute-ext,7,03456991,2.0852785190834524,1.6246207214189026,0.07572088033523197,1060
ThermoRoute-ext,7,04027000,2.229464842911807,1.5281835836288098,0.15031628179210024,1047
ThermoRoute-ext,7,04043238,1.9725857257018402,1.4273621269815664,0.29794446851720774,1071
ThermoRoute-ext,7,04043244,1.8866906906791414,1.41888715454232,0.2796904935444993,1071
ThermoRoute-ext,7,04067500,1.8321839510625662,1.3179684736110007,0.07566647496407829,1028
ThermoRoute-ext,7,04077630,2.156951346733301,1.4921896291864172,0.18509663311740632,1088
ThermoRoute-ext,7,04124200,1.0034980650941636,0.7555634543162464,0.007545509083714514,1086
ThermoRoute-ext,7,04125460,1.728732826180867,1.36713607325874,0.13407252264519529,1080
ThermoRoute-ext,7,04137005,1.3734160997295335,1.0128029856707117,0.03688805567107521,1084
ThermoRoute-ext,7,04176500,2.026142864081698,1.5688698392125977,-0.07356479453220686,1076
ThermoRoute-ext,7,04208000,2.2125276194606003,1.7160058865294099,-0.055387966683696166,1008
ThermoRoute-ext,7,05054000,1.6783074508854747,1.1725028484235809,-0.12112269557815306,1058
ThermoRoute-ext,7,05057000,2.2124554865239965,1.497087369454244,0.09725870064582798,1052
ThermoRoute-ext,7,05289800,2.147363329580418,1.5955946745834528,-0.08972639184839162,832
ThermoRoute-ext,7,05331833,1.903420701938686,1.4498298926785618,0.14413947948416853,1022
ThermoRoute-ext,7,05370000,1.3268505553835237,0.9141976275897115,0.028296549150864547,1084
ThermoRoute-ext,7,05382255,1.5626667602371713,1.2013847968856093,0.05714065777000918,1088
ThermoRoute-ext,7,05382257,2.151154002453603,1.594563799245017,0.1032133005324454,1078
ThermoRoute-ext,7,05406457,1.362933699994186,1.0729766460697634,-0.10627767865370523,971
ThermoRoute-ext,7,05458300,2.480312292646274,1.7851846181258189,-0.10447710615677869,1038
ThermoRoute-ext,7,05517000,2.4160023669491166,1.9247375177876913,0.018848034942193878,1088
ThermoRoute-ext,7,06036805,1.5985760499386723,1.2679733221876226,0.2750457500234741,1084
ThermoRoute-ext,7,06036905,1.9688101892116847,1.5567291709868347,-0.17711500941830524,1088
ThermoRoute-ext,7,06036940,2.0601146130088503,1.6034150023486735,-0.4079460305623147,1086
ThermoRoute-ext,7,06041000,1.66287341034412,1.1292518649165604,0.25337141230984617,1056
ThermoRoute-ext,7,06623800,1.1408638020731319,0.7853171674779763,0.36446181806253697,912
ThermoRoute-ext,7,06894000,2.4066538041214622,1.898993225845393,-0.21183140605490733,1057
ThermoRoute-ext,7,06934500,1.6401673043514573,1.3044668411694111,-0.23899372684991074,840
ThermoRoute-ext,7,07106000,2.0799338472942077,1.5741147112595666,-0.08818430679351516,844
ThermoRoute-ext,7,07178200,2.26703750564896,1.7940310268225887,-0.4706344841175357,893
ThermoRoute-ext,7,07194880,1.599698463660378,1.2437541665181076,-0.30107230328097206,505
ThermoRoute-ext,7,07332622,2.8017652602561482,2.1422995552157036,-0.43764681720333,848
ThermoRoute-ext,7,08048000,2.3515900101869405,1.859534953860974,-0.8451541130772519,799
ThermoRoute-ext,7,08052700,3.3198935964721406,2.5078917528543134,-0.514380313075431,736
ThermoRoute-ext,7,08065350,2.3659712706755114,1.822228617471743,-0.5966839966566665,874
ThermoRoute-ext,7,08070200,2.5645936164649172,1.9300061887055782,-0.5225412157981747,1027
ThermoRoute-ext,7,08123850,2.9305596272788934,2.293843882100112,-0.5738378312636396,735
ThermoRoute-ext,7,09136100,1.4078865883804204,1.1207372947437344,0.029481422736964868,1080
ThermoRoute-ext,7,09144250,1.3236650061787638,1.061372526238362,0.04378901851083913,1086
ThermoRoute-ext,7,09149500,1.374469341691186,1.0788707449155694,0.018518431539482922,1088
ThermoRoute-ext,7,09163500,1.4577372293511872,1.1669920849860373,-0.08717106163556526,1088
ThermoRoute-ext,7,09180000,1.687363163177029,1.3532723209471227,-0.1279014650284693,1082
ThermoRoute-ext,7,09261000,1.706916082351797,1.2715516076553117,0.10786703845484198,1011
ThermoRoute-ext,7,09302000,1.561648611986069,1.1871866791565322,0.018007141648668713,1060
ThermoRoute-ext,7,09380000,0.7534606500027394,0.5595748091237452,-0.27846892878118823,1063
ThermoRoute-ext,7,10129900,1.392955623567909,1.0143816907492997,0.0790821044380238,1067
ThermoRoute-ext,7,10301500,2.0526637827126706,1.597419765490406,0.028492472059321868,1060
ThermoRoute-ext,7,10351600,1.7448799885214819,1.3560331441397377,-0.1375690283862696,1037
ThermoRoute-ext,7,11262900,1.8477165885229123,1.4824616743654337,-0.48027733836908176,643
ThermoRoute-ext,7,11467000,1.4207257778442277,1.1141615751035072,-0.22875514635268385,1088
ThermoRoute-ext,7,11507500,1.9080686449179172,1.4431851221056764,0.0779335096286719,1088
ThermoRoute-ext,7,12056500,0.8441534347439242,0.6557178006492477,0.0964164693285636,1057
ThermoRoute-ext,7,12115000,0.8169144170044293,0.6315671422286665,0.2844567604911796,991
ThermoRoute-ext,7,12117600,0.9028482201857962,0.7137244798681315,-0.09142943182412312,1088
ThermoRoute-ext,7,12210700,1.285894960072951,0.9941158569137803,0.009354037660848089,941
ThermoRoute-ext,7,12212050,1.3741440913827287,1.0626760083602182,-0.04369415282440591,938
ThermoRoute-ext,7,12213100,1.4544148590263102,1.1304517412865267,-0.04524438704372275,1013
ThermoRoute-ext,7,12363000,1.0758695205398774,0.8209007574379897,0.22382248059595042,1052
ThermoRoute-ext,7,12398600,0.9871580362217904,0.7472133115548891,0.04375169228712333,1042
ThermoRoute-ext,7,13018350,1.5844032419114844,1.1826022242705263,0.17144820762718743,1055
ThermoRoute-ext,7,13154500,0.9003428151197663,0.7097195820773349,-0.12229574121096555,1088
ThermoRoute-ext,7,13317660,0.7889222403876623,0.6270944751360839,-0.06891272462466186,1088
ThermoRoute-ext,7,13342500,1.2296930095947816,0.930097640492022,0.029726297638433805,1088
ThermoRoute-ext,7,14091500,0.8658170009095062,0.6690494552692945,0.11608722950605786,1088
ThermoRoute-ext,7,14150800,1.7594647192966637,1.3300626865862046,-0.10173288572798755,1088
ThermoRoute-ext,7,14151000,1.6310232112861898,1.1599293385942777,-0.15406413760149118,1056
ThermoRoute-ext,7,14152000,1.0136171083025192,0.7909298215342709,-0.18465548229041898,1086
ThermoRoute-ext,7,14153500,1.0107870425620957,0.7678446928512629,-0.24853941863454568,1078
ThermoRoute-ext,7,14154500,1.7105326577172624,1.3054983131325841,-0.11528651143618739,1082
ThermoRoute-ext,7,14159500,0.90331333527176,0.6644798444106234,-0.06616202663754886,1076
ThermoRoute-ext,7,14161500,1.1450042661112396,0.8644291063553745,-0.042166460882493595,1082
ThermoRoute-ext,7,14179000,1.1325378066747933,0.8578161217803917,0.03677961807832845,967
ThermoRoute-ext,7,14185000,1.5017869918832891,1.1460082058878116,-0.15692269854232757,1006
ThermoRoute-ext,7,14210000,1.0235691057305272,0.7912025200020584,-0.10881582403799965,1082
ThermoRoute-ext,7,14211499,1.8210615438275355,1.3965588764466166,-0.09858731629406717,1074
ThermoRoute-ext,7,14211500,2.021068561546636,1.5358216546483017,-0.14817176136673924,1045
ThermoRoute-ext,7,14320934,1.512280675589157,1.184677174172007,-0.15402164481636277,1064
ThermoRoute-ext,7,255534081324000,2.4593563080155114,1.8733891944412506,-0.8777266772391118,1049
